2019-04-01-00-00-00,강좌,1860,143492,171119,108016,22819,6351,1089,95812,191534,127568,28535,9119,190536,2404,177879,156376,93862,18736,4400,57,258584,39,453657
2019-04-01-00-00-00,국내숙박,9847,394355,1012226,801756,195208,48002,11077,332075,936408,854928,250841,76311,812341,9108,425618,1049889,775417,167638,34217,67,1649299,39,2461640
2019-04-01-00-00-00,국내여행,5390,179191,382697,389884,185899,54620,5270,141101,366886,408929,197278,78336,407252,5510,199074,390842,380062,180029,42402,66,790548,40,1197800
2019-04-01-00-00-00,국악/전통예술,254,11039,13737,10029,1684,674,0,12472,13808,8910,891,1336,7110,311,10706,13722,10291,1871,520,81,30310,27,37420
2019-04-01-00-00-00,뮤지컬,1508,30307,145815,72128,8006,2157,1404,29007,129752,84864,11099,3795,59782,1534,30723,150728,68255,7070,1637,77,200138,28,259920
2019-04-01-00-00-00,발레/무용,156,1971,3580,2979,692,152,91,2015,2946,2886,1172,421,1525,169,1962,3700,2997,601,101,84,8005,15,9530
2019-04-01-00-00-00,스포츠,163,5339,4484,2608,1182,244,227,5002,4927,2046,1591,227,7571,88,5731,3968,3262,705,265,46,6449,8,14020
2019-04-01-00-00-00,연극,10404,292924,217721,126596,40919,9706,4748,257522,255148,126876,41896,12080,251377,13546,312406,197191,126457,40360,8379,64,446893,38,698270
2019-04-01-00-00-00,오페라,858,10837,18539,17969,6844,1429,0,7285,19127,15484,11842,2733,17506,1248,12458,18268,19098,4569,830,69,38965,18,56471
2019-04-01-00-00-00,전시/행사,15947,203828,263127,157796,23385,5963,12396,164966,296764,157193,29415,9381,187613,17287,218837,250129,157997,21106,4690,72,482434,30,670047
2019-04-01-00-00-00,체험,11851,198316,183566,94046,16022,4883,7273,160423,184075,124463,24313,8036,152590,13835,214745,183363,80822,12411,3510,70,356044,35,508634
2019-04-01-00-00-00,콘서트,25974,234773,271989,169489,57840,15274,28610,215234,271524,165535,70013,24423,240355,24733,243689,272222,171350,52258,11087,69,534985,26,775340
2019-04-01-00-00-00,클래식,1909,27564,31652,24354,6437,1637,2096,24804,31297,23793,8589,2985,25262,1834,28583,31783,24560,5651,1151,73,68301,36,93563
2019-08-01-00-00-00,강좌,9946,149234,131150,93379,22030,5261,7480,121944,137726,109449,26057,8343,164400,11590,167318,126752,82734,19399,3247,60,246600,39,411000
2019-08-01-00-00-00,구기스포츠,4935,22841,65402,64422,19884,3937,6059,24691,68250,57256,22006,3139,132437,1832,17779,57619,83961,14096,6132,27,48983,34,181420
2019-08-01-00-00-00,국내숙박,28607,781181,1737963,1442654,334037,76578,31687,710765,1601531,1502948,431740,121908,1364316,27286,813308,1800897,1414488,289147,55893,69,3036704,39,4401020
2019-08-01-00-00-00,국내여행,11439,299964,488251,476511,177149,51775,10987,249694,459203,507366,203488,74351,511731,11589,326304,503453,460407,163453,39885,66,993359,40,1505090
2019-08-01-00-00-00,국악/전통예술,1322,10240,13377,11286,3580,883,1489,10171,9923,11164,5456,2482,8950,1273,10261,14361,11322,3043,423,78,31734,30,40684
2019-08-01-00-00-00,뮤지컬,2709,40124,294820,158297,11296,3885,2556,40839,253009,190191,18145,6389,102226,2709,39970,305605,150119,9507,3271,80,408904,33,511130
2019-08-01-00-00-00,발레/무용,202,2301,4766,4147,999,188,190,1522,4645,4265,1561,418,2142,203,2464,4793,4122,881,140,83,10460,24,12602
2019-08-01-00-00-00,스포츠,1818,9642,6876,4902,1581,396,2890,8031,7869,4175,1768,482,12607,779,11205,5915,5603,1402,310,50,12607,10,25214
2019-08-01-00-00-00,아웃도어스포츠,1439,115401,155891,93387,19681,3189,1828,94320,164993,98288,25904,3617,182807,1089,134304,147684,88992,14041,2800,53,206144,37,388950
2019-08-01-00-00-00,연극,27527,562992,289539,192006,51315,9402,11668,505673,353994,192686,56412,12347,385145,35683,592784,256235,191553,48596,7929,66,747635,38,1132780
2019-08-01-00-00-00,오페라,1268,13956,19279,19791,8371,3042,2024,18195,21230,12130,9101,3036,16427,1018,12531,18628,22354,8128,3049,75,49281,20,65708
2019-08-01-00-00-00,전시/행사,29782,318501,476038,312001,36873,8627,22218,316138,449447,313065,63109,17727,236365,31673,319092,482538,311647,30491,6264,80,945458,36,1181823
2019-08-01-00-00-00,체험,13597,158662,198703,146350,14667,3372,9528,154541,182644,159519,22911,6209,139177,14988,160108,204270,141800,11777,2355,74,396121,38,535298
2019-08-01-00-00-00,콘서트,18620,140708,122505,71679,19339,5639,17447,140822,127387,63618,21155,8023,128673,19187,140632,119969,75842,18393,4428,66,249778,29,378451
2019-08-01-00-00-00,클래식,3877,17533,23344,24207,4679,1350,3382,19250,23074,21575,5729,1987,17998,4034,16978,23434,25054,4342,1147,76,56992,36,74990
2019-02-01-00-00-00,강좌,6461,180361,259235,184264,37418,5249,7066,134530,270339,207886,45898,7201,269195,6124,210780,251832,168583,31765,3903,60,403793,39,672988
2019-02-01-00-00-00,국내숙박,18938,507486,1143692,1003727,233473,51488,21601,444161,1062021,1051072,300053,80192,976503,17755,538260,1183344,980646,201219,37581,67,1982597,39,2959100
2019-02-01-00-00-00,국내여행,12067,238929,400628,440584,192672,55911,10592,199241,377030,455869,211979,86079,442461,12738,258236,412159,433209,183152,41296,67,898329,40,1340790
2019-02-01-00-00-00,국악/전통예술,192,1817,4748,6814,6191,3628,175,809,2702,7001,7415,5291,11227,206,2760,6664,6638,5048,2072,52,12163,23,23390
2019-02-01-00-00-00,뮤지컬,1927,34138,179039,91816,10887,3340,1542,32596,158069,108323,15640,4946,70652,2055,34588,185077,87063,9506,2858,78,250495,28,321147
2019-02-01-00-00-00,발레/무용,87,860,2679,2551,433,102,0,626,1913,3512,383,279,1007,101,901,2810,2387,442,72,85,5705,19,6712
2019-02-01-00-00-00,스포츠,359,8872,7561,7919,1353,319,541,8552,7473,8104,1261,451,11607,214,9125,7629,7772,1427,214,56,14773,12,26380
2019-02-01-00-00-00,연극,20786,462899,278145,144535,49113,11311,9185,418717,334993,143858,44859,15179,328709,26683,485135,249528,144922,51240,9281,66,638081,38,966790
2019-02-01-00-00-00,오페라,1048,10491,15078,20586,8919,2096,2253,6008,16528,17279,13896,2253,20376,402,12895,14304,22361,6247,2014,65,37841,17,58217
2019-02-01-00-00-00,전시/행사,23526,222554,344447,201733,21559,5820,15411,188372,337315,232965,34920,10820,172141,25657,231571,346332,193618,18034,4508,79,647580,26,819721
2019-02-01-00-00-00,체험,27900,225201,184723,110971,18638,4345,16809,216796,176261,133782,22411,5603,182950,33045,229145,188668,100337,16866,3716,68,388770,33,571720
2019-02-01-00-00-00,콘서트,7230,49129,50307,29256,7754,1819,6445,52053,52591,23873,8234,2284,53828,7681,47441,48969,32355,7463,1557,63,91652,21,145480
2019-02-01-00-00-00,클래식,1435,14995,17520,13100,3268,1317,1570,14169,17515,11458,4936,1983,14458,1384,15325,17520,13756,2602,1053,71,36661,35,51635
2019-01-01-00-00-00,강좌,11379,226959,360594,232252,44016,6880,11908,186913,369415,254745,51690,7409,370474,11026,255627,354243,216198,38459,6439,57,502786,39,882080
2019-01-01-00-00-00,국내숙박,32465,641912,1256823,1001922,229185,52073,35037,562517,1179677,1062995,293473,80681,1060745,31179,680806,1294752,971707,197684,37930,67,2153635,39,3214380
2019-01-01-00-00-00,국내여행,18619,272392,415829,448378,175572,48134,16275,220534,389348,467687,208121,77235,468928,19860,298459,429345,438724,159298,33515,66,910272,40,1379200
2019-01-01-00-00-00,국악/전통예술,186,3577,11082,10310,2540,877,346,3248,9327,9430,4145,2074,7428,131,3688,11684,10613,1988,463,74,21140,22,28568
2019-01-01-00-00-00,뮤지컬,2234,36424,202477,102968,13006,3206,1873,37613,174879,120621,19815,5440,72056,2306,36100,209430,98500,11277,2630,80,288223,29,360279
2019-01-01-00-00-00,발레/무용,131,1200,4044,3579,313,80,0,1317,3262,3262,1004,502,1122,148,1185,4147,3620,222,24,88,8224,31,9346
2019-01-01-00-00-00,스포츠,268,5675,8112,12052,834,133,474,6888,6810,11797,872,238,11372,116,4792,9065,12238,810,57,57,15433,12,27076
2019-01-01-00-00-00,연극,30579,553475,314708,162375,53937,13315,14782,506083,374851,162601,53260,16700,361085,38027,576156,285934,162262,54276,11622,68,767305,38,1128390
2019-01-01-00-00-00,오페라,1769,11732,22127,16821,10841,2214,2365,14208,19730,15786,10258,3157,18341,1539,10762,23064,17221,11070,1847,72,47163,16,65504
2019-01-01-00-00-00,전시/행사,26536,236162,396939,230285,22588,5693,19099,218165,384084,250210,35534,11110,174458,28281,240385,399969,225602,19558,4407,81,743744,27,918202
2019-01-01-00-00-00,체험,29926,270564,239748,120730,18353,5547,16983,273715,227696,132372,25612,8492,205440,35404,269195,244884,115800,15271,4246,70,479360,33,684800
2019-01-01-00-00-00,콘서트,8122,52885,53448,28245,7620,1780,7575,56688,54923,23013,7803,2099,56277,8426,50649,52566,31348,7514,1597,63,95823,21,152100
2019-01-01-00-00-00,클래식,1434,16131,21523,18321,4052,1447,1466,17339,20611,15616,5404,2479,17616,1428,15666,21882,19365,3530,1044,72,45299,35,62915
2019-07-01-00-00-00,강좌,16104,149099,130457,94045,21639,4785,10986,135076,132995,107403,22637,7033,153968,19184,157547,128917,86014,21056,3412,63,262162,39,416130
2019-07-01-00-00-00,구기스포츠,3687,36204,69886,61747,14520,5025,4643,40999,74261,50800,14176,6190,143288,783,21741,56685,94742,15532,1548,25,47763,34,191050
2019-07-01-00-00-00,국내숙박,37020,833848,1754829,1490273,328212,70879,40180,730915,1621648,1564764,443335,113768,1399529,35214,881252,1815325,1455962,275843,51015,69,3115081,39,4514610
2019-07-01-00-00-00,국내여행,16117,337931,541210,551088,223208,63600,13517,272771,509496,580895,261680,94621,623873,17503,374324,558886,534451,201719,46271,64,1109107,40,1732980
2019-07-01-00-00-00,국악/전통예술,785,7425,12138,11208,4639,856,685,4461,12349,8577,9263,1715,7781,811,8203,12078,11900,3427,630,79,29270,29,37050
2019-07-01-00-00-00,뮤지컬,2398,37593,230153,123307,9795,3170,2276,38528,194836,148992,16094,5730,77219,2438,37350,238485,117292,8291,2560,81,329197,33,406416
2019-07-01-00-00-00,발레/무용,134,1630,3953,3547,615,214,24,1622,3002,3534,1307,606,1413,153,1631,4112,3549,500,149,86,8680,16,10093
2019-07-01-00-00-00,스포츠,2709,10036,10673,7008,1435,319,4254,8775,12234,5052,1329,531,19307,396,11919,8344,9930,1590,0,40,12871,8,32178
2019-07-01-00-00-00,아웃도어스포츠,1611,120988,151009,96311,19058,3929,2083,89827,163229,109317,23577,4912,180755,1179,148022,140478,85033,15128,3104,54,212190,37,392945
2019-07-01-00-00-00,연극,31893,532598,273033,179185,50965,9805,14438,491115,326800,173367,58615,13038,355568,40406,552855,246958,181986,47194,8189,67,721912,38,1077480
2019-07-01-00-00-00,오페라,453,14678,19197,17837,5193,2259,0,16931,18398,18398,2206,3678,18481,650,13682,19548,17593,6516,1628,69,41136,17,59617
2019-07-01-00-00-00,전시/행사,27004,273521,431325,281326,33228,8439,22363,274048,408329,279111,54219,16667,210968,28164,273415,437232,281854,27953,6329,80,843874,35,1054842
2019-07-01-00-00-00,체험,13512,137648,162100,104870,13773,3966,8282,139086,147193,112760,22055,6451,117685,15430,137125,167636,101950,10722,3008,73,318185,37,435870
2019-07-01-00-00-00,콘서트,13825,150562,147409,84678,28082,7517,13998,144557,154494,76556,31106,11276,151211,13739,153716,143693,88955,26440,5530,65,280820,27,432030
2019-07-01-00-00-00,클래식,2583,24164,24614,19365,4198,1249,2285,22976,26495,15929,6232,2255,17521,2674,24522,24042,20401,3588,952,77,58659,36,76180
2019-06-01-00-00-00,강좌,13955,133479,123429,90880,19289,5566,9277,112257,128956,104835,22730,8466,154624,17009,147395,119795,81680,17009,3672,60,231936,39,386560
2019-06-01-00-00-00,구기스포츠,6005,27053,69957,64215,17489,3558,7794,33040,72781,54219,16717,3709,139312,1035,10335,62069,92059,19654,3106,26,48948,34,188260
2019-06-01-00-00-00,국내숙박,17979,592319,1337295,1037539,229148,54590,18959,523673,1242824,1099975,299428,83683,1046038,17652,625008,1382078,1007793,195805,40861,68,2222832,39,3268870
2019-06-01-00-00-00,국내여행,7219,250539,434232,418055,177142,49733,6952,197597,405087,449071,203747,74333,467922,7353,279416,450141,400942,162569,36364,65,868998,40,1336920
2019-06-01-00-00-00,국악/전통예술,1396,10303,12666,11001,2899,1179,1290,8509,12635,9538,5156,2319,8284,1424,10777,12674,11388,2304,880,79,31162,28,39446
2019-06-01-00-00-00,뮤지컬,2017,33657,148501,77534,8585,2235,1744,30523,130595,94349,11582,3706,59956,2071,34529,153542,72792,7740,1826,78,212572,30,272528
2019-06-01-00-00-00,발레/무용,57,924,2309,2063,457,92,27,1080,1871,2424,475,27,1004,63,893,2397,1990,454,106,83,4899,14,5903
2019-06-01-00-00-00,스포츠,584,8532,9820,6546,1755,701,0,8851,11340,5255,1660,830,11734,1011,8300,8705,7490,1822,606,57,15925,8,27938
2019-06-01-00-00-00,아웃도어스포츠,468,80928,102423,60657,12152,3591,781,63233,105129,73798,12803,4450,124906,208,96984,99951,48739,11528,2810,52,135314,36,260220
2019-06-01-00-00-00,연극,13391,379543,221342,119118,37137,8019,6306,332986,275607,118340,36670,8642,280278,17440,405780,190667,119507,37370,7708,64,498272,38,778550
2019-06-01-00-00-00,오페라,706,12723,24034,20144,4949,2824,2419,3635,23008,24217,3635,8473,18307,0,16469,24452,18464,5492,497,71,46421,18,65381
2019-06-01-00-00-00,전시/행사,15543,197663,285600,178713,25622,6601,14337,187585,283258,180771,33358,10504,163241,15898,200715,286310,178074,23280,5394,77,546501,33,709742
2019-06-01-00-00-00,체험,8330,119185,165997,94844,14385,3617,5689,119916,150637,105856,19343,4917,121907,9468,118859,172580,90130,12272,3088,70,284450,37,406357
2019-06-01-00-00-00,콘서트,12334,155104,169785,107564,42097,12534,12834,135279,181271,104068,47390,18477,164792,12085,164742,164143,109262,39500,9588,67,334577,27,499369
2019-06-01-00-00-00,클래식,2130,23344,23173,16847,4810,1179,2380,22151,23852,15418,5554,2123,17154,2051,23730,22958,17305,4567,872,76,54323,36,71477
2019-03-01-00-00-00,강좌,3211,161304,227448,157509,29949,4379,4087,117110,240409,180102,35904,6188,239358,2569,192070,218458,141747,25804,3153,59,344442,39,583800
2019-03-01-00-00-00,국내숙박,10424,467990,1144737,827075,232898,59802,11521,386517,1061893,905256,286664,91349,932688,9876,509412,1186708,787573,205466,43891,66,1810512,39,2743200
2019-03-01-00-00-00,국내여행,6318,200394,400789,379435,210376,66335,6697,157435,387522,404958,210376,96533,429597,6065,222000,407485,366547,210502,51046,66,833923,40,1263520
2019-03-01-00-00-00,국악/전통예술,277,3955,7860,10239,8372,4386,189,2562,5979,10267,9622,6471,15089,340,4997,9271,10222,7439,2825,56,19650,23,35090
2019-03-01-00-00-00,뮤지컬,1187,27866,147592,66091,7428,2476,985,27184,129529,81906,9676,3385,60634,1238,28068,153150,61240,6745,2173,76,192006,28,252640
2019-03-01-00-00-00,발레/무용,56,1047,2403,2186,291,152,0,611,1621,2869,452,584,982,67,1133,2556,2052,260,67,84,5154,13,6136
2019-03-01-00-00-00,스포츠,35,6164,4801,3541,1056,170,0,5375,5590,3441,1290,71,7569,65,6878,4089,3635,844,260,52,8199,11,15768
2019-03-01-00-00-00,연극,13122,387052,262183,129610,44360,10328,9566,349464,299601,127663,46307,13884,313231,15238,408978,240172,130710,43175,8296,63,533339,38,846570
2019-03-01-00-00-00,오페라,0,13336,19382,19879,9063,3776,0,13774,17223,16359,9469,8611,19631,0,13159,20272,21339,8893,1780,70,45805,19,65436
2019-03-01-00-00-00,전시/행사,12873,213796,276640,160157,22909,5745,14396,189918,279201,169362,29761,9551,166109,12389,221409,275810,157250,20764,4499,76,526011,26,692120
2019-03-01-00-00-00,체험,12724,176190,155931,86583,14709,5098,6407,153856,157601,104450,19672,9159,148893,15882,187379,155119,77605,12182,3023,67,302297,33,451190
2019-03-01-00-00-00,콘서트,11476,90543,86771,55587,15539,3905,11951,89620,89594,49546,17676,5435,87061,11265,91018,85399,58515,14484,3166,67,176760,24,263821
2019-03-01-00-00-00,클래식,1450,26273,24551,15226,4747,1347,1568,24234,25345,14792,5880,1781,20606,1398,27104,24227,15396,4290,1170,71,52251,36,73593
2019-05-01-00-00-00,강좌,4963,140279,145453,97712,25196,6982,3744,109700,151300,115420,31337,9128,159839,5721,159166,141836,86818,21410,5636,62,260789,39,420628
2019-05-01-00-00-00,구기스포츠,2444,28651,64592,90798,17067,1828,2649,34524,70815,76134,20353,883,141712,1951,15650,50852,123228,9776,3902,31,63668,34,205380
2019-05-01-00-00-00,국내숙박,13193,476124,1206729,967201,216367,52479,14952,416902,1114084,1026130,279107,80625,967494,12607,505149,1252172,937883,185290,38407,67,1964306,39,2931800
2019-05-01-00-00-00,국내여행,8385,226679,468033,450564,189226,54643,8385,180980,449026,481449,200825,76864,503111,8385,251835,478654,433514,182937,42205,64,894419,40,1397530
2019-05-01-00-00-00,국악/전통예술,1913,15790,13301,13784,3446,576,1108,12759,14975,14423,4437,1108,8298,2084,16425,12954,13647,3241,464,83,40512,27,48810
2019-05-01-00-00-00,뮤지컬,2223,36849,137954,73776,8421,2301,1752,34913,125741,83871,12056,3191,62766,2354,37450,141772,70638,7297,2014,76,198758,30,261524
2019-05-01-00-00-00,발레/무용,89,1022,1757,1766,367,69,0,1115,1505,1505,780,167,913,109,1002,1811,1823,278,48,82,4158,14,5071
2019-05-01-00-00-00,스포츠,97,6437,6920,4228,1635,866,0,5301,7866,4276,1709,1025,11301,220,7896,5703,4167,1536,658,44,8879,8,20180
2019-05-01-00-00-00,아웃도어스포츠,708,56606,80086,58752,8709,3458,1125,43522,79336,68231,11105,4979,110420,250,71127,80919,48252,6042,1750,47,97920,36,208340
2019-05-01-00-00-00,연극,24379,495995,303768,184677,58035,11866,13484,440226,364715,182088,63105,14994,388339,30528,527278,269572,186079,55230,10032,64,690381,38,1078720
2019-05-01-00-00-00,오페라,0,6889,24483,22958,4976,3445,0,8257,31373,19815,1650,1650,14431,0,6475,22406,23906,5973,3984,77,48314,19,62745
2019-05-01-00-00-00,전시/행사,21056,221120,264801,176082,24767,5853,16559,197709,276079,177867,34617,10849,178438,22555,228971,261090,175440,21484,4211,75,535313,31,713750
2019-05-01-00-00-00,체험,16629,206375,198313,116065,17357,5151,9238,176757,205591,139188,22060,6999,179164,20100,220204,194953,105259,15173,4255,68,380725,35,559889
2019-05-01-00-00-00,콘서트,18743,283720,298680,177368,63106,18055,20462,249416,308223,175648,77206,28888,275122,17969,299797,294209,178142,56572,13068,68,584635,27,859757
2019-05-01-00-00-00,클래식,4029,37023,37903,30213,7238,2448,3399,38128,37178,26980,9437,3720,30902,4243,36643,38152,31342,6466,1997,74,87952,38,118854
2019-10-01-00-00-00,강좌,3678,212539,154770,93666,21283,4463,3923,172425,157124,124218,26138,6522,191256,3482,238383,153250,73903,18194,3139,61,299144,39,490400
2019-10-01-00-00-00,구기스포츠,3147,25253,61927,80012,20843,3069,4157,23621,62374,79293,21503,3302,143745,311,29856,60625,82051,18998,2409,26,50505,34,194250
2019-10-01-00-00-00,국내숙박,19443,522001,1335650,1071684,277148,69534,18784,452137,1218991,1137593,354591,113034,1054547,19773,555615,1391673,1040047,240239,48443,68,2240913,39,3295460
2019-10-01-00-00-00,국내여행,8919,205412,444517,464903,224524,67385,7786,155864,419035,491092,242503,99238,467168,9485,229195,456833,452303,215888,51955,67,948492,40,1415660
2019-10-01-00-00-00,국악/전통예술,3273,15223,18646,13191,4858,2234,781,12846,22970,10515,6231,4089,14356,4123,16039,17170,14109,4393,1596,75,43069,36,57425
2019-10-01-00-00-00,뮤지컬,7013,74527,364986,167607,17660,5738,5164,62095,326288,209747,25182,8989,146632,7587,78161,376270,155239,15428,4781,77,490898,38,637530
2019-10-01-00-00-00,발레/무용,1295,19808,34942,29791,4592,1405,0,15639,33133,30948,9587,2525,14693,1543,20626,35291,29570,3618,1185,84,77140,39,91833
2019-10-01-00-00-00,스포츠,40647,319794,583788,365540,81152,25351,34840,348828,620894,320927,76762,14021,1033879,55943,242324,484507,484507,93191,55943,27,382394,15,1416273
2019-10-01-00-00-00,아웃도어스포츠,1066,40368,72600,40860,6742,2378,722,33085,70845,47766,7890,3723,83655,1427,48061,74453,33577,5544,951,49,80375,37,164030
2019-10-01-00-00-00,연극,27978,433566,254900,165803,45159,11454,13707,394321,300060,170215,44502,16055,328601,35677,454972,230396,163456,45441,9013,65,610259,38,938860
2019-10-01-00-00-00,오페라,1311,28817,28928,23277,8218,1782,194,26906,30774,20128,12197,2133,28623,1810,29657,28115,24671,6445,1634,69,63709,31,92332
2019-10-01-00-00-00,전시/행사,33589,372857,444504,297705,43858,15707,26339,343859,461178,291302,64640,20661,302055,36005,382522,438946,299759,36972,14136,75,906165,36,1208220
2019-10-01-00-00-00,체험,28205,278292,301869,219001,36675,9256,16416,261788,299773,234195,45232,15805,244499,33007,285016,302742,212801,33182,6636,71,619979,38,873210
2019-10-01-00-00-00,콘서트,28616,230969,264525,184948,61074,13877,25872,229009,285536,167073,58409,18189,258723,29949,231989,254098,193729,62407,11760,67,525287,38,784010
2019-10-01-00-00-00,클래식,5105,33994,35693,28430,9006,2513,3121,33180,38159,24403,11771,4096,32124,5874,34304,34740,29979,7939,1905,72,82606,40,114730
2019-09-01-00-00-00,강좌,5571,247876,163069,95300,23473,5517,4705,199361,173400,128184,27530,7680,200118,6112,276920,156903,75612,21039,4219,63,340742,39,540860
2019-09-01-00-00-00,구기스포츠,1612,21187,60018,75058,17485,1772,2037,19416,62658,75218,16741,1081,127548,549,25704,53304,74633,19416,3561,28,49602,34,177150
2019-09-01-00-00-00,국내숙박,14801,494114,1154167,904832,222579,55787,15370,434342,1069347,952081,287190,87950,910810,14516,522292,1194014,882916,192124,40417,68,1935470,39,2846280
2019-09-01-00-00-00,국내여행,6275,179996,363844,349863,154455,46458,6055,144657,342377,375844,166565,65393,363294,6385,197830,374633,336762,148290,36990,67,737596,40,1100890
2019-09-01-00-00-00,국악/전통예술,1412,9975,10950,9070,2453,840,1176,8702,11054,9292,2824,1648,9715,1506,10485,10909,8980,2304,517,71,24635,35,34697
2019-09-01-00-00-00,뮤지컬,3346,48476,220124,101542,11633,3929,2918,43223,192074,129670,15329,5836,93372,3501,50110,228917,92711,10504,3346,76,295678,36,389050
2019-09-01-00-00-00,발레/무용,618,5805,10948,8250,1919,275,245,3905,11833,7199,3661,976,5285,704,6245,10743,8495,1519,111,81,22531,36,27816
2019-09-01-00-00-00,스포츠,786,6493,6098,5509,1770,591,733,5862,7326,5129,1098,1098,11473,850,7224,4674,5949,2550,0,46,9774,13,21247
2019-09-01-00-00-00,아웃도어스포츠,409,50639,89888,44740,6931,2064,584,36018,93802,54124,7496,2667,101239,214,66818,85586,34363,6327,1382,48,93451,37,194690
2019-09-01-00-00-00,연극,18545,433732,250052,136207,40108,8607,10204,390962,290338,142329,42592,10826,319442,23248,457956,227248,132657,38777,7365,64,567898,38,887340
2019-09-01-00-00-00,오페라,543,14039,19217,21128,7767,1227,479,11053,18744,20188,11053,2404,17900,569,15221,19409,21499,6470,761,72,46028,23,63928
2019-09-01-00-00-00,전시/행사,22630,294002,343293,210905,36922,8429,19881,269174,343384,213103,54879,15758,229045,23546,302248,343201,210172,30875,5955,75,687135,36,916180
2019-09-01-00-00-00,체험,17210,250654,226680,145785,22300,6964,10648,238198,222126,155830,32612,10246,207595,20157,256346,228756,141231,17679,5491,69,462065,38,669660
2019-09-01-00-00-00,콘서트,18896,145768,166991,101367,26063,6376,17779,139997,171878,97877,29042,8843,158241,19454,148654,164478,103089,24527,5166,66,307174,31,465415
2019-09-01-00-00-00,클래식,2141,23448,29085,19579,5094,1768,1930,23935,29175,16603,6391,3074,21088,2214,23278,29045,20650,4623,1290,74,60020,40,81108
2020-01-01-00-00-00,뮤지컬,1261,25320,117724,81199,13339,3662,48506,1552,24302,140983,66308,7591,1770,194024,1504,24520,136302,69315,8755,0.89,2159,8,242530
2020-01-01-00-00-00,콘서트,7755,58037,56230,23560,7988,2149,57616,8627,51855,53817,32094,7693,1635,98104,8315,54144,54720,28917,7802,1.17,1822,6,155720
2020-01-01-00-00-00,연극,8723,298634,221195,95949,31428,9855,213072,22439,339983,168726,95749,32027,6858,452778,18045,326599,185706,95816,31828,1.18,7857,14,665850
2020-01-01-00-00-00,전시/행사,6017,68728,120997,78823,11194,3500,54959,8909,75728,126002,71071,6161,1388,234301,8360,74398,125047,72546,7116,0.62,1793,5,289260
2020-01-01-00-00-00,클래식,997,11790,14015,10618,3675,1686,11978,971,10652,14879,13168,2400,710,30802,975,10969,14635,12458,2755,2.3,984,12,42780
2020-01-01-00-00-00,오페라,2775,16673,23153,18526,12038,3705,21524,1806,12630,27066,20209,12991,2168,55346,2075,13767,25967,19740,12722,3.38,2598,4,76870
2020-01-01-00-00-00,발레/무용,0,94,234,234,72,36,80,11,85,297,259,16,2,590,9,86,290,257,22,0.86,6,2,670
2020-01-01-00-00-00,국악/전통예술,130,1226,3520,3558,1564,783,2803,50,1392,4409,4005,750,175,7977,70,1350,4182,3891,958,3.07,331,6,10780
2020-01-01-00-00-00,스포츠,501,7276,7193,12461,921,252,12012,123,5062,9575,12927,855,60,16302,283,5995,8569,12730,881,0.49,140,1,28600
2020-01-01-00-00-00,국내여행,13035,176638,311851,374597,166696,61862,375591,15907,239053,343887,351399,127591,26844,729089,14913,218174,333061,359131,140626,3.49,38553,20,1104680
2020-01-01-00-00-00,국내숙박,59048,948015,1988123,1791478,494593,135972,1787686,52547,1147369,2182060,1637629,333160,63923,3629544,54714,1081821,2118137,1688551,386248,1.62,87759,29,5417230
2020-01-01-00-00-00,체험,429,6907,5746,3340,646,214,5184,893,6793,6179,2922,385,107,12096,755,6827,6050,3046,463,0.81,140,1,17280
2020-01-01-00-00-00,강좌,40190,630828,1246772,859760,174453,25007,1250344,37213,862737,1195567,729665,129798,21732,1696896,38403,765985,1217002,783847,148553,0.78,23221,10,2977010
2020-02-01-00-00-00,뮤지컬,582,12297,59630,40864,5900,1866,26653,775,13048,69819,32844,3586,1078,94497,727,12878,67541,34637,4107,1.04,1260,8,121150
2020-02-01-00-00-00,콘서트,3405,27501,27785,12613,4350,1207,28438,4058,25064,25871,17094,3943,822,48422,3820,25956,26578,15457,4097,1.25,961,6,76860
2020-02-01-00-00-00,연극,3110,141771,113423,48708,15189,5139,111296,9035,164259,84486,49068,17349,3142,216044,7038,156730,94176,48937,16629,1.17,3830,14,327340
2020-02-01-00-00-00,전시/행사,3365,41132,73654,50869,7625,2363,37588,5602,50565,75623,42277,3938,984,141402,5137,48596,75212,44049,4707,0.71,1271,5,178990
2020-02-01-00-00-00,클래식,890,8034,9931,6497,2799,1124,8198,785,8690,9934,7800,1476,597,20787,814,8502,9934,7428,1853,2.55,747,12,29278
2020-02-01-00-00-00,오페라,1522,4060,11169,11676,9390,1522,13769,271,8714,9666,15110,4221,1361,25571,708,7089,10189,13911,6027,3.6,1416,4,39340
2020-02-01-00-00-00,발레/무용,0,33,100,183,20,15,53,5,47,147,124,23,4,298,5,45,140,133,23,1.52,5,1,350
2020-02-01-00-00-00,국악/전통예술,39,179,598,1549,1640,1171,2484,46,611,1474,1469,1117,459,2691,42,402,1051,1507,1370,15.51,803,6,5175
2020-02-01-00-00-00,스포츠,577,9129,7978,8651,1346,482,12390,228,9741,8144,8296,1523,228,15770,383,9470,8071,8454,1445,1.21,341,1,28160
2020-02-01-00-00-00,국내여행,6022,113282,214367,259192,120524,48942,251569,7242,146825,234340,246309,104134,23480,510761,6861,135847,227784,250502,109547,4.17,31789,20,762330
2020-02-01-00-00-00,국내숙박,18607,382600,914825,905394,258466,69077,841160,15294,463658,1019333,844729,173330,32372,1707810,16313,437148,985177,864611,201114,1.74,44352,29,2548970
2020-02-01-00-00-00,체험,393,5066,4119,3126,524,131,4275,772,5355,4409,2345,394,87,9085,652,5263,4317,2593,436,0.76,102,1,13360
2020-02-01-00-00-00,강좌,15666,298243,599320,460866,101752,15964,596784,13577,467282,558291,373736,70421,8653,895176,14323,399845,574703,408499,82953,0.78,11637,10,1491960
2020-03-01-00-00-00,뮤지컬,358,9876,47056,29755,3515,1230,22027,450,10197,55637,22247,2451,789,69753,431,10123,53618,24010,2698,0.98,899,8,91780
2020-03-01-00-00-00,콘서트,1357,10174,10171,5625,2007,617,9884,1279,10333,9695,6643,1644,359,20067,1303,10279,9851,6310,1764,1.48,443,6,29950
2020-03-01-00-00-00,연극,2182,79720,68345,29122,10564,3167,71454,3476,93296,54788,29818,9849,1893,121666,2993,88294,59809,29567,10119,1.22,2356,14,193120
2020-03-01-00-00-00,전시/행사,2403,31701,46605,28270,4968,1594,27727,2068,36958,46039,26248,3466,751,87803,2149,35687,46177,26734,3824,0.83,959,5,115530
2020-03-01-00-00-00,클래식,740,11440,11964,6983,2776,841,9727,660,12795,11436,7268,2025,552,24665,684,12402,11589,7188,2241,1.83,636,12,34740
2020-03-01-00-00-00,오페라,0,6719,8401,7980,4619,4201,9576,0,6419,9889,10409,4338,868,22344,0,6505,9455,9697,4421,5.77,1842,4,31920
2020-03-01-00-00-00,발레/무용,0,29,77,136,21,28,46,3,54,121,97,12,3,244,3,50,114,103,14,2.48,7,1,290
2020-03-01-00-00-00,국악/전통예술,22,301,704,1208,1132,762,1776,40,588,1091,1203,876,332,2313,33,465,925,1205,985,12.5,516,5,4130
2020-03-01-00-00-00,스포츠,0,9787,10178,6265,2348,129,13781,118,12523,7445,6618,1536,474,14929,63,11223,8742,6448,1924,1.08,310,1,28710
2020-03-01-00-00-00,국내여행,3317,77985,191957,200595,104209,47817,212799,3004,109967,201846,181568,104272,25286,413081,3129,99265,198529,187952,104209,5.25,32859,20,625880
2020-03-01-00-00-00,국내숙박,7910,265354,729018,621482,196803,62713,640315,6780,349725,814707,540690,141058,30132,1242965,7156,321288,785893,567809,159890,2.18,41056,29,1883280
2020-03-01-00-00-00,체험,152,3649,3738,2477,467,217,3531,377,4444,3679,1840,289,72,7169,302,4178,3698,2053,349,1.13,121,1,10700
2020-03-01-00-00-00,강좌,10596,303648,623342,466976,93093,16045,620617,6660,498007,566427,367526,66906,8174,893083,8325,418235,589738,408396,77653,0.75,11353,10,1513700
2020-04-01-00-00-00,뮤지컬,483,9992,44693,29232,3823,1307,20592,528,10582,51918,23511,2435,564,68938,519,10439,50226,24845,2758,0.83,743,8,89530
2020-04-01-00-00-00,콘서트,581,4369,5512,3360,1421,496,4879,502,4947,5526,3479,1061,225,10861,527,4766,5522,3441,1174,1.97,310,6,15740
2020-04-01-00-00-00,연극,1502,81483,80731,40145,13256,3822,79538,4286,98849,62393,40012,12770,2651,141402,3292,92684,68889,40056,12947,1.39,3071,14,220940
2020-04-01-00-00-00,전시/행사,2299,30593,55035,29151,5455,1740,34793,3206,40583,46386,29301,3914,870,89467,2957,37800,48797,29263,4337,0.89,1106,5,124260
2020-04-01-00-00-00,클래식,671,7947,10027,7623,2752,956,8094,588,9158,10183,7869,1811,369,21883,612,8831,10141,7803,2062,1.75,525,12,29977
2020-04-01-00-00-00,오페라,0,4907,12884,10431,7977,1841,11792,841,8392,12306,12865,3077,559,26248,578,7300,12489,12104,4610,2.53,962,4,38040
2020-04-01-00-00-00,발레/무용,1,32,46,45,18,7,24,3,31,58,47,9,2,126,2,31,56,47,11,1.59,2,2,150
2020-04-01-00-00-00,국악/전통예술,0,1198,1327,856,86,128,683,30,1029,1318,989,180,50,2912,24,1061,1320,963,162,1.8,65,5,3595
2020-04-01-00-00-00,스포츠,603,13277,13076,5429,4223,603,20093,234,15211,10530,8659,1872,703,17117,432,14170,11900,6921,3137,1.74,647,1,37210
2020-04-01-00-00-00,국내여행,3152,84387,219421,244565,117984,46850,243562,3295,119059,233748,227301,107669,25359,472798,3224,107167,228877,233175,111179,4.56,32666,20,716360
2020-04-01-00-00-00,국내숙박,10518,315299,889101,811737,238169,72456,771302,8648,404116,996850,736243,159169,32488,1565978,9349,374432,961090,761252,185346,1.95,45577,29,2337280
2020-04-01-00-00-00,체험,1,33,38,25,5,2,31,3,44,38,17,2,1,73,2,41,38,19,3,0.01,1,1,10460
2020-04-01-00-00-00,강좌,0,2095,4189,2793,598,199,4189,100,3890,3391,2095,399,100,5686,0,3192,3790,2394,499,0.01,100,10,997470
2020-05-01-00-00-00,뮤지컬,10,124,458,305,48,10,229,10,133,515,257,29,10,724,10,133,505,267,29,0.01,10,8,95320
2020-05-01-00-00-00,콘서트,6,88,109,61,27,9,97,6,106,103,64,21,6,206,6,100,106,64,21,0.02,6,6,30330
2020-05-01-00-00-00,연극,26,1047,868,434,153,26,919,77,1251,638,434,128,26,1634,51,1175,715,434,128,0.01,26,14,255370
2020-05-01-00-00-00,전시/행사,30,425,592,379,76,30,379,46,485,561,379,46,15,1138,46,470,561,379,46,0.01,15,5,151680
2020-05-01-00-00-00,클래식,10,103,100,74,26,10,84,13,100,103,84,16,6,239,10,100,103,81,19,0.02,6,12,32340
2020-05-01-00-00-00,오페라,0,59,228,146,14,14,105,0,46,164,173,46,27,351,0,50,178,169,36,0.05,23,4,45550
2020-05-01-00-00-00,발레/무용,0,1,1,1,0,0,1,0,1,1,1,0,0,3,0,1,1,1,0,0.01,0,1,330
2020-05-01-00-00-00,국악/전통예술,1,11,13,13,4,1,7,2,14,11,12,3,0,35,2,13,11,12,3,0.01,0,6,4189
2020-05-01-00-00-00,스포츠,0,225,337,181,69,43,484,9,337,242,181,69,26,380,0,276,294,181,69,0.04,35,1,86400
2020-05-01-00-00-00,국내여행,84,1095,2696,2865,1180,506,3034,84,1517,2865,2612,1095,253,5393,84,1348,2781,2696,1180,0.04,337,20,842640
2020-05-01-00-00-00,국내숙박,270,3785,10274,9463,2704,811,8922,0,4596,11626,8652,1622,270,18115,0,4326,11085,8922,1893,0.02,541,29,2703670
2020-05-01-00-00-00,체험,2,27,32,21,3,1,27,3,33,30,16,3,1,58,3,32,30,18,3,0.01,1,1,8540
2020-05-01-00-00-00,강좌,84,2179,3018,2263,587,168,3185,84,3185,2850,1760,419,84,5197,84,2766,2934,1928,503,0.02,168,10,838210
2020-05-01-00-00-00,구기스포츠,26,441,882,959,259,0,1789,26,207,648,1556,130,52,804,26,363,804,1141,207,0.01,26,7,259310
2020-05-01-00-00-00,아웃도어스포츠,8,170,307,266,40,16,428,0,274,315,186,24,8,379,0,218,307,226,32,0.02,16,6,80720
2020-06-01-00-00-00,뮤지컬,8,93,407,297,34,8,187,8,110,475,229,25,8,661,8,102,458,237,25,0.01,8,8,84790
2020-06-01-00-00-00,콘서트,10,86,114,67,29,13,105,6,105,105,70,25,6,213,6,98,108,70,25,0.03,10,6,31720
2020-06-01-00-00-00,연극,22,944,769,329,110,22,790,44,1142,527,329,110,22,1405,44,1076,615,329,110,0.01,22,14,219580
2020-06-01-00-00-00,전시/행사,29,380,584,365,73,15,336,29,409,584,365,44,15,1125,29,409,584,365,58,0.01,15,5,146100
2020-06-01-00-00-00,클래식,10,101,107,72,26,10,78,10,107,104,78,20,3,247,10,107,104,78,23,0.02,7,12,32540
2020-06-01-00-00-00,오페라,16,25,143,151,25,53,114,0,102,151,114,33,4,290,4,78,151,127,33,0.04,16,4,40860
2020-06-01-00-00-00,발레/무용,0,0,1,1,0,0,0,0,0,1,1,0,0,2,0,0,1,1,0,0.02,0,1,260
2020-06-01-00-00-00,국악/전통예술,1,11,16,12,6,3,10,2,13,16,14,3,1,39,2,13,16,14,3,0.03,1,5,4950
2020-06-01-00-00-00,스포츠,0,136,174,81,26,13,179,17,128,132,115,30,9,243,9,132,149,98,26,0.03,13,1,42560
2020-06-01-00-00-00,국내여행,93,1395,2791,3163,1395,558,3256,93,1953,3163,2791,1116,279,6046,93,1767,2977,2884,1209,0.04,372,20,930200
2020-06-01-00-00-00,국내숙박,401,6412,15228,13625,3607,1202,12824,401,7614,16831,12423,2404,401,27251,401,7213,16431,12824,2805,0.02,801,29,4007460
2020-06-01-00-00-00,체험,1,15,19,13,3,1,15,1,15,21,11,2,1,35,1,15,21,12,2,0.01,1,1,5020
2020-06-01-00-00-00,강좌,149,2159,2457,2011,447,149,2979,298,2830,2308,1564,298,74,4468,298,2606,2383,1787,372,0.01,74,10,744640
2020-06-01-00-00-00,구기스포츠,101,454,983,731,227,50,1865,25,126,832,1235,252,50,655,76,353,933,857,227,0.02,50,7,252050
2020-06-01-00-00-00,아웃도어스포츠,0,228,379,265,47,19,455,0,351,360,180,38,9,493,0,294,370,218,47,0.01,9,6,94800
2020-07-01-00-00-00,뮤지컬,11,98,525,404,44,11,208,11,98,645,317,22,11,885,11,98,623,328,22,0.01,11,8,109280
2020-07-01-00-00-00,콘서트,5,55,60,30,12,5,58,5,60,55,35,10,2,108,5,58,57,33,12,0.02,3,6,16630
2020-07-01-00-00-00,연극,35,1598,1042,556,174,35,1147,139,1772,799,591,139,35,2328,104,1703,869,591,174,0.01,35,14,347490
2020-07-01-00-00-00,전시/행사,44,566,849,566,109,44,435,65,566,893,588,65,22,1742,65,566,893,588,65,0.01,22,5,217690
2020-07-01-00-00-00,클래식,10,99,115,69,26,10,76,13,106,106,89,16,3,254,10,106,106,82,20,0.02,7,12,32970
2020-07-01-00-00-00,오페라,0,331,367,367,47,71,367,12,272,390,355,130,35,816,12,296,378,355,106,0.04,47,4,118270
2020-07-01-00-00-00,발레/무용,0,1,1,1,0,0,0,0,1,1,1,0,0,3,0,1,1,1,0,0.02,0,1,350
2020-07-01-00-00-00,국악/전통예술,1,7,18,13,14,3,12,1,12,18,18,5,1,44,1,11,18,17,7,0.02,1,6,5509
2020-07-01-00-00-00,스포츠,242,502,707,298,74,37,1116,19,688,484,577,93,0,744,149,577,614,409,74,0.01,19,1,186000
2020-07-01-00-00-00,국내여행,146,2330,4223,4951,2184,728,5242,146,3203,4660,4514,1747,437,9319,146,2912,4514,4660,1893,0.04,582,20,1456120
2020-07-01-00-00-00,국내숙박,535,8560,19260,18725,5350,1605,16585,535,10700,21400,17120,3210,535,36915,535,9630,20865,17655,3745,0.02,1070,29,5350060
2020-07-01-00-00-00,체험,2,32,34,26,5,1,27,4,31,38,23,2,1,73,3,32,37,24,3,0.01,1,1,10050
2020-07-01-00-00-00,강좌,203,2161,2161,1756,338,135,2499,338,2567,2094,1418,338,68,4255,270,2431,2094,1553,338,0.01,68,10,675400
2020-07-01-00-00-00,구기스포츠,49,516,959,664,172,74,1844,0,270,737,1229,197,25,615,49,467,909,787,197,0.03,74,7,245810
2020-07-01-00-00-00,아웃도어스포츠,12,287,523,349,75,12,573,0,474,449,274,50,12,673,0,386,474,312,62,0.01,12,6,124640
2020-08-01-00-00-00,뮤지컬,11,92,574,425,46,11,230,11,92,689,333,23,11,918,11,92,666,356,23,0.01,11,7,114800
2020-08-01-00-00-00,콘서트,6,45,41,21,7,2,41,6,45,39,24,6,1,80,6,45,39,23,6,0.01,1,6,12120
2020-08-01-00-00-00,연극,25,1132,780,428,126,25,855,75,1308,579,428,101,25,1660,50,1258,654,428,126,0.01,25,11,251590
2020-08-01-00-00-00,전시/행사,38,508,715,489,94,38,376,56,508,771,489,56,19,1505,56,508,752,489,56,0.01,19,4,188110
2020-08-01-00-00-00,클래식,12,64,77,72,20,7,59,12,57,77,82,15,5,188,12,57,77,79,15,0.02,5,11,24710
2020-08-01-00-00-00,오페라,40,372,425,239,186,66,332,27,252,372,451,159,66,996,27,279,385,398,173,0.05,66,4,132790
2020-08-01-00-00-00,발레/무용,0,0,1,1,0,0,1,0,1,1,1,0,0,3,0,1,1,1,0,0.01,0,1,340
2020-08-01-00-00-00,국악/전통예술,1,5,5,6,3,1,5,1,5,7,6,1,0,17,1,5,7,6,2,0.02,0,2,2140
2020-08-01-00-00-00,스포츠,79,231,223,122,50,14,360,22,317,166,159,43,7,360,50,274,195,137,43,0.02,14,1,72050
2020-08-01-00-00-00,국내여행,89,1507,2747,3013,1241,443,3013,89,1950,2925,2747,975,266,5849,89,1773,2836,2836,1064,0.03,266,18,886260
2020-08-01-00-00-00,국내숙박,425,6804,15309,14459,4253,1276,13183,425,7655,17436,13608,2977,425,29343,425,7655,16585,14034,3402,0.02,851,28,4252630
2020-08-01-00-00-00,체험,1,20,23,20,3,1,18,2,20,26,18,1,0,50,2,20,25,18,2,0.01,1,1,6820
2020-08-01-00-00-00,강좌,131,1972,2235,1775,394,131,2629,197,2695,2038,1315,329,66,3944,131,2366,2103,1512,329,0.01,66,10,657260
2020-08-01-00-00-00,구기스포츠,25,115,312,263,99,16,600,8,82,263,378,66,25,222,25,107,296,296,90,0.02,16,4,82140
2020-08-01-00-00-00,아웃도어스포츠,0,273,478,284,80,11,535,0,398,432,262,46,11,603,0,341,455,273,57,0.01,11,6,113760
2020-09-01-00-00-00,뮤지컬,9,99,440,296,36,18,215,9,117,530,215,27,9,682,9,108,512,233,27,0.01,9,7,89790
2020-09-01-00-00-00,콘서트,3,22,27,15,4,1,25,3,23,26,16,4,1,48,3,23,26,16,4,0.01,1,6,7310
2020-09-01-00-00-00,연극,13,583,438,212,66,13,477,40,690,345,199,53,13,849,27,650,371,199,66,0.01,13,11,132610
2020-09-01-00-00-00,전시/행사,21,308,393,244,64,21,266,32,351,393,244,32,11,797,21,340,393,244,42,0.01,11,4,106230
2020-09-01-00-00-00,클래식,0,1,1,0,0,0,1,0,1,1,1,0,0,2,0,1,1,1,0,0.02,0,5,220
2020-09-01-00-00-00,오페라,7,115,197,217,115,27,190,7,163,203,231,68,7,488,7,149,203,224,81,0.02,14,4,67820
2020-09-01-00-00-00,발레/무용,0,1,2,1,1,0,1,0,1,2,1,0,0,3,0,1,2,1,0,0.01,0,1,420
2020-09-01-00-00-00,국악/전통예술,0,0,0,0,0,0,0,0,0,0,0,0,0,0,0,0,0,0,0,0.02,0,2,60
2020-09-01-00-00-00,스포츠,14,131,159,113,23,23,253,19,159,103,131,56,0,216,19,145,136,122,38,0.03,14,1,46910
2020-09-01-00-00-00,국내여행,55,716,1707,1872,826,330,1817,55,991,1872,1707,716,165,3689,55,881,1817,1762,771,0.04,220,18,550570
2020-09-01-00-00-00,국내숙박,238,3577,9062,7870,2385,715,7631,238,4292,10016,7393,1669,238,16216,238,4054,9777,7631,1908,0.02,477,28,2384710
2020-09-01-00-00-00,체험,1,15,14,10,2,1,13,1,16,15,9,1,0,30,1,16,15,9,1,0.01,0,1,4300
2020-09-01-00-00-00,강좌,63,2349,2031,1523,317,63,2349,63,3237,1841,889,254,63,3999,63,2920,1904,1143,254,0.01,63,10,634780
2020-09-01-00-00-00,구기스포츠,6,67,214,257,55,6,440,0,92,183,257,67,12,171,6,73,208,257,61,0.01,6,4,61090
2020-09-01-00-00-00,아웃도어스포츠,0,134,339,198,28,7,367,0,240,311,127,21,7,339,0,184,325,162,28,0.01,7,6,70650
2020-10-01-00-00-00,뮤지컬,12,117,596,386,47,12,269,12,140,689,280,23,12,900,12,140,666,304,35,0.01,12,7,116850
2020-10-01-00-00-00,콘서트,6,58,72,42,14,4,66,8,60,64,50,16,4,134,8,58,68,48,16,0.02,4,6,19960
2020-10-01-00-00-00,연극,25,1037,790,444,123,49,864,99,1185,617,420,123,25,1604,74,1135,666,444,123,0.01,25,11,246820
2020-10-01-00-00-00,전시/행사,35,497,674,426,89,35,443,53,568,639,443,53,18,1330,53,550,656,443,71,0.01,18,4,177370
2020-10-01-00-00-00,클래식,6,61,70,44,21,8,59,11,63,63,55,15,4,152,8,63,65,53,17,0.02,4,7,21090
2020-10-01-00-00-00,오페라,0,340,387,258,152,23,363,23,375,352,316,82,23,809,12,363,363,293,105,0.02,23,4,117180
2020-10-01-00-00-00,발레/무용,0,5,11,11,3,1,5,1,7,12,10,1,0,26,0,7,12,10,2,0.02,1,1,3110
2020-10-01-00-00-00,국악/전통예술,0,1,3,1,1,0,2,0,2,2,2,1,0,5,0,2,2,1,1,0.04,0,2,630
2020-10-01-00-00-00,스포츠,13,161,284,148,32,6,470,26,110,219,219,45,26,174,19,148,264,168,39,0.02,13,1,64450
2020-10-01-00-00-00,국내여행,89,974,2656,3098,1505,620,2921,89,1416,2833,2833,1328,354,5931,89,1328,2744,2921,1416,0.05,443,19,885240
2020-10-01-00-00-00,국내숙박,351,4921,13004,12301,3866,1054,11247,351,5975,14762,11247,2460,351,23900,351,5624,14410,11598,2812,0.02,703,28,3514690
2020-10-01-00-00-00,체험,1,22,25,20,4,1,21,3,25,26,18,3,1,53,2,24,26,19,3,0.01,1,1,7490
2020-10-01-00-00-00,강좌,58,2033,1859,1452,290,58,2265,58,2846,1801,871,232,58,3543,58,2498,1859,1104,232,0.01,58,10,580820
2020-10-01-00-00-00,구기스포츠,14,85,227,291,78,14,526,0,107,220,298,71,7,185,14,92,227,291,78,0.02,14,4,71070
2020-10-01-00-00-00,아웃도어스포츠,0,121,260,175,30,12,308,6,175,272,121,18,6,296,6,151,266,151,24,0.01,6,6,60410
2020-11-01-00-00-00,뮤지컬,12,142,593,379,47,12,285,12,166,688,285,36,12,901,12,154,664,308,36,0.01,12,7,118550
2020-11-01-00-00-00,콘서트,6,88,129,60,22,6,107,6,97,113,69,22,3,207,6,94,116,66,22,0.02,6,6,31410
2020-11-01-00-00-00,연극,25,1120,815,407,127,25,866,102,1248,637,407,127,25,1680,76,1197,687,407,127,0.01,25,11,254610
2020-11-01-00-00-00,전시/행사,53,534,677,410,89,36,428,53,606,677,392,53,18,1354,53,588,677,392,53,0.01,18,4,178140
2020-11-01-00-00-00,클래식,8,83,71,55,23,10,76,10,78,73,65,20,5,176,10,81,73,63,20,0.03,8,7,25180
2020-11-01-00-00-00,오페라,0,64,159,141,77,9,95,5,64,150,200,27,9,359,5,64,150,191,36,0.02,9,3,45460
2020-11-01-00-00-00,발레/무용,1,18,47,36,7,3,18,1,21,47,39,3,1,94,1,20,47,39,3,0.01,1,2,11170
2020-11-01-00-00-00,국악/전통예술,0,1,1,1,0,0,1,0,1,1,1,0,0,3,0,1,1,1,0,0.04,0,2,380
2020-11-01-00-00-00,스포츠,11,80,183,73,18,4,263,7,55,128,153,7,7,102,7,73,168,95,15,0.01,4,1,36540
2020-11-01-00-00-00,국내여행,79,1029,2375,2692,1187,554,2612,79,1583,2612,2375,1029,237,5304,79,1425,2533,2454,1108,0.04,317,19,791630
2020-11-01-00-00-00,국내숙박,336,5041,12771,11091,3361,1008,10755,336,6722,14115,9746,2353,336,22854,336,6049,13443,10082,2689,0.02,672,28,3360830
2020-11-01-00-00-00,체험,1,24,22,14,3,1,20,3,28,20,12,2,1,46,3,27,21,12,2,0.01,1,1,6510
2020-11-01-00-00-00,강좌,53,2132,1333,1386,373,107,2079,53,2612,1599,800,267,53,3251,53,2399,1492,1013,320,0.01,53,10,533030
2020-11-01-00-00-00,구기스포츠,24,97,207,213,61,6,456,6,91,201,219,79,18,152,18,97,207,213,67,0.02,12,4,60830
2020-11-01-00-00-00,아웃도어스포츠,5,80,175,175,19,24,232,5,99,199,151,9,5,241,5,90,189,166,14,0.03,14,6,47310
2020-12-01-00-00-00,뮤지컬,9,105,430,290,35,9,202,9,97,509,228,26,9,676,9,105,492,246,26,0.01,9,7,87800
2020-12-01-00-00-00,콘서트,3,39,58,25,10,3,48,4,41,50,30,10,3,90,3,40,52,29,10,0.02,3,6,13790
2020-12-01-00-00-00,연극,20,447,328,139,50,20,358,50,487,239,159,50,10,636,40,467,268,149,50,0.01,10,11,99400
2020-12-01-00-00-00,전시/행사,21,287,446,255,42,11,212,42,265,488,234,21,11,849,32,265,478,244,32,0.01,11,4,106140
2020-12-01-00-00-00,클래식,4,57,73,53,22,11,70,4,53,73,64,18,7,150,4,53,73,62,20,0.03,7,7,22030
2020-12-01-00-00-00,오페라,0,70,70,133,18,9,54,9,21,103,157,12,0,248,6,30,97,151,12,0.01,3,3,30230
2020-12-01-00-00-00,발레/무용,0,8,20,19,3,2,9,1,7,22,19,2,1,43,1,8,21,19,2,0.01,1,2,5150
2020-12-01-00-00-00,국악/전통예술,0,0,0,0,0,0,0,0,0,0,0,0,0,0,0,0,0,0,0,0.03,0,2,57
2020-12-01-00-00-00,스포츠,0,31,66,123,9,2,104,2,31,78,120,2,0,132,2,31,73,123,5,0.01,2,1,23580
2020-12-01-00-00-00,국내여행,52,827,1550,1654,723,258,1654,103,1189,1654,1550,568,103,3514,103,1085,1654,1602,620,0.03,155,19,516770
2020-12-01-00-00-00,국내숙박,258,4381,9278,8504,2577,773,8504,258,5154,10566,7989,1804,258,17267,258,4897,10051,8247,2062,0.02,515,28,2577110
2020-12-01-00-00-00,체험,1,10,9,6,1,0,8,2,10,10,5,1,0,19,1,10,9,5,1,0.01,0,1,2660
2020-12-01-00-00-00,강좌,71,2990,1851,1566,498,142,2776,71,3701,1851,1068,356,71,4342,71,3417,1851,1281,427,0.01,71,10,711800
2020-12-01-00-00-00,구기스포츠,10,72,118,92,30,3,259,0,52,108,121,39,7,69,10,69,118,98,30,0.02,7,4,32780
2020-12-01-00-00-00,아웃도어스포츠,4,55,143,189,21,8,181,4,59,168,181,8,0,236,4,59,156,185,13,0.01,4,6,42110