2019-04-01-00-00-00,강좌,0.41,1860,31.63,143492,37.72,171119,23.81,108016,5.03,22819,1.4,6351,0.24,1089,21.12,95812,42.22,191534,28.12,127568,6.29,28535,2.01,9119,42,190536,0.53,2404,39.21,177879,34.47,156376,20.69,93862,4.13,18736,0.97,4400,57,258584,39,453657
2019-04-01-00-00-00,국내숙박,0.4,9847,16.02,394355,41.12,1012226,32.57,801756,7.93,195208,1.95,48002,0.45,11077,13.49,332075,38.04,936408,34.73,854928,10.19,250841,3.1,76311,33,812341,0.37,9108,17.29,425618,42.65,1049889,31.5,775417,6.81,167638,1.39,34217,67,1649299,39,2461640
2019-04-01-00-00-00,국내여행,0.45,5390,14.96,179191,31.95,382697,32.55,389884,15.52,185899,4.56,54620,0.44,5270,11.78,141101,30.63,366886,34.14,408929,16.47,197278,6.54,78336,34,407252,0.46,5510,16.62,199074,32.63,390842,31.73,380062,15.03,180029,3.54,42402,66,790548,40,1197800
2019-04-01-00-00-00,국악/전통예술,0.68,254,29.5,11039,36.71,13737,26.8,10029,4.5,1684,1.8,674,0,0,33.33,12472,36.9,13808,23.81,8910,2.38,891,3.57,1336,19,7110,0.83,311,28.61,10706,36.67,13722,27.5,10291,5,1871,1.39,520,81,30310,27,37420
2019-04-01-00-00-00,뮤지컬,0.58,1508,11.66,30307,56.1,145815,27.75,72128,3.08,8006,0.83,2157,0.54,1404,11.16,29007,49.92,129752,32.65,84864,4.27,11099,1.46,3795,23,59782,0.59,1534,11.82,30723,57.99,150728,26.26,68255,2.72,7070,0.63,1637,77,200138,28,259920
2019-04-01-00-00-00,발레/무용,1.64,156,20.68,1971,37.57,3580,31.26,2979,7.26,692,1.59,152,0.95,91,21.14,2015,30.91,2946,30.28,2886,12.3,1172,4.42,421,16,1525,1.77,169,20.59,1962,38.82,3700,31.45,2997,6.31,601,1.06,101,84,8005,15,9530
2019-04-01-00-00-00,스포츠,1.16,163,38.08,5339,31.98,4484,18.6,2608,8.43,1182,1.74,244,1.62,227,35.68,5002,35.14,4927,14.59,2046,11.35,1591,1.62,227,54,7571,0.63,88,40.88,5731,28.3,3968,23.27,3262,5.03,705,1.89,265,46,6449,8,14020
2019-04-01-00-00-00,연극,1.49,10404,41.95,292924,31.18,217721,18.13,126596,5.86,40919,1.39,9706,0.68,4748,36.88,257522,36.54,255148,18.17,126876,6,41896,1.73,12080,36,251377,1.94,13546,44.74,312406,28.24,197191,18.11,126457,5.78,40360,1.2,8379,64,446893,38,698270
2019-04-01-00-00-00,오페라,1.52,858,19.19,10837,32.83,18539,31.82,17969,12.12,6844,2.53,1429,0,0,12.9,7285,33.87,19127,27.42,15484,20.97,11842,4.84,2733,31,17506,2.21,1248,22.06,12458,32.35,18268,33.82,19098,8.09,4569,1.47,830,69,38965,18,56471
2019-04-01-00-00-00,전시/행사,2.38,15947,30.42,203828,39.27,263127,23.55,157796,3.49,23385,0.89,5963,1.85,12396,24.62,164966,44.29,296764,23.46,157193,4.39,29415,1.4,9381,28,187613,2.58,17287,32.66,218837,37.33,250129,23.58,157997,3.15,21106,0.7,4690,72,482434,30,670047
2019-04-01-00-00-00,체험,2.33,11851,38.99,198316,36.09,183566,18.49,94046,3.15,16022,0.96,4883,1.43,7273,31.54,160423,36.19,184075,24.47,124463,4.78,24313,1.58,8036,30,152590,2.72,13835,42.22,214745,36.05,183363,15.89,80822,2.44,12411,0.69,3510,70,356044,35,508634
2019-04-01-00-00-00,콘서트,3.35,25974,30.28,234773,35.08,271989,21.86,169489,7.46,57840,1.97,15274,3.69,28610,27.76,215234,35.02,271524,21.35,165535,9.03,70013,3.15,24423,31,240355,3.19,24733,31.43,243689,35.11,272222,22.1,171350,6.74,52258,1.43,11087,69,534985,26,775340
2019-04-01-00-00-00,클래식,2.04,1909,29.46,27564,33.83,31652,26.03,24354,6.88,6437,1.75,1637,2.24,2096,26.51,24804,33.45,31297,25.43,23793,9.18,8589,3.19,2985,27,25262,1.96,1834,30.55,28583,33.97,31783,26.25,24560,6.04,5651,1.23,1151,73,68301,36,93563
2019-08-01-00-00-00,강좌,2.42,9946,36.31,149234,31.91,131150,22.72,93379,5.36,22030,1.28,5261,1.82,7480,29.67,121944,33.51,137726,26.63,109449,6.34,26057,2.03,8343,40,164400,2.82,11590,40.71,167318,30.84,126752,20.13,82734,4.72,19399,0.79,3247,60,246600,39,411000
2019-08-01-00-00-00,구기스포츠,2.72,4935,12.59,22841,36.05,65402,35.51,64422,10.96,19884,2.17,3937,3.34,6059,13.61,24691,37.62,68250,31.56,57256,12.13,22006,1.73,3139,73,132437,1.01,1832,9.8,17779,31.76,57619,46.28,83961,7.77,14096,3.38,6132,27,48983,34,181420
2019-08-01-00-00-00,국내숙박,0.65,28607,17.75,781181,39.49,1737963,32.78,1442654,7.59,334037,1.74,76578,0.72,31687,16.15,710765,36.39,1601531,34.15,1502948,9.81,431740,2.77,121908,31,1364316,0.62,27286,18.48,813308,40.92,1800897,32.14,1414488,6.57,289147,1.27,55893,69,3036704,39,4401020
2019-08-01-00-00-00,국내여행,0.76,11439,19.93,299964,32.44,488251,31.66,476511,11.77,177149,3.44,51775,0.73,10987,16.59,249694,30.51,459203,33.71,507366,13.52,203488,4.94,74351,34,511731,0.77,11589,21.68,326304,33.45,503453,30.59,460407,10.86,163453,2.65,39885,66,993359,40,1505090
2019-08-01-00-00-00,국악/전통예술,3.25,1322,25.17,10240,32.88,13377,27.74,11286,8.8,3580,2.17,883,3.66,1489,25,10171,24.39,9923,27.44,11164,13.41,5456,6.1,2482,22,8950,3.13,1273,25.22,10261,35.3,14361,27.83,11322,7.48,3043,1.04,423,78,31734,30,40684
2019-08-01-00-00-00,뮤지컬,0.53,2709,7.85,40124,57.68,294820,30.97,158297,2.21,11296,0.76,3885,0.5,2556,7.99,40839,49.5,253009,37.21,190191,3.55,18145,1.25,6389,20,102226,0.53,2709,7.82,39970,59.79,305605,29.37,150119,1.86,9507,0.64,3271,80,408904,33,511130
2019-08-01-00-00-00,발레/무용,1.6,202,18.26,2301,37.82,4766,32.91,4147,7.93,999,1.49,188,1.51,190,12.08,1522,36.86,4645,33.84,4265,12.39,1561,3.32,418,17,2142,1.61,203,19.55,2464,38.03,4793,32.71,4122,6.99,881,1.11,140,83,10460,24,12602
2019-08-01-00-00-00,스포츠,7.21,1818,38.24,9642,27.27,6876,19.44,4902,6.27,1581,1.57,396,11.46,2890,31.85,8031,31.21,7869,16.56,4175,7.01,1768,1.91,482,50,12607,3.09,779,44.44,11205,23.46,5915,22.22,5603,5.56,1402,1.23,310,50,12607,10,25214
2019-08-01-00-00-00,아웃도어스포츠,0.37,1439,29.67,115401,40.08,155891,24.01,93387,5.06,19681,0.82,3189,0.47,1828,24.25,94320,42.42,164993,25.27,98288,6.66,25904,0.93,3617,47,182807,0.28,1089,34.53,134304,37.97,147684,22.88,88992,3.61,14041,0.72,2800,53,206144,37,388950
2019-08-01-00-00-00,연극,2.43,27527,49.7,562992,25.56,289539,16.95,192006,4.53,51315,0.83,9402,1.03,11668,44.64,505673,31.25,353994,17.01,192686,4.98,56412,1.09,12347,34,385145,3.15,35683,52.33,592784,22.62,256235,16.91,191553,4.29,48596,0.7,7929,66,747635,38,1132780
2019-08-01-00-00-00,오페라,1.93,1268,21.24,13956,29.34,19279,30.12,19791,12.74,8371,4.63,3042,3.08,2024,27.69,18195,32.31,21230,18.46,12130,13.85,9101,4.62,3036,25,16427,1.55,1018,19.07,12531,28.35,18628,34.02,22354,12.37,8128,4.64,3049,75,49281,20,65708
2019-08-01-00-00-00,전시/행사,2.52,29782,26.95,318501,40.28,476038,26.4,312001,3.12,36873,0.73,8627,1.88,22218,26.75,316138,38.03,449447,26.49,313065,5.34,63109,1.5,17727,20,236365,2.68,31673,27,319092,40.83,482538,26.37,311647,2.58,30491,0.53,6264,80,945458,36,1181823
2019-08-01-00-00-00,체험,2.54,13597,29.64,158662,37.12,198703,27.34,146350,2.74,14667,0.63,3372,1.78,9528,28.87,154541,34.12,182644,29.8,159519,4.28,22911,1.16,6209,26,139177,2.8,14988,29.91,160108,38.16,204270,26.49,141800,2.2,11777,0.44,2355,74,396121,38,535298
2019-08-01-00-00-00,콘서트,4.92,18620,37.18,140708,32.37,122505,18.94,71679,5.11,19339,1.49,5639,4.61,17447,37.21,140822,33.66,127387,16.81,63618,5.59,21155,2.12,8023,34,128673,5.07,19187,37.16,140632,31.7,119969,20.04,75842,4.86,18393,1.17,4428,66,249778,29,378451
2019-08-01-00-00-00,클래식,5.17,3877,23.38,17533,31.13,23344,32.28,24207,6.24,4679,1.8,1350,4.51,3382,25.67,19250,30.77,23074,28.77,21575,7.64,5729,2.65,1987,24,17998,5.38,4034,22.64,16978,31.25,23434,33.41,25054,5.79,4342,1.53,1147,76,56992,36,74990
2019-02-01-00-00-00,강좌,0.96,6461,26.8,180361,38.52,259235,27.38,184264,5.56,37418,0.78,5249,1.05,7066,19.99,134530,40.17,270339,30.89,207886,6.82,45898,1.07,7201,40,269195,0.91,6124,31.32,210780,37.42,251832,25.05,168583,4.72,31765,0.58,3903,60,403793,39,672988
2019-02-01-00-00-00,국내숙박,0.64,18938,17.15,507486,38.65,1143692,33.92,1003727,7.89,233473,1.74,51488,0.73,21601,15.01,444161,35.89,1062021,35.52,1051072,10.14,300053,2.71,80192,33,976503,0.6,17755,18.19,538260,39.99,1183344,33.14,980646,6.8,201219,1.27,37581,67,1982597,39,2959100
2019-02-01-00-00-00,국내여행,0.9,12067,17.82,238929,29.88,400628,32.86,440584,14.37,192672,4.17,55911,0.79,10592,14.86,199241,28.12,377030,34,455869,15.81,211979,6.42,86079,33,442461,0.95,12738,19.26,258236,30.74,412159,32.31,433209,13.66,183152,3.08,41296,67,898329,40,1340790
2019-02-01-00-00-00,국악/전통예술,0.82,192,7.77,1817,20.3,4748,29.13,6814,26.47,6191,15.51,3628,0.75,175,3.46,809,11.55,2702,29.93,7001,31.7,7415,22.62,5291,48,11227,0.88,206,11.8,2760,28.49,6664,28.38,6638,21.58,5048,8.86,2072,52,12163,23,23390
2019-02-01-00-00-00,뮤지컬,0.6,1927,10.63,34138,55.75,179039,28.59,91816,3.39,10887,1.04,3340,0.48,1542,10.15,32596,49.22,158069,33.73,108323,4.87,15640,1.54,4946,22,70652,0.64,2055,10.77,34588,57.63,185077,27.11,87063,2.96,9506,0.89,2858,78,250495,28,321147
2019-02-01-00-00-00,발레/무용,1.29,87,12.82,860,39.91,2679,38.01,2551,6.45,433,1.52,102,0,0,9.33,626,28.5,1913,52.33,3512,5.7,383,4.15,279,15,1007,1.51,101,13.42,901,41.87,2810,35.56,2387,6.58,442,1.07,72,85,5705,19,6712
2019-02-01-00-00-00,스포츠,1.36,359,33.63,8872,28.66,7561,30.02,7919,5.13,1353,1.21,319,2.05,541,32.42,8552,28.33,7473,30.72,8104,4.78,1261,1.71,451,44,11607,0.81,214,34.59,9125,28.92,7629,29.46,7772,5.41,1427,0.81,214,56,14773,12,26380
2019-02-01-00-00-00,연극,2.15,20786,47.88,462899,28.77,278145,14.95,144535,5.08,49113,1.17,11311,0.95,9185,43.31,418717,34.65,334993,14.88,143858,4.64,44859,1.57,15179,34,328709,2.76,26683,50.18,485135,25.81,249528,14.99,144922,5.3,51240,0.96,9281,66,638081,38,966790
2019-02-01-00-00-00,오페라,1.8,1048,18.02,10491,25.9,15078,35.36,20586,15.32,8919,3.6,2096,3.87,2253,10.32,6008,28.39,16528,29.68,17279,23.87,13896,3.87,2253,35,20376,0.69,402,22.15,12895,24.57,14304,38.41,22361,10.73,6247,3.46,2014,65,37841,17,58217
2019-02-01-00-00-00,전시/행사,2.87,23526,27.15,222554,42.02,344447,24.61,201733,2.63,21559,0.71,5820,1.88,15411,22.98,188372,41.15,337315,28.42,232965,4.26,34920,1.32,10820,21,172141,3.13,25657,28.25,231571,42.25,346332,23.62,193618,2.2,18034,0.55,4508,79,647580,26,819721
2019-02-01-00-00-00,체험,4.88,27900,39.39,225201,32.31,184723,19.41,110971,3.26,18638,0.76,4345,2.94,16809,37.92,216796,30.83,176261,23.4,133782,3.92,22411,0.98,5603,32,182950,5.78,33045,40.08,229145,33,188668,17.55,100337,2.95,16866,0.65,3716,68,388770,33,571720
2019-02-01-00-00-00,콘서트,4.97,7230,33.77,49129,34.58,50307,20.11,29256,5.33,7754,1.25,1819,4.43,6445,35.78,52053,36.15,52591,16.41,23873,5.66,8234,1.57,2284,37,53828,5.28,7681,32.61,47441,33.66,48969,22.24,32355,5.13,7463,1.07,1557,63,91652,21,145480
2019-02-01-00-00-00,클래식,2.78,1435,29.04,14995,33.93,17520,25.37,13100,6.33,3268,2.55,1317,3.04,1570,27.44,14169,33.92,17515,22.19,11458,9.56,4936,3.84,1983,28,14458,2.68,1384,29.68,15325,33.93,17520,26.64,13756,5.04,2602,2.04,1053,71,36661,35,51635
2019-01-01-00-00-00,강좌,1.29,11379,25.73,226959,40.88,360594,26.33,232252,4.99,44016,0.78,6880,1.35,11908,21.19,186913,41.88,369415,28.88,254745,5.86,51690,0.84,7409,42,370474,1.25,11026,28.98,255627,40.16,354243,24.51,216198,4.36,38459,0.73,6439,57,502786,39,882080
2019-01-01-00-00-00,국내숙박,1.01,32465,19.97,641912,39.1,1256823,31.17,1001922,7.13,229185,1.62,52073,1.09,35037,17.5,562517,36.7,1179677,33.07,1062995,9.13,293473,2.51,80681,33,1060745,0.97,31179,21.18,680806,40.28,1294752,30.23,971707,6.15,197684,1.18,37930,67,2153635,39,3214380
2019-01-01-00-00-00,국내여행,1.35,18619,19.75,272392,30.15,415829,32.51,448378,12.73,175572,3.49,48134,1.18,16275,15.99,220534,28.23,389348,33.91,467687,15.09,208121,5.6,77235,34,468928,1.44,19860,21.64,298459,31.13,429345,31.81,438724,11.55,159298,2.43,33515,66,910272,40,1379200
2019-01-01-00-00-00,국악/전통예술,0.65,186,12.52,3577,38.79,11082,36.09,10310,8.89,2540,3.07,877,1.21,346,11.37,3248,32.65,9327,33.01,9430,14.51,4145,7.26,2074,26,7428,0.46,131,12.91,3688,40.9,11684,37.15,10613,6.96,1988,1.62,463,74,21140,22,28568
2019-01-01-00-00-00,뮤지컬,0.62,2234,10.11,36424,56.2,202477,28.58,102968,3.61,13006,0.89,3206,0.52,1873,10.44,37613,48.54,174879,33.48,120621,5.5,19815,1.51,5440,20,72056,0.64,2306,10.02,36100,58.13,209430,27.34,98500,3.13,11277,0.73,2630,80,288223,29,360279
2019-01-01-00-00-00,발레/무용,1.4,131,12.84,1200,43.27,4044,38.29,3579,3.35,313,0.86,80,0,0,14.09,1317,34.9,3262,34.9,3262,10.74,1004,5.37,502,12,1122,1.58,148,12.68,1185,44.37,4147,38.73,3620,2.38,222,0.26,24,88,8224,31,9346
2019-01-01-00-00-00,스포츠,0.99,268,20.96,5675,29.96,8112,44.51,12052,3.08,834,0.49,133,1.75,474,25.44,6888,25.15,6810,43.57,11797,3.22,872,0.88,238,42,11372,0.43,116,17.7,4792,33.48,9065,45.2,12238,2.99,810,0.21,57,57,15433,12,27076
2019-01-01-00-00-00,연극,2.71,30579,49.05,553475,27.89,314708,14.39,162375,4.78,53937,1.18,13315,1.31,14782,44.85,506083,33.22,374851,14.41,162601,4.72,53260,1.48,16700,32,361085,3.37,38027,51.06,576156,25.34,285934,14.38,162262,4.81,54276,1.03,11622,68,767305,38,1128390
2019-01-01-00-00-00,오페라,2.7,1769,17.91,11732,33.78,22127,25.68,16821,16.55,10841,3.38,2214,3.61,2365,21.69,14208,30.12,19730,24.1,15786,15.66,10258,4.82,3157,28,18341,2.35,1539,16.43,10762,35.21,23064,26.29,17221,16.9,11070,2.82,1847,72,47163,16,65504
2019-01-01-00-00-00,전시/행사,2.89,26536,25.72,236162,43.23,396939,25.08,230285,2.46,22588,0.62,5693,2.08,19099,23.76,218165,41.83,384084,27.25,250210,3.87,35534,1.21,11110,19,174458,3.08,28281,26.18,240385,43.56,399969,24.57,225602,2.13,19558,0.48,4407,81,743744,27,918202
2019-01-01-00-00-00,체험,4.37,29926,39.51,270564,35.01,239748,17.63,120730,2.68,18353,0.81,5547,2.48,16983,39.97,273715,33.25,227696,19.33,132372,3.74,25612,1.24,8492,30,205440,5.17,35404,39.31,269195,35.76,244884,16.91,115800,2.23,15271,0.62,4246,70,479360,33,684800
2019-01-01-00-00-00,콘서트,5.34,8122,34.77,52885,35.14,53448,18.57,28245,5.01,7620,1.17,1780,4.98,7575,37.27,56688,36.11,54923,15.13,23013,5.13,7803,1.38,2099,37,56277,5.54,8426,33.3,50649,34.56,52566,20.61,31348,4.94,7514,1.05,1597,63,95823,21,152100
2019-01-01-00-00-00,클래식,2.28,1434,25.64,16131,34.21,21523,29.12,18321,6.44,4052,2.3,1447,2.33,1466,27.56,17339,32.76,20611,24.82,15616,8.59,5404,3.94,2479,28,17616,2.27,1428,24.9,15666,34.78,21882,30.78,19365,5.61,3530,1.66,1044,72,45299,35,62915
2019-07-01-00-00-00,강좌,3.87,16104,35.83,149099,31.35,130457,22.6,94045,5.2,21639,1.15,4785,2.64,10986,32.46,135076,31.96,132995,25.81,107403,5.44,22637,1.69,7033,37,153968,4.61,19184,37.86,157547,30.98,128917,20.67,86014,5.06,21056,0.82,3412,63,262162,39,416130
2019-07-01-00-00-00,구기스포츠,1.93,3687,18.95,36204,36.58,69886,32.32,61747,7.6,14520,2.63,5025,2.43,4643,21.46,40999,38.87,74261,26.59,50800,7.42,14176,3.24,6190,75,143288,0.41,783,11.38,21741,29.67,56685,49.59,94742,8.13,15532,0.81,1548,25,47763,34,191050
2019-07-01-00-00-00,국내숙박,0.82,37020,18.47,833848,38.87,1754829,33.01,1490273,7.27,328212,1.57,70879,0.89,40180,16.19,730915,35.92,1621648,34.66,1564764,9.82,443335,2.52,113768,31,1399529,0.78,35214,19.52,881252,40.21,1815325,32.25,1455962,6.11,275843,1.13,51015,69,3115081,39,4514610
2019-07-01-00-00-00,국내여행,0.93,16117,19.5,337931,31.23,541210,31.8,551088,12.88,223208,3.67,63600,0.78,13517,15.74,272771,29.4,509496,33.52,580895,15.1,261680,5.46,94621,36,623873,1.01,17503,21.6,374324,32.25,558886,30.84,534451,11.64,201719,2.67,46271,64,1109107,40,1732980
2019-07-01-00-00-00,국악/전통예술,2.12,785,20.04,7425,32.76,12138,30.25,11208,12.52,4639,2.31,856,1.85,685,12.04,4461,33.33,12349,23.15,8577,25,9263,4.63,1715,21,7781,2.19,811,22.14,8203,32.6,12078,32.12,11900,9.25,3427,1.7,630,79,29270,29,37050
2019-07-01-00-00-00,뮤지컬,0.59,2398,9.25,37593,56.63,230153,30.34,123307,2.41,9795,0.78,3170,0.56,2276,9.48,38528,47.94,194836,36.66,148992,3.96,16094,1.41,5730,19,77219,0.6,2438,9.19,37350,58.68,238485,28.86,117292,2.04,8291,0.63,2560,81,329197,33,406416
2019-07-01-00-00-00,발레/무용,1.33,134,16.15,1630,39.17,3953,35.14,3547,6.09,615,2.12,214,0.24,24,16.07,1622,29.74,3002,35.01,3534,12.95,1307,6,606,14,1413,1.52,153,16.16,1631,40.74,4112,35.16,3549,4.95,500,1.48,149,86,8680,16,10093
2019-07-01-00-00-00,스포츠,8.42,2709,31.19,10036,33.17,10673,21.78,7008,4.46,1435,0.99,319,13.22,4254,27.27,8775,38.02,12234,15.7,5052,4.13,1329,1.65,531,60,19307,1.23,396,37.04,11919,25.93,8344,30.86,9930,4.94,1590,0,0,40,12871,8,32178
2019-07-01-00-00-00,아웃도어스포츠,0.41,1611,30.79,120988,38.43,151009,24.51,96311,4.85,19058,1,3929,0.53,2083,22.86,89827,41.54,163229,27.82,109317,6,23577,1.25,4912,46,180755,0.3,1179,37.67,148022,35.75,140478,21.64,85033,3.85,15128,0.79,3104,54,212190,37,392945
2019-07-01-00-00-00,연극,2.96,31893,49.43,532598,25.34,273033,16.63,179185,4.73,50965,0.91,9805,1.34,14438,45.58,491115,30.33,326800,16.09,173367,5.44,58615,1.21,13038,33,355568,3.75,40406,51.31,552855,22.92,246958,16.89,181986,4.38,47194,0.76,8189,67,721912,38,1077480
2019-07-01-00-00-00,오페라,0.76,453,24.62,14678,32.2,19197,29.92,17837,8.71,5193,3.79,2259,0,0,28.4,16931,30.86,18398,30.86,18398,3.7,2206,6.17,3678,31,18481,1.09,650,22.95,13682,32.79,19548,29.51,17593,10.93,6516,2.73,1628,69,41136,17,59617
2019-07-01-00-00-00,전시/행사,2.56,27004,25.93,273521,40.89,431325,26.67,281326,3.15,33228,0.8,8439,2.12,22363,25.98,274048,38.71,408329,26.46,279111,5.14,54219,1.58,16667,20,210968,2.67,28164,25.92,273415,41.45,437232,26.72,281854,2.65,27953,0.6,6329,80,843874,35,1054842
2019-07-01-00-00-00,체험,3.1,13512,31.58,137648,37.19,162100,24.06,104870,3.16,13773,0.91,3966,1.9,8282,31.91,139086,33.77,147193,25.87,112760,5.06,22055,1.48,6451,27,117685,3.54,15430,31.46,137125,38.46,167636,23.39,101950,2.46,10722,0.69,3008,73,318185,37,435870
2019-07-01-00-00-00,콘서트,3.2,13825,34.85,150562,34.12,147409,19.6,84678,6.5,28082,1.74,7517,3.24,13998,33.46,144557,35.76,154494,17.72,76556,7.2,31106,2.61,11276,35,151211,3.18,13739,35.58,153716,33.26,143693,20.59,88955,6.12,26440,1.28,5530,65,280820,27,432030
2019-07-01-00-00-00,클래식,3.39,2583,31.72,24164,32.31,24614,25.42,19365,5.51,4198,1.64,1249,3,2285,30.16,22976,34.78,26495,20.91,15929,8.18,6232,2.96,2255,23,17521,3.51,2674,32.19,24522,31.56,24042,26.78,20401,4.71,3588,1.25,952,77,58659,36,76180
2019-06-01-00-00-00,강좌,3.61,13955,34.53,133479,31.93,123429,23.51,90880,4.99,19289,1.44,5566,2.4,9277,29.04,112257,33.36,128956,27.12,104835,5.88,22730,2.19,8466,40,154624,4.4,17009,38.13,147395,30.99,119795,21.13,81680,4.4,17009,0.95,3672,60,231936,39,386560
2019-06-01-00-00-00,구기스포츠,3.19,6005,14.37,27053,37.16,69957,34.11,64215,9.29,17489,1.89,3558,4.14,7794,17.55,33040,38.66,72781,28.8,54219,8.88,16717,1.97,3709,74,139312,0.55,1035,5.49,10335,32.97,62069,48.9,92059,10.44,19654,1.65,3106,26,48948,34,188260
2019-06-01-00-00-00,국내숙박,0.55,17979,18.12,592319,40.91,1337295,31.74,1037539,7.01,229148,1.67,54590,0.58,18959,16.02,523673,38.02,1242824,33.65,1099975,9.16,299428,2.56,83683,32,1046038,0.54,17652,19.12,625008,42.28,1382078,30.83,1007793,5.99,195805,1.25,40861,68,2222832,39,3268870
2019-06-01-00-00-00,국내여행,0.54,7219,18.74,250539,32.48,434232,31.27,418055,13.25,177142,3.72,49733,0.52,6952,14.78,197597,30.3,405087,33.59,449071,15.24,203747,5.56,74333,35,467922,0.55,7353,20.9,279416,33.67,450141,29.99,400942,12.16,162569,2.72,36364,65,868998,40,1336920
2019-06-01-00-00-00,국악/전통예술,3.54,1396,26.12,10303,32.11,12666,27.89,11001,7.35,2899,2.99,1179,3.27,1290,21.57,8509,32.03,12635,24.18,9538,13.07,5156,5.88,2319,21,8284,3.61,1424,27.32,10777,32.13,12674,28.87,11388,5.84,2304,2.23,880,79,31162,28,39446
2019-06-01-00-00-00,뮤지컬,0.74,2017,12.35,33657,54.49,148501,28.45,77534,3.15,8585,0.82,2235,0.64,1744,11.2,30523,47.92,130595,34.62,94349,4.25,11582,1.36,3706,22,59956,0.76,2071,12.67,34529,56.34,153542,26.71,72792,2.84,7740,0.67,1826,78,212572,30,272528
2019-06-01-00-00-00,발레/무용,0.97,57,15.65,924,39.12,2309,34.95,2063,7.75,457,1.56,92,0.45,27,18.3,1080,31.7,1871,41.07,2424,8.04,475,0.45,27,17,1004,1.07,63,15.12,893,40.61,2397,33.72,1990,7.69,454,1.79,106,83,4899,14,5903
2019-06-01-00-00-00,스포츠,2.09,584,30.54,8532,35.15,9820,23.43,6546,6.28,1755,2.51,701,0,0,31.68,8851,40.59,11340,18.81,5255,5.94,1660,2.97,830,42,11734,3.62,1011,29.71,8300,31.16,8705,26.81,7490,6.52,1822,2.17,606,57,15925,8,27938
2019-06-01-00-00-00,아웃도어스포츠,0.18,468,31.1,80928,39.36,102423,23.31,60657,4.67,12152,1.38,3591,0.3,781,24.3,63233,40.4,105129,28.36,73798,4.92,12803,1.71,4450,48,124906,0.08,208,37.27,96984,38.41,99951,18.73,48739,4.43,11528,1.08,2810,52,135314,36,260220
2019-06-01-00-00-00,연극,1.72,13391,48.75,379543,28.43,221342,15.3,119118,4.77,37137,1.03,8019,0.81,6306,42.77,332986,35.4,275607,15.2,118340,4.71,36670,1.11,8642,36,280278,2.24,17440,52.12,405780,24.49,190667,15.35,119507,4.8,37370,0.99,7708,64,498272,38,778550
2019-06-01-00-00-00,오페라,1.08,706,19.46,12723,36.76,24034,30.81,20144,7.57,4949,4.32,2824,3.7,2419,5.56,3635,35.19,23008,37.04,24217,5.56,3635,12.96,8473,28,18307,0,0,25.19,16469,37.4,24452,28.24,18464,8.4,5492,0.76,497,71,46421,18,65381
2019-06-01-00-00-00,전시/행사,2.19,15543,27.85,197663,40.24,285600,25.18,178713,3.61,25622,0.93,6601,2.02,14337,26.43,187585,39.91,283258,25.47,180771,4.7,33358,1.48,10504,23,163241,2.24,15898,28.28,200715,40.34,286310,25.09,178074,3.28,23280,0.76,5394,77,546501,33,709742
2019-06-01-00-00-00,체험,2.05,8330,29.33,119185,40.85,165997,23.34,94844,3.54,14385,0.89,3617,1.4,5689,29.51,119916,37.07,150637,26.05,105856,4.76,19343,1.21,4917,30,121907,2.33,9468,29.25,118859,42.47,172580,22.18,90130,3.02,12272,0.76,3088,70,284450,37,406357
2019-06-01-00-00-00,콘서트,2.47,12334,31.06,155104,34,169785,21.54,107564,8.43,42097,2.51,12534,2.57,12834,27.09,135279,36.3,181271,20.84,104068,9.49,47390,3.7,18477,33,164792,2.42,12085,32.99,164742,32.87,164143,21.88,109262,7.91,39500,1.92,9588,67,334577,27,499369
2019-06-01-00-00-00,클래식,2.98,2130,32.66,23344,32.42,23173,23.57,16847,6.73,4810,1.65,1179,3.33,2380,30.99,22151,33.37,23852,21.57,15418,7.77,5554,2.97,2123,24,17154,2.87,2051,33.2,23730,32.12,22958,24.21,17305,6.39,4567,1.22,872,76,54323,36,71477
2019-03-01-00-00-00,강좌,0.55,3211,27.63,161304,38.96,227448,26.98,157509,5.13,29949,0.75,4379,0.7,4087,20.06,117110,41.18,240409,30.85,180102,6.15,35904,1.06,6188,41,239358,0.44,2569,32.9,192070,37.42,218458,24.28,141747,4.42,25804,0.54,3153,59,344442,39,583800
2019-03-01-00-00-00,국내숙박,0.38,10424,17.06,467990,41.73,1144737,30.15,827075,8.49,232898,2.18,59802,0.42,11521,14.09,386517,38.71,1061893,33,905256,10.45,286664,3.33,91349,34,932688,0.36,9876,18.57,509412,43.26,1186708,28.71,787573,7.49,205466,1.6,43891,66,1810512,39,2743200
2019-03-01-00-00-00,국내여행,0.5,6318,15.86,200394,31.72,400789,30.03,379435,16.65,210376,5.25,66335,0.53,6697,12.46,157435,30.67,387522,32.05,404958,16.65,210376,7.64,96533,34,429597,0.48,6065,17.57,222000,32.25,407485,29.01,366547,16.66,210502,4.04,51046,66,833923,40,1263520
2019-03-01-00-00-00,국악/전통예술,0.79,277,11.27,3955,22.4,7860,29.18,10239,23.86,8372,12.5,4386,0.54,189,7.3,2562,17.04,5979,29.26,10267,27.42,9622,18.44,6471,43,15089,0.97,340,14.24,4997,26.42,9271,29.13,10222,21.2,7439,8.05,2825,56,19650,23,35090
2019-03-01-00-00-00,뮤지컬,0.47,1187,11.03,27866,58.42,147592,26.16,66091,2.94,7428,0.98,2476,0.39,985,10.76,27184,51.27,129529,32.42,81906,3.83,9676,1.34,3385,24,60634,0.49,1238,11.11,28068,60.62,153150,24.24,61240,2.67,6745,0.86,2173,76,192006,28,252640
2019-03-01-00-00-00,발레/무용,0.92,56,17.07,1047,39.16,2403,35.62,2186,4.75,291,2.48,152,0,0,9.96,611,26.41,1621,46.75,2869,7.36,452,9.52,584,16,982,1.1,67,18.46,1133,41.66,2556,33.45,2052,4.23,260,1.1,67,84,5154,13,6136
2019-03-01-00-00-00,스포츠,0.22,35,39.09,6164,30.45,4801,22.46,3541,6.7,1056,1.08,170,0,0,34.09,5375,35.45,5590,21.82,3441,8.18,1290,0.45,71,48,7569,0.41,65,43.62,6878,25.93,4089,23.05,3635,5.35,844,1.65,260,52,8199,11,15768
2019-03-01-00-00-00,연극,1.55,13122,45.72,387052,30.97,262183,15.31,129610,5.24,44360,1.22,10328,1.13,9566,41.28,349464,35.39,299601,15.08,127663,5.47,46307,1.64,13884,37,313231,1.8,15238,48.31,408978,28.37,240172,15.44,130710,5.1,43175,0.98,8296,63,533339,38,846570
2019-03-01-00-00-00,오페라,0,0,20.38,13336,29.62,19382,30.38,19879,13.85,9063,5.77,3776,0,0,21.05,13774,26.32,17223,25,16359,14.47,9469,13.16,8611,30,19631,0,0,20.11,13159,30.98,20272,32.61,21339,13.59,8893,2.72,1780,70,45805,19,65436
2019-03-01-00-00-00,전시/행사,1.86,12873,30.89,213796,39.97,276640,23.14,160157,3.31,22909,0.83,5745,2.08,14396,27.44,189918,40.34,279201,24.47,169362,4.3,29761,1.38,9551,24,166109,1.79,12389,31.99,221409,39.85,275810,22.72,157250,3,20764,0.65,4499,76,526011,26,692120
2019-03-01-00-00-00,체험,2.82,12724,39.05,176190,34.56,155931,19.19,86583,3.26,14709,1.13,5098,1.42,6407,34.1,153856,34.93,157601,23.15,104450,4.36,19672,2.03,9159,33,148893,3.52,15882,41.53,187379,34.38,155119,17.2,77605,2.7,12182,0.67,3023,67,302297,33,451190
2019-03-01-00-00-00,콘서트,4.35,11476,34.32,90543,32.89,86771,21.07,55587,5.89,15539,1.48,3905,4.53,11951,33.97,89620,33.96,89594,18.78,49546,6.7,17676,2.06,5435,33,87061,4.27,11265,34.5,91018,32.37,85399,22.18,58515,5.49,14484,1.2,3166,67,176760,24,263821
2019-03-01-00-00-00,클래식,1.97,1450,35.7,26273,33.36,24551,20.69,15226,6.45,4747,1.83,1347,2.13,1568,32.93,24234,34.44,25345,20.1,14792,7.99,5880,2.42,1781,28,20606,1.9,1398,36.83,27104,32.92,24227,20.92,15396,5.83,4290,1.59,1170,71,52251,36,73593
2019-05-01-00-00-00,강좌,1.18,4963,33.35,140279,34.58,145453,23.23,97712,5.99,25196,1.66,6982,0.89,3744,26.08,109700,35.97,151300,27.44,115420,7.45,31337,2.17,9128,38,159839,1.36,5721,37.84,159166,33.72,141836,20.64,86818,5.09,21410,1.34,5636,62,260789,39,420628
2019-05-01-00-00-00,구기스포츠,1.19,2444,13.95,28651,31.45,64592,44.21,90798,8.31,17067,0.89,1828,1.29,2649,16.81,34524,34.48,70815,37.07,76134,9.91,20353,0.43,883,69,141712,0.95,1951,7.62,15650,24.76,50852,60,123228,4.76,9776,1.9,3902,31,63668,34,205380
2019-05-01-00-00-00,국내숙박,0.45,13193,16.24,476124,41.16,1206729,32.99,967201,7.38,216367,1.79,52479,0.51,14952,14.22,416902,38,1114084,35,1026130,9.52,279107,2.75,80625,33,967494,0.43,12607,17.23,505149,42.71,1252172,31.99,937883,6.32,185290,1.31,38407,67,1964306,39,2931800
2019-05-01-00-00-00,국내여행,0.6,8385,16.22,226679,33.49,468033,32.24,450564,13.54,189226,3.91,54643,0.6,8385,12.95,180980,32.13,449026,34.45,481449,14.37,200825,5.5,76864,36,503111,0.6,8385,18.02,251835,34.25,478654,31.02,433514,13.09,182937,3.02,42205,64,894419,40,1397530
2019-05-01-00-00-00,국악/전통예술,3.92,1913,32.35,15790,27.25,13301,28.24,13784,7.06,3446,1.18,576,2.27,1108,26.14,12759,30.68,14975,29.55,14423,9.09,4437,2.27,1108,17,8298,4.27,2084,33.65,16425,26.54,12954,27.96,13647,6.64,3241,0.95,464,83,40512,27,48810
2019-05-01-00-00-00,뮤지컬,0.85,2223,14.09,36849,52.75,137954,28.21,73776,3.22,8421,0.88,2301,0.67,1752,13.35,34913,48.08,125741,32.07,83871,4.61,12056,1.22,3191,24,62766,0.9,2354,14.32,37450,54.21,141772,27.01,70638,2.79,7297,0.77,2014,76,198758,30,261524
2019-05-01-00-00-00,발레/무용,1.76,89,20.16,1022,34.64,1757,34.83,1766,7.24,367,1.37,69,0,0,21.98,1115,29.67,1505,29.67,1505,15.38,780,3.3,167,18,913,2.14,109,19.76,1002,35.71,1811,35.95,1823,5.48,278,0.95,48,82,4158,14,5071
2019-05-01-00-00-00,스포츠,0.48,97,31.9,6437,34.29,6920,20.95,4228,8.1,1635,4.29,866,0,0,26.27,5301,38.98,7866,21.19,4276,8.47,1709,5.08,1025,56,11301,1.09,220,39.13,7896,28.26,5703,20.65,4167,7.61,1536,3.26,658,44,8879,8,20180
2019-05-01-00-00-00,아웃도어스포츠,0.34,708,27.17,56606,38.44,80086,28.2,58752,4.18,8709,1.66,3458,0.54,1125,20.89,43522,38.08,79336,32.75,68231,5.33,11105,2.39,4979,53,110420,0.12,250,34.14,71127,38.84,80919,23.16,48252,2.9,6042,0.84,1750,47,97920,36,208340
2019-05-01-00-00-00,연극,2.26,24379,45.98,495995,28.16,303768,17.12,184677,5.38,58035,1.1,11866,1.25,13484,40.81,440226,33.81,364715,16.88,182088,5.85,63105,1.39,14994,36,388339,2.83,30528,48.88,527278,24.99,269572,17.25,186079,5.12,55230,0.93,10032,64,690381,38,1078720
2019-05-01-00-00-00,오페라,0,0,10.98,6889,39.02,24483,36.59,22958,7.93,4976,5.49,3445,0,0,13.16,8257,50,31373,31.58,19815,2.63,1650,2.63,1650,23,14431,0,0,10.32,6475,35.71,22406,38.1,23906,9.52,5973,6.35,3984,77,48314,19,62745
2019-05-01-00-00-00,전시/행사,2.95,21056,30.98,221120,37.1,264801,24.67,176082,3.47,24767,0.82,5853,2.32,16559,27.7,197709,38.68,276079,24.92,177867,4.85,34617,1.52,10849,25,178438,3.16,22555,32.08,228971,36.58,261090,24.58,175440,3.01,21484,0.59,4211,75,535313,31,713750
2019-05-01-00-00-00,체험,2.97,16629,36.86,206375,35.42,198313,20.73,116065,3.1,17357,0.92,5151,1.65,9238,31.57,176757,36.72,205591,24.86,139188,3.94,22060,1.25,6999,32,179164,3.59,20100,39.33,220204,34.82,194953,18.8,105259,2.71,15173,0.76,4255,68,380725,35,559889
2019-05-01-00-00-00,콘서트,2.18,18743,33,283720,34.74,298680,20.63,177368,7.34,63106,2.1,18055,2.38,20462,29.01,249416,35.85,308223,20.43,175648,8.98,77206,3.36,28888,32,275122,2.09,17969,34.87,299797,34.22,294209,20.72,178142,6.58,56572,1.52,13068,68,584635,27,859757
2019-05-01-00-00-00,클래식,3.39,4029,31.15,37023,31.89,37903,25.42,30213,6.09,7238,2.06,2448,2.86,3399,32.08,38128,31.28,37178,22.7,26980,7.94,9437,3.13,3720,26,30902,3.57,4243,30.83,36643,32.1,38152,26.37,31342,5.44,6466,1.68,1997,74,87952,38,118854
2019-10-01-00-00-00,강좌,0.75,3678,43.34,212539,31.56,154770,19.1,93666,4.34,21283,0.91,4463,0.8,3923,35.16,172425,32.04,157124,25.33,124218,5.33,26138,1.33,6522,39,191256,0.71,3482,48.61,238383,31.25,153250,15.07,73903,3.71,18194,0.64,3139,61,299144,39,490400
2019-10-01-00-00-00,구기스포츠,1.62,3147,13,25253,31.88,61927,41.19,80012,10.73,20843,1.58,3069,2.14,4157,12.16,23621,32.11,62374,40.82,79293,11.07,21503,1.7,3302,74,143745,0.16,311,15.37,29856,31.21,60625,42.24,82051,9.78,18998,1.24,2409,26,50505,34,194250
2019-10-01-00-00-00,국내숙박,0.59,19443,15.84,522001,40.53,1335650,32.52,1071684,8.41,277148,2.11,69534,0.57,18784,13.72,452137,36.99,1218991,34.52,1137593,10.76,354591,3.43,113034,32,1054547,0.6,19773,16.86,555615,42.23,1391673,31.56,1040047,7.29,240239,1.47,48443,68,2240913,39,3295460
2019-10-01-00-00-00,국내여행,0.63,8919,14.51,205412,31.4,444517,32.84,464903,15.86,224524,4.76,67385,0.55,7786,11.01,155864,29.6,419035,34.69,491092,17.13,242503,7.01,99238,33,467168,0.67,9485,16.19,229195,32.27,456833,31.95,452303,15.25,215888,3.67,51955,67,948492,40,1415660
2019-10-01-00-00-00,국악/전통예술,5.7,3273,26.51,15223,32.47,18646,22.97,13191,8.46,4858,3.89,2234,1.36,781,22.37,12846,40,22970,18.31,10515,10.85,6231,7.12,4089,25,14356,7.18,4123,27.93,16039,29.9,17170,24.57,14109,7.65,4393,2.78,1596,75,43069,36,57425
2019-10-01-00-00-00,뮤지컬,1.1,7013,11.69,74527,57.25,364986,26.29,167607,2.77,17660,0.9,5738,0.81,5164,9.74,62095,51.18,326288,32.9,209747,3.95,25182,1.41,8989,23,146632,1.19,7587,12.26,78161,59.02,376270,24.35,155239,2.42,15428,0.75,4781,77,490898,38,637530
2019-10-01-00-00-00,발레/무용,1.41,1295,21.57,19808,38.05,34942,32.44,29791,5,4592,1.53,1405,0,0,17.03,15639,36.08,33133,33.7,30948,10.44,9587,2.75,2525,16,14693,1.68,1543,22.46,20626,38.43,35291,32.2,29570,3.94,3618,1.29,1185,84,77140,39,91833
2019-10-01-00-00-00,스포츠,2.87,40647,22.58,319794,41.22,583788,25.81,365540,5.73,81152,1.79,25351,2.46,34840,24.63,348828,43.84,620894,22.66,320927,5.42,76762,0.99,14021,73,1033879,3.95,55943,17.11,242324,34.21,484507,34.21,484507,6.58,93191,3.95,55943,27,382394,15,1416273
2019-10-01-00-00-00,아웃도어스포츠,0.65,1066,24.61,40368,44.26,72600,24.91,40860,4.11,6742,1.45,2378,0.44,722,20.17,33085,43.19,70845,29.12,47766,4.81,7890,2.27,3723,51,83655,0.87,1427,29.3,48061,45.39,74453,20.47,33577,3.38,5544,0.58,951,49,80375,37,164030
2019-10-01-00-00-00,연극,2.98,27978,46.18,433566,27.15,254900,17.66,165803,4.81,45159,1.22,11454,1.46,13707,42,394321,31.96,300060,18.13,170215,4.74,44502,1.71,16055,35,328601,3.8,35677,48.46,454972,24.54,230396,17.41,163456,4.84,45441,0.96,9013,65,610259,38,938860
2019-10-01-00-00-00,오페라,1.42,1311,31.21,28817,31.33,28928,25.21,23277,8.9,8218,1.93,1782,0.21,194,29.14,26906,33.33,30774,21.8,20128,13.21,12197,2.31,2133,31,28623,1.96,1810,32.12,29657,30.45,28115,26.72,24671,6.98,6445,1.77,1634,69,63709,31,92332
2019-10-01-00-00-00,전시/행사,2.78,33589,30.86,372857,36.79,444504,24.64,297705,3.63,43858,1.3,15707,2.18,26339,28.46,343859,38.17,461178,24.11,291302,5.35,64640,1.71,20661,25,302055,2.98,36005,31.66,382522,36.33,438946,24.81,299759,3.06,36972,1.17,14136,75,906165,36,1208220
2019-10-01-00-00-00,체험,3.23,28205,31.87,278292,34.57,301869,25.08,219001,4.2,36675,1.06,9256,1.88,16416,29.98,261788,34.33,299773,26.82,234195,5.18,45232,1.81,15805,28,244499,3.78,33007,32.64,285016,34.67,302742,24.37,212801,3.8,33182,0.76,6636,71,619979,38,873210
2019-10-01-00-00-00,콘서트,3.65,28616,29.46,230969,33.74,264525,23.59,184948,7.79,61074,1.77,13877,3.3,25872,29.21,229009,36.42,285536,21.31,167073,7.45,58409,2.32,18189,33,258723,3.82,29949,29.59,231989,32.41,254098,24.71,193729,7.96,62407,1.5,11760,67,525287,38,784010
2019-10-01-00-00-00,클래식,4.45,5105,29.63,33994,31.11,35693,24.78,28430,7.85,9006,2.19,2513,2.72,3121,28.92,33180,33.26,38159,21.27,24403,10.26,11771,3.57,4096,28,32124,5.12,5874,29.9,34304,30.28,34740,26.13,29979,6.92,7939,1.66,1905,72,82606,40,114730
2019-09-01-00-00-00,강좌,1.03,5571,45.83,247876,30.15,163069,17.62,95300,4.34,23473,1.02,5517,0.87,4705,36.86,199361,32.06,173400,23.7,128184,5.09,27530,1.42,7680,37,200118,1.13,6112,51.2,276920,29.01,156903,13.98,75612,3.89,21039,0.78,4219,63,340742,39,540860
2019-09-01-00-00-00,구기스포츠,0.91,1612,11.96,21187,33.88,60018,42.37,75058,9.87,17485,1,1772,1.15,2037,10.96,19416,35.37,62658,42.46,75218,9.45,16741,0.61,1081,72,127548,0.31,549,14.51,25704,30.09,53304,42.13,74633,10.96,19416,2.01,3561,28,49602,34,177150
2019-09-01-00-00-00,국내숙박,0.52,14801,17.36,494114,40.55,1154167,31.79,904832,7.82,222579,1.96,55787,0.54,15370,15.26,434342,37.57,1069347,33.45,952081,10.09,287190,3.09,87950,32,910810,0.51,14516,18.35,522292,41.95,1194014,31.02,882916,6.75,192124,1.42,40417,68,1935470,39,2846280
2019-09-01-00-00-00,국내여행,0.57,6275,16.35,179996,33.05,363844,31.78,349863,14.03,154455,4.22,46458,0.55,6055,13.14,144657,31.1,342377,34.14,375844,15.13,166565,5.94,65393,33,363294,0.58,6385,17.97,197830,34.03,374633,30.59,336762,13.47,148290,3.36,36990,67,737596,40,1100890
2019-09-01-00-00-00,국악/전통예술,4.07,1412,28.75,9975,31.56,10950,26.14,9070,7.07,2453,2.42,840,3.39,1176,25.08,8702,31.86,11054,26.78,9292,8.14,2824,4.75,1648,28,9715,4.34,1506,30.22,10485,31.44,10909,25.88,8980,6.64,2304,1.49,517,71,24635,35,34697
2019-09-01-00-00-00,뮤지컬,0.86,3346,12.46,48476,56.58,220124,26.1,101542,2.99,11633,1.01,3929,0.75,2918,11.11,43223,49.37,192074,33.33,129670,3.94,15329,1.5,5836,24,93372,0.9,3501,12.88,50110,58.84,228917,23.83,92711,2.7,10504,0.86,3346,76,295678,36,389050
2019-09-01-00-00-00,발레/무용,2.22,618,20.87,5805,39.36,10948,29.66,8250,6.9,1919,0.99,275,0.88,245,14.04,3905,42.54,11833,25.88,7199,13.16,3661,3.51,976,19,5285,2.53,704,22.45,6245,38.62,10743,30.54,8495,5.46,1519,0.4,111,81,22531,36,27816
2019-09-01-00-00-00,스포츠,3.7,786,30.56,6493,28.7,6098,25.93,5509,8.33,1770,2.78,591,3.45,733,27.59,5862,34.48,7326,24.14,5129,5.17,1098,5.17,1098,54,11473,4,850,34,7224,22,4674,28,5949,12,2550,0,0,46,9774,13,21247
2019-09-01-00-00-00,아웃도어스포츠,0.21,409,26.01,50639,46.17,89888,22.98,44740,3.56,6931,1.06,2064,0.3,584,18.5,36018,48.18,93802,27.8,54124,3.85,7496,1.37,2667,52,101239,0.11,214,34.32,66818,43.96,85586,17.65,34363,3.25,6327,0.71,1382,48,93451,37,194690
2019-09-01-00-00-00,연극,2.09,18545,48.88,433732,28.18,250052,15.35,136207,4.52,40108,0.97,8607,1.15,10204,44.06,390962,32.72,290338,16.04,142329,4.8,42592,1.22,10826,36,319442,2.62,23248,51.61,457956,25.61,227248,14.95,132657,4.37,38777,0.83,7365,64,567898,38,887340
2019-09-01-00-00-00,오페라,0.85,543,21.96,14039,30.06,19217,33.05,21128,12.15,7767,1.92,1227,0.75,479,17.29,11053,29.32,18744,31.58,20188,17.29,11053,3.76,2404,28,17900,0.89,569,23.81,15221,30.36,19409,33.63,21499,10.12,6470,1.19,761,72,46028,23,63928
2019-09-01-00-00-00,전시/행사,2.47,22630,32.09,294002,37.47,343293,23.02,210905,4.03,36922,0.92,8429,2.17,19881,29.38,269174,37.48,343384,23.26,213103,5.99,54879,1.72,15758,25,229045,2.57,23546,32.99,302248,37.46,343201,22.94,210172,3.37,30875,0.65,5955,75,687135,36,916180
2019-09-01-00-00-00,체험,2.57,17210,37.43,250654,33.85,226680,21.77,145785,3.33,22300,1.04,6964,1.59,10648,35.57,238198,33.17,222126,23.27,155830,4.87,32612,1.53,10246,31,207595,3.01,20157,38.28,256346,34.16,228756,21.09,141231,2.64,17679,0.82,5491,69,462065,38,669660
2019-09-01-00-00-00,콘서트,4.06,18896,31.32,145768,35.88,166991,21.78,101367,5.6,26063,1.37,6376,3.82,17779,30.08,139997,36.93,171878,21.03,97877,6.24,29042,1.9,8843,34,158241,4.18,19454,31.94,148654,35.34,164478,22.15,103089,5.27,24527,1.11,5166,66,307174,31,465415
2019-09-01-00-00-00,클래식,2.64,2141,28.91,23448,35.86,29085,24.14,19579,6.28,5094,2.18,1768,2.38,1930,29.51,23935,35.97,29175,20.47,16603,7.88,6391,3.79,3074,26,21088,2.73,2214,28.7,23278,35.81,29045,25.46,20650,5.7,4623,1.59,1290,74,60020,40,81108
2020-01-01-00-00-00,뮤지컬,0.52,1261,10.44,25320,48.54,117724,33.48,81199,5.5,13339,1.51,3662,20,48506,0.64,1552,10.02,24302,58.13,140983,27.34,66308,3.13,7591,0.73,1770,80,194024,0.62,1504,10.11,24520,56.2,136302,28.58,69315,3.61,8755,0.89,2159,8,242530
2020-01-01-00-00-00,콘서트,4.98,7755,37.27,58037,36.11,56230,15.13,23560,5.13,7988,1.38,2149,37,57616,5.54,8627,33.3,51855,34.56,53817,20.61,32094,4.94,7693,1.05,1635,63,98104,5.34,8315,34.77,54144,35.14,54720,18.57,28917,5.01,7802,1.17,1822,6,155720
2020-01-01-00-00-00,연극,1.31,8723,44.85,298634,33.22,221195,14.41,95949,4.72,31428,1.48,9855,32,213072,3.37,22439,51.06,339983,25.34,168726,14.38,95749,4.81,32027,1.03,6858,68,452778,2.71,18045,49.05,326599,27.89,185706,14.39,95816,4.78,31828,1.18,7857,14,665850
2020-01-01-00-00-00,전시/행사,2.08,6017,23.76,68728,41.83,120997,27.25,78823,3.87,11194,1.21,3500,19,54959,3.08,8909,26.18,75728,43.56,126002,24.57,71071,2.13,6161,0.48,1388,81,234301,2.89,8360,25.72,74398,43.23,125047,25.08,72546,2.46,7116,0.62,1793,5,289260
2020-01-01-00-00-00,클래식,2.33,997,27.56,11790,32.76,14015,24.82,10618,8.59,3675,3.94,1686,28,11978,2.27,971,24.9,10652,34.78,14879,30.78,13168,5.61,2400,1.66,710,72,30802,2.28,975,25.64,10969,34.21,14635,29.12,12458,6.44,2755,2.3,984,12,42780
2020-01-01-00-00-00,오페라,3.61,2775,21.69,16673,30.12,23153,24.1,18526,15.66,12038,4.82,3705,28,21524,2.35,1806,16.43,12630,35.21,27066,26.29,20209,16.9,12991,2.82,2168,72,55346,2.7,2075,17.91,13767,33.78,25967,25.68,19740,16.55,12722,3.38,2598,4,76870
2020-01-01-00-00-00,발레/무용,0,0,14.09,94,34.9,234,34.9,234,10.74,72,5.37,36,12,80,1.58,11,12.68,85,44.37,297,38.73,259,2.38,16,0.26,2,88,590,1.4,9,12.84,86,43.27,290,38.29,257,3.35,22,0.86,6,2,670
2020-01-01-00-00-00,국악/전통예술,1.21,130,11.37,1226,32.65,3520,33.01,3558,14.51,1564,7.26,783,26,2803,0.46,50,12.91,1392,40.9,4409,37.15,4005,6.96,750,1.62,175,74,7977,0.65,70,12.52,1350,38.79,4182,36.09,3891,8.89,958,3.07,331,6,10780
2020-01-01-00-00-00,스포츠,1.75,501,25.44,7276,25.15,7193,43.57,12461,3.22,921,0.88,252,42,12012,0.43,123,17.7,5062,33.48,9575,45.2,12927,2.99,855,0.21,60,57,16302,0.99,283,20.96,5995,29.96,8569,44.51,12730,3.08,881,0.49,140,1,28600
2020-01-01-00-00-00,국내여행,1.18,13035,15.99,176638,28.23,311851,33.91,374597,15.09,166696,5.6,61862,34,375591,1.44,15907,21.64,239053,31.13,343887,31.81,351399,11.55,127591,2.43,26844,66,729089,1.35,14913,19.75,218174,30.15,333061,32.51,359131,12.73,140626,3.49,38553,20,1104680
2020-01-01-00-00-00,국내숙박,1.09,59048,17.5,948015,36.7,1988123,33.07,1791478,9.13,494593,2.51,135972,33,1787686,0.97,52547,21.18,1147369,40.28,2182060,30.23,1637629,6.15,333160,1.18,63923,67,3629544,1.01,54714,19.97,1081821,39.1,2118137,31.17,1688551,7.13,386248,1.62,87759,29,5417230
2020-01-01-00-00-00,체험,2.48,429,39.97,6907,33.25,5746,19.33,3340,3.74,646,1.24,214,30,5184,5.17,893,39.31,6793,35.76,6179,16.91,2922,2.23,385,0.62,107,70,12096,4.37,755,39.51,6827,35.01,6050,17.63,3046,2.68,463,0.81,140,1,17280
2020-01-01-00-00-00,강좌,1.35,40190,21.19,630828,41.88,1246772,28.88,859760,5.86,174453,0.84,25007,42,1250344,1.25,37213,28.98,862737,40.16,1195567,24.51,729665,4.36,129798,0.73,21732,57,1696896,1.29,38403,25.73,765985,40.88,1217002,26.33,783847,4.99,148553,0.78,23221,10,2977010
2020-02-01-00-00-00,뮤지컬,0.48,582,10.15,12297,49.22,59630,33.73,40864,4.87,5900,1.54,1866,22,26653,0.64,775,10.77,13048,57.63,69819,27.11,32844,2.96,3586,0.89,1078,78,94497,0.6,727,10.63,12878,55.75,67541,28.59,34637,3.39,4107,1.04,1260,8,121150
2020-02-01-00-00-00,콘서트,4.43,3405,35.78,27501,36.15,27785,16.41,12613,5.66,4350,1.57,1207,37,28438,5.28,4058,32.61,25064,33.66,25871,22.24,17094,5.13,3943,1.07,822,63,48422,4.97,3820,33.77,25956,34.58,26578,20.11,15457,5.33,4097,1.25,961,6,76860
2020-02-01-00-00-00,연극,0.95,3110,43.31,141771,34.65,113423,14.88,48708,4.64,15189,1.57,5139,34,111296,2.76,9035,50.18,164259,25.81,84486,14.99,49068,5.3,17349,0.96,3142,66,216044,2.15,7038,47.88,156730,28.77,94176,14.95,48937,5.08,16629,1.17,3830,14,327340
2020-02-01-00-00-00,전시/행사,1.88,3365,22.98,41132,41.15,73654,28.42,50869,4.26,7625,1.32,2363,21,37588,3.13,5602,28.25,50565,42.25,75623,23.62,42277,2.2,3938,0.55,984,79,141402,2.87,5137,27.15,48596,42.02,75212,24.61,44049,2.63,4707,0.71,1271,5,178990
2020-02-01-00-00-00,클래식,3.04,890,27.44,8034,33.92,9931,22.19,6497,9.56,2799,3.84,1124,28,8198,2.68,785,29.68,8690,33.93,9934,26.64,7800,5.04,1476,2.04,597,71,20787,2.78,814,29.04,8502,33.93,9934,25.37,7428,6.33,1853,2.55,747,12,29278
2020-02-01-00-00-00,오페라,3.87,1522,10.32,4060,28.39,11169,29.68,11676,23.87,9390,3.87,1522,35,13769,0.69,271,22.15,8714,24.57,9666,38.41,15110,10.73,4221,3.46,1361,65,25571,1.8,708,18.02,7089,25.9,10189,35.36,13911,15.32,6027,3.6,1416,4,39340
2020-02-01-00-00-00,발레/무용,0,0,9.33,33,28.5,100,52.33,183,5.7,20,4.15,15,15,53,1.51,5,13.42,47,41.87,147,35.56,124,6.58,23,1.07,4,85,298,1.29,5,12.82,45,39.91,140,38.01,133,6.45,23,1.52,5,1,350
2020-02-01-00-00-00,국악/전통예술,0.75,39,3.46,179,11.55,598,29.93,1549,31.7,1640,22.62,1171,48,2484,0.88,46,11.8,611,28.49,1474,28.38,1469,21.58,1117,8.86,459,52,2691,0.82,42,7.77,402,20.3,1051,29.13,1507,26.47,1370,15.51,803,6,5175
2020-02-01-00-00-00,스포츠,2.05,577,32.42,9129,28.33,7978,30.72,8651,4.78,1346,1.71,482,44,12390,0.81,228,34.59,9741,28.92,8144,29.46,8296,5.41,1523,0.81,228,56,15770,1.36,383,33.63,9470,28.66,8071,30.02,8454,5.13,1445,1.21,341,1,28160
2020-02-01-00-00-00,국내여행,0.79,6022,14.86,113282,28.12,214367,34,259192,15.81,120524,6.42,48942,33,251569,0.95,7242,19.26,146825,30.74,234340,32.31,246309,13.66,104134,3.08,23480,67,510761,0.9,6861,17.82,135847,29.88,227784,32.86,250502,14.37,109547,4.17,31789,20,762330
2020-02-01-00-00-00,국내숙박,0.73,18607,15.01,382600,35.89,914825,35.52,905394,10.14,258466,2.71,69077,33,841160,0.6,15294,18.19,463658,39.99,1019333,33.14,844729,6.8,173330,1.27,32372,67,1707810,0.64,16313,17.15,437148,38.65,985177,33.92,864611,7.89,201114,1.74,44352,29,2548970
2020-02-01-00-00-00,체험,2.94,393,37.92,5066,30.83,4119,23.4,3126,3.92,524,0.98,131,32,4275,5.78,772,40.08,5355,33,4409,17.55,2345,2.95,394,0.65,87,68,9085,4.88,652,39.39,5263,32.31,4317,19.41,2593,3.26,436,0.76,102,1,13360
2020-02-01-00-00-00,강좌,1.05,15666,19.99,298243,40.17,599320,30.89,460866,6.82,101752,1.07,15964,40,596784,0.91,13577,31.32,467282,37.42,558291,25.05,373736,4.72,70421,0.58,8653,60,895176,0.96,14323,26.8,399845,38.52,574703,27.38,408499,5.56,82953,0.78,11637,10,1491960
2020-03-01-00-00-00,뮤지컬,0.39,358,10.76,9876,51.27,47056,32.42,29755,3.83,3515,1.34,1230,24,22027,0.49,450,11.11,10197,60.62,55637,24.24,22247,2.67,2451,0.86,789,76,69753,0.47,431,11.03,10123,58.42,53618,26.16,24010,2.94,2698,0.98,899,8,91780
2020-03-01-00-00-00,콘서트,4.53,1357,33.97,10174,33.96,10171,18.78,5625,6.7,2007,2.06,617,33,9884,4.27,1279,34.5,10333,32.37,9695,22.18,6643,5.49,1644,1.2,359,67,20067,4.35,1303,34.32,10279,32.89,9851,21.07,6310,5.89,1764,1.48,443,6,29950
2020-03-01-00-00-00,연극,1.13,2182,41.28,79720,35.39,68345,15.08,29122,5.47,10564,1.64,3167,37,71454,1.8,3476,48.31,93296,28.37,54788,15.44,29818,5.1,9849,0.98,1893,63,121666,1.55,2993,45.72,88294,30.97,59809,15.31,29567,5.24,10119,1.22,2356,14,193120
2020-03-01-00-00-00,전시/행사,2.08,2403,27.44,31701,40.34,46605,24.47,28270,4.3,4968,1.38,1594,24,27727,1.79,2068,31.99,36958,39.85,46039,22.72,26248,3,3466,0.65,751,76,87803,1.86,2149,30.89,35687,39.97,46177,23.14,26734,3.31,3824,0.83,959,5,115530
2020-03-01-00-00-00,클래식,2.13,740,32.93,11440,34.44,11964,20.1,6983,7.99,2776,2.42,841,28,9727,1.9,660,36.83,12795,32.92,11436,20.92,7268,5.83,2025,1.59,552,71,24665,1.97,684,35.7,12402,33.36,11589,20.69,7188,6.45,2241,1.83,636,12,34740
2020-03-01-00-00-00,오페라,0,0,21.05,6719,26.32,8401,25,7980,14.47,4619,13.16,4201,30,9576,0,0,20.11,6419,30.98,9889,32.61,10409,13.59,4338,2.72,868,70,22344,0,0,20.38,6505,29.62,9455,30.38,9697,13.85,4421,5.77,1842,4,31920
2020-03-01-00-00-00,발레/무용,0,0,9.96,29,26.41,77,46.75,136,7.36,21,9.52,28,16,46,1.1,3,18.46,54,41.66,121,33.45,97,4.23,12,1.1,3,84,244,0.92,3,17.07,50,39.16,114,35.62,103,4.75,14,2.48,7,1,290
2020-03-01-00-00-00,국악/전통예술,0.54,22,7.3,301,17.04,704,29.26,1208,27.42,1132,18.44,762,43,1776,0.97,40,14.24,588,26.42,1091,29.13,1203,21.2,876,8.05,332,56,2313,0.79,33,11.27,465,22.4,925,29.18,1205,23.86,985,12.5,516,5,4130
2020-03-01-00-00-00,스포츠,0,0,34.09,9787,35.45,10178,21.82,6265,8.18,2348,0.45,129,48,13781,0.41,118,43.62,12523,25.93,7445,23.05,6618,5.35,1536,1.65,474,52,14929,0.22,63,39.09,11223,30.45,8742,22.46,6448,6.7,1924,1.08,310,1,28710
2020-03-01-00-00-00,국내여행,0.53,3317,12.46,77985,30.67,191957,32.05,200595,16.65,104209,7.64,47817,34,212799,0.48,3004,17.57,109967,32.25,201846,29.01,181568,16.66,104272,4.04,25286,66,413081,0.5,3129,15.86,99265,31.72,198529,30.03,187952,16.65,104209,5.25,32859,20,625880
2020-03-01-00-00-00,국내숙박,0.42,7910,14.09,265354,38.71,729018,33,621482,10.45,196803,3.33,62713,34,640315,0.36,6780,18.57,349725,43.26,814707,28.71,540690,7.49,141058,1.6,30132,66,1242965,0.38,7156,17.06,321288,41.73,785893,30.15,567809,8.49,159890,2.18,41056,29,1883280
2020-03-01-00-00-00,체험,1.42,152,34.1,3649,34.93,3738,23.15,2477,4.36,467,2.03,217,33,3531,3.52,377,41.53,4444,34.38,3679,17.2,1840,2.7,289,0.67,72,67,7169,2.82,302,39.05,4178,34.56,3698,19.19,2053,3.26,349,1.13,121,1,10700
2020-03-01-00-00-00,강좌,0.7,10596,20.06,303648,41.18,623342,30.85,466976,6.15,93093,1.06,16045,41,620617,0.44,6660,32.9,498007,37.42,566427,24.28,367526,4.42,66906,0.54,8174,59,893083,0.55,8325,27.63,418235,38.96,589738,26.98,408396,5.13,77653,0.75,11353,10,1513700
2020-04-01-00-00-00,뮤지컬,0.54,483,11.16,9992,49.92,44693,32.65,29232,4.27,3823,1.46,1307,23,20592,0.59,528,11.82,10582,57.99,51918,26.26,23511,2.72,2435,0.63,564,77,68938,0.58,519,11.66,10439,56.1,50226,27.75,24845,3.08,2758,0.83,743,8,89530
2020-04-01-00-00-00,콘서트,3.69,581,27.76,4369,35.02,5512,21.35,3360,9.03,1421,3.15,496,31,4879,3.19,502,31.43,4947,35.11,5526,22.1,3479,6.74,1061,1.43,225,69,10861,3.35,527,30.28,4766,35.08,5522,21.86,3441,7.46,1174,1.97,310,6,15740
2020-04-01-00-00-00,연극,0.68,1502,36.88,81483,36.54,80731,18.17,40145,6,13256,1.73,3822,36,79538,1.94,4286,44.74,98849,28.24,62393,18.11,40012,5.78,12770,1.2,2651,64,141402,1.49,3292,41.95,92684,31.18,68889,18.13,40056,5.86,12947,1.39,3071,14,220940
2020-04-01-00-00-00,전시/행사,1.85,2299,24.62,30593,44.29,55035,23.46,29151,4.39,5455,1.4,1740,28,34793,2.58,3206,32.66,40583,37.33,46386,23.58,29301,3.15,3914,0.7,870,72,89467,2.38,2957,30.42,37800,39.27,48797,23.55,29263,3.49,4337,0.89,1106,5,124260
2020-04-01-00-00-00,클래식,2.24,671,26.51,7947,33.45,10027,25.43,7623,9.18,2752,3.19,956,27,8094,1.96,588,30.55,9158,33.97,10183,26.25,7869,6.04,1811,1.23,369,73,21883,2.04,612,29.46,8831,33.83,10141,26.03,7803,6.88,2062,1.75,525,12,29977
2020-04-01-00-00-00,오페라,0,0,12.9,4907,33.87,12884,27.42,10431,20.97,7977,4.84,1841,31,11792,2.21,841,22.06,8392,32.35,12306,33.82,12865,8.09,3077,1.47,559,69,26248,1.52,578,19.19,7300,32.83,12489,31.82,12104,12.12,4610,2.53,962,4,38040
2020-04-01-00-00-00,발레/무용,0.95,1,21.14,32,30.91,46,30.28,45,12.3,18,4.42,7,16,24,1.77,3,20.59,31,38.82,58,31.45,47,6.31,9,1.06,2,84,126,1.64,2,20.68,31,37.57,56,31.26,47,7.26,11,1.59,2,2,150
2020-04-01-00-00-00,국악/전통예술,0,0,33.33,1198,36.9,1327,23.81,856,2.38,86,3.57,128,19,683,0.83,30,28.61,1029,36.67,1318,27.5,989,5,180,1.39,50,81,2912,0.68,24,29.5,1061,36.71,1320,26.8,963,4.5,162,1.8,65,5,3595
2020-04-01-00-00-00,스포츠,1.62,603,35.68,13277,35.14,13076,14.59,5429,11.35,4223,1.62,603,54,20093,0.63,234,40.88,15211,28.3,10530,23.27,8659,5.03,1872,1.89,703,46,17117,1.16,432,38.08,14170,31.98,11900,18.6,6921,8.43,3137,1.74,647,1,37210
2020-04-01-00-00-00,국내여행,0.44,3152,11.78,84387,30.63,219421,34.14,244565,16.47,117984,6.54,46850,34,243562,0.46,3295,16.62,119059,32.63,233748,31.73,227301,15.03,107669,3.54,25359,66,472798,0.45,3224,14.96,107167,31.95,228877,32.55,233175,15.52,111179,4.56,32666,20,716360
2020-04-01-00-00-00,국내숙박,0.45,10518,13.49,315299,38.04,889101,34.73,811737,10.19,238169,3.1,72456,33,771302,0.37,8648,17.29,404116,42.65,996850,31.5,736243,6.81,159169,1.39,32488,67,1565978,0.4,9349,16.02,374432,41.12,961090,32.57,761252,7.93,185346,1.95,45577,29,2337280
2020-04-01-00-00-00,체험,0.01,1,0.32,33,0.36,38,0.24,25,0.05,5,0.02,2,0.3,31,0.03,3,0.42,44,0.36,38,0.16,17,0.02,2,0.01,1,0.7,73,0.02,2,0.39,41,0.36,38,0.18,19,0.03,3,0.01,1,1,10460
2020-04-01-00-00-00,강좌,0,0,0.21,2095,0.42,4189,0.28,2793,0.06,598,0.02,199,0.42,4189,0.01,100,0.39,3890,0.34,3391,0.21,2095,0.04,399,0.01,100,0.57,5686,0,0,0.32,3192,0.38,3790,0.24,2394,0.05,499,0.01,100,10,997470
2020-05-01-00-00-00,뮤지컬,0.01,10,0.13,124,0.48,458,0.32,305,0.05,48,0.01,10,0.24,229,0.01,10,0.14,133,0.54,515,0.27,257,0.03,29,0.01,10,0.76,724,0.01,10,0.14,133,0.53,505,0.28,267,0.03,29,0.01,10,8,95320
2020-05-01-00-00-00,콘서트,0.02,6,0.29,88,0.36,109,0.2,61,0.09,27,0.03,9,0.32,97,0.02,6,0.35,106,0.34,103,0.21,64,0.07,21,0.02,6,0.68,206,0.02,6,0.33,100,0.35,106,0.21,64,0.07,21,0.02,6,6,30330
2020-05-01-00-00-00,연극,0.01,26,0.41,1047,0.34,868,0.17,434,0.06,153,0.01,26,0.36,919,0.03,77,0.49,1251,0.25,638,0.17,434,0.05,128,0.01,26,0.64,1634,0.02,51,0.46,1175,0.28,715,0.17,434,0.05,128,0.01,26,14,255370
2020-05-01-00-00-00,전시/행사,0.02,30,0.28,425,0.39,592,0.25,379,0.05,76,0.02,30,0.25,379,0.03,46,0.32,485,0.37,561,0.25,379,0.03,46,0.01,15,0.75,1138,0.03,46,0.31,470,0.37,561,0.25,379,0.03,46,0.01,15,5,151680
2020-05-01-00-00-00,클래식,0.03,10,0.32,103,0.31,100,0.23,74,0.08,26,0.03,10,0.26,84,0.04,13,0.31,100,0.32,103,0.26,84,0.05,16,0.02,6,0.74,239,0.03,10,0.31,100,0.32,103,0.25,81,0.06,19,0.02,6,12,32340
2020-05-01-00-00-00,오페라,0,0,0.13,59,0.5,228,0.32,146,0.03,14,0.03,14,0.23,105,0,0,0.1,46,0.36,164,0.38,173,0.1,46,0.06,27,0.77,351,0,0,0.11,50,0.39,178,0.37,169,0.08,36,0.05,23,4,45550
2020-05-01-00-00-00,발레/무용,0,0,0.22,1,0.3,1,0.3,1,0.15,0,0.03,0,0.18,1,0.02,0,0.2,1,0.36,1,0.36,1,0.05,0,0.01,0,0.82,3,0.02,0,0.2,1,0.35,1,0.35,1,0.07,0,0.01,0,1,330
2020-05-01-00-00-00,국악/전통예술,0.02,1,0.26,11,0.31,13,0.3,13,0.09,4,0.02,1,0.17,7,0.04,2,0.34,14,0.27,11,0.28,12,0.07,3,0.01,0,0.83,35,0.04,2,0.32,13,0.27,11,0.28,12,0.07,3,0.01,0,6,4189
2020-05-01-00-00-00,스포츠,0,0,0.26,225,0.39,337,0.21,181,0.08,69,0.05,43,0.56,484,0.01,9,0.39,337,0.28,242,0.21,181,0.08,69,0.03,26,0.44,380,0,0,0.32,276,0.34,294,0.21,181,0.08,69,0.04,35,1,86400
2020-05-01-00-00-00,국내여행,0.01,84,0.13,1095,0.32,2696,0.34,2865,0.14,1180,0.06,506,0.36,3034,0.01,84,0.18,1517,0.34,2865,0.31,2612,0.13,1095,0.03,253,0.64,5393,0.01,84,0.16,1348,0.33,2781,0.32,2696,0.14,1180,0.04,337,20,842640
2020-05-01-00-00-00,국내숙박,0.01,270,0.14,3785,0.38,10274,0.35,9463,0.1,2704,0.03,811,0.33,8922,0,0,0.17,4596,0.43,11626,0.32,8652,0.06,1622,0.01,270,0.67,18115,0,0,0.16,4326,0.41,11085,0.33,8922,0.07,1893,0.02,541,29,2703670
2020-05-01-00-00-00,체험,0.02,2,0.32,27,0.37,32,0.25,21,0.04,3,0.01,1,0.32,27,0.04,3,0.39,33,0.35,30,0.19,16,0.03,3,0.01,1,0.68,58,0.03,3,0.37,32,0.35,30,0.21,18,0.03,3,0.01,1,1,8540
2020-05-01-00-00-00,강좌,0.01,84,0.26,2179,0.36,3018,0.27,2263,0.07,587,0.02,168,0.38,3185,0.01,84,0.38,3185,0.34,2850,0.21,1760,0.05,419,0.01,84,0.62,5197,0.01,84,0.33,2766,0.35,2934,0.23,1928,0.06,503,0.02,168,10,838210
2020-05-01-00-00-00,구기스포츠,0.01,26,0.17,441,0.34,882,0.37,959,0.1,259,0,0,0.69,1789,0.01,26,0.08,207,0.25,648,0.6,1556,0.05,130,0.02,52,0.31,804,0.01,26,0.14,363,0.31,804,0.44,1141,0.08,207,0.01,26,7,259310
2020-05-01-00-00-00,아웃도어스포츠,0.01,8,0.21,170,0.38,307,0.33,266,0.05,40,0.02,16,0.53,428,0,0,0.34,274,0.39,315,0.23,186,0.03,24,0.01,8,0.47,379,0,0,0.27,218,0.38,307,0.28,226,0.04,32,0.02,16,6,80720
2020-06-01-00-00-00,뮤지컬,0.01,8,0.11,93,0.48,407,0.35,297,0.04,34,0.01,8,0.22,187,0.01,8,0.13,110,0.56,475,0.27,229,0.03,25,0.01,8,0.78,661,0.01,8,0.12,102,0.54,458,0.28,237,0.03,25,0.01,8,8,84790
2020-06-01-00-00-00,콘서트,0.03,10,0.27,86,0.36,114,0.21,67,0.09,29,0.04,13,0.33,105,0.02,6,0.33,105,0.33,105,0.22,70,0.08,25,0.02,6,0.67,213,0.02,6,0.31,98,0.34,108,0.22,70,0.08,25,0.03,10,6,31720
2020-06-01-00-00-00,연극,0.01,22,0.43,944,0.35,769,0.15,329,0.05,110,0.01,22,0.36,790,0.02,44,0.52,1142,0.24,527,0.15,329,0.05,110,0.01,22,0.64,1405,0.02,44,0.49,1076,0.28,615,0.15,329,0.05,110,0.01,22,14,219580
2020-06-01-00-00-00,전시/행사,0.02,29,0.26,380,0.4,584,0.25,365,0.05,73,0.01,15,0.23,336,0.02,29,0.28,409,0.4,584,0.25,365,0.03,44,0.01,15,0.77,1125,0.02,29,0.28,409,0.4,584,0.25,365,0.04,58,0.01,15,5,146100
2020-06-01-00-00-00,클래식,0.03,10,0.31,101,0.33,107,0.22,72,0.08,26,0.03,10,0.24,78,0.03,10,0.33,107,0.32,104,0.24,78,0.06,20,0.01,3,0.76,247,0.03,10,0.33,107,0.32,104,0.24,78,0.07,23,0.02,7,12,32540
2020-06-01-00-00-00,오페라,0.04,16,0.06,25,0.35,143,0.37,151,0.06,25,0.13,53,0.28,114,0,0,0.25,102,0.37,151,0.28,114,0.08,33,0.01,4,0.71,290,0.01,4,0.19,78,0.37,151,0.31,127,0.08,33,0.04,16,4,40860
2020-06-01-00-00-00,발레/무용,0,0,0.18,0,0.32,1,0.41,1,0.08,0,0,0,0.17,0,0.01,0,0.15,0,0.41,1,0.34,1,0.08,0,0.02,0,0.83,2,0.01,0,0.16,0,0.39,1,0.35,1,0.08,0,0.02,0,1,260
2020-06-01-00-00-00,국악/전통예술,0.03,1,0.22,11,0.32,16,0.24,12,0.13,6,0.06,3,0.21,10,0.04,2,0.27,13,0.32,16,0.29,14,0.06,3,0.02,1,0.79,39,0.04,2,0.26,13,0.32,16,0.28,14,0.07,3,0.03,1,5,4950
2020-06-01-00-00-00,스포츠,0,0,0.32,136,0.41,174,0.19,81,0.06,26,0.03,13,0.42,179,0.04,17,0.3,128,0.31,132,0.27,115,0.07,30,0.02,9,0.57,243,0.02,9,0.31,132,0.35,149,0.23,98,0.06,26,0.03,13,1,42560
2020-06-01-00-00-00,국내여행,0.01,93,0.15,1395,0.3,2791,0.34,3163,0.15,1395,0.06,558,0.35,3256,0.01,93,0.21,1953,0.34,3163,0.3,2791,0.12,1116,0.03,279,0.65,6046,0.01,93,0.19,1767,0.32,2977,0.31,2884,0.13,1209,0.04,372,20,930200
2020-06-01-00-00-00,국내숙박,0.01,401,0.16,6412,0.38,15228,0.34,13625,0.09,3607,0.03,1202,0.32,12824,0.01,401,0.19,7614,0.42,16831,0.31,12423,0.06,2404,0.01,401,0.68,27251,0.01,401,0.18,7213,0.41,16431,0.32,12824,0.07,2805,0.02,801,29,4007460
2020-06-01-00-00-00,체험,0.01,1,0.3,15,0.37,19,0.26,13,0.05,3,0.01,1,0.3,15,0.02,1,0.29,15,0.42,21,0.22,11,0.03,2,0.01,1,0.7,35,0.02,1,0.29,15,0.41,21,0.23,12,0.04,2,0.01,1,1,5020
2020-06-01-00-00-00,강좌,0.02,149,0.29,2159,0.33,2457,0.27,2011,0.06,447,0.02,149,0.4,2979,0.04,298,0.38,2830,0.31,2308,0.21,1564,0.04,298,0.01,74,0.6,4468,0.04,298,0.35,2606,0.32,2383,0.24,1787,0.05,372,0.01,74,10,744640
2020-06-01-00-00-00,구기스포츠,0.04,101,0.18,454,0.39,983,0.29,731,0.09,227,0.02,50,0.74,1865,0.01,25,0.05,126,0.33,832,0.49,1235,0.1,252,0.02,50,0.26,655,0.03,76,0.14,353,0.37,933,0.34,857,0.09,227,0.02,50,7,252050
2020-06-01-00-00-00,아웃도어스포츠,0,0,0.24,228,0.4,379,0.28,265,0.05,47,0.02,19,0.48,455,0,0,0.37,351,0.38,360,0.19,180,0.04,38,0.01,9,0.52,493,0,0,0.31,294,0.39,370,0.23,218,0.05,47,0.01,9,6,94800
2020-07-01-00-00-00,뮤지컬,0.01,11,0.09,98,0.48,525,0.37,404,0.04,44,0.01,11,0.19,208,0.01,11,0.09,98,0.59,645,0.29,317,0.02,22,0.01,11,0.81,885,0.01,11,0.09,98,0.57,623,0.3,328,0.02,22,0.01,11,8,109280
2020-07-01-00-00-00,콘서트,0.03,5,0.33,55,0.36,60,0.18,30,0.07,12,0.03,5,0.35,58,0.03,5,0.36,60,0.33,55,0.21,35,0.06,10,0.01,2,0.65,108,0.03,5,0.35,58,0.34,57,0.2,33,0.07,12,0.02,3,6,16630
2020-07-01-00-00-00,연극,0.01,35,0.46,1598,0.3,1042,0.16,556,0.05,174,0.01,35,0.33,1147,0.04,139,0.51,1772,0.23,799,0.17,591,0.04,139,0.01,35,0.67,2328,0.03,104,0.49,1703,0.25,869,0.17,591,0.05,174,0.01,35,14,347490
2020-07-01-00-00-00,전시/행사,0.02,44,0.26,566,0.39,849,0.26,566,0.05,109,0.02,44,0.2,435,0.03,65,0.26,566,0.41,893,0.27,588,0.03,65,0.01,22,0.8,1742,0.03,65,0.26,566,0.41,893,0.27,588,0.03,65,0.01,22,5,217690
2020-07-01-00-00-00,클래식,0.03,10,0.3,99,0.35,115,0.21,69,0.08,26,0.03,10,0.23,76,0.04,13,0.32,106,0.32,106,0.27,89,0.05,16,0.01,3,0.77,254,0.03,10,0.32,106,0.32,106,0.25,82,0.06,20,0.02,7,12,32970
2020-07-01-00-00-00,오페라,0,0,0.28,331,0.31,367,0.31,367,0.04,47,0.06,71,0.31,367,0.01,12,0.23,272,0.33,390,0.3,355,0.11,130,0.03,35,0.69,816,0.01,12,0.25,296,0.32,378,0.3,355,0.09,106,0.04,47,4,118270
2020-07-01-00-00-00,발레/무용,0,0,0.16,1,0.3,1,0.35,1,0.13,0,0.06,0,0.14,0,0.02,0,0.16,1,0.41,1,0.35,1,0.05,0,0.01,0,0.86,3,0.01,0,0.16,1,0.39,1,0.35,1,0.06,0,0.02,0,1,350
2020-07-01-00-00-00,국악/전통예술,0.02,1,0.12,7,0.33,18,0.23,13,0.25,14,0.05,3,0.21,12,0.02,1,0.22,12,0.33,18,0.32,18,0.09,5,0.02,1,0.79,44,0.02,1,0.2,11,0.33,18,0.3,17,0.13,7,0.02,1,6,5509
2020-07-01-00-00-00,스포츠,0.13,242,0.27,502,0.38,707,0.16,298,0.04,74,0.02,37,0.6,1116,0.01,19,0.37,688,0.26,484,0.31,577,0.05,93,0,0,0.4,744,0.08,149,0.31,577,0.33,614,0.22,409,0.04,74,0.01,19,1,186000
2020-07-01-00-00-00,국내여행,0.01,146,0.16,2330,0.29,4223,0.34,4951,0.15,2184,0.05,728,0.36,5242,0.01,146,0.22,3203,0.32,4660,0.31,4514,0.12,1747,0.03,437,0.64,9319,0.01,146,0.2,2912,0.31,4514,0.32,4660,0.13,1893,0.04,582,20,1456120
2020-07-01-00-00-00,국내숙박,0.01,535,0.16,8560,0.36,19260,0.35,18725,0.1,5350,0.03,1605,0.31,16585,0.01,535,0.2,10700,0.4,21400,0.32,17120,0.06,3210,0.01,535,0.69,36915,0.01,535,0.18,9630,0.39,20865,0.33,17655,0.07,3745,0.02,1070,29,5350060
2020-07-01-00-00-00,체험,0.02,2,0.32,32,0.34,34,0.26,26,0.05,5,0.01,1,0.27,27,0.04,4,0.31,31,0.38,38,0.23,23,0.02,2,0.01,1,0.73,73,0.03,3,0.32,32,0.37,37,0.24,24,0.03,3,0.01,1,1,10050
2020-07-01-00-00-00,강좌,0.03,203,0.32,2161,0.32,2161,0.26,1756,0.05,338,0.02,135,0.37,2499,0.05,338,0.38,2567,0.31,2094,0.21,1418,0.05,338,0.01,68,0.63,4255,0.04,270,0.36,2431,0.31,2094,0.23,1553,0.05,338,0.01,68,10,675400
2020-07-01-00-00-00,구기스포츠,0.02,49,0.21,516,0.39,959,0.27,664,0.07,172,0.03,74,0.75,1844,0,0,0.11,270,0.3,737,0.5,1229,0.08,197,0.01,25,0.25,615,0.02,49,0.19,467,0.37,909,0.32,787,0.08,197,0.03,74,7,245810
2020-07-01-00-00-00,아웃도어스포츠,0.01,12,0.23,287,0.42,523,0.28,349,0.06,75,0.01,12,0.46,573,0,0,0.38,474,0.36,449,0.22,274,0.04,50,0.01,12,0.54,673,0,0,0.31,386,0.38,474,0.25,312,0.05,62,0.01,12,6,124640
2020-08-01-00-00-00,뮤지컬,0.01,11,0.08,92,0.5,574,0.37,425,0.04,46,0.01,11,0.2,230,0.01,11,0.08,92,0.6,689,0.29,333,0.02,23,0.01,11,0.8,918,0.01,11,0.08,92,0.58,666,0.31,356,0.02,23,0.01,11,7,114800
2020-08-01-00-00-00,콘서트,0.05,6,0.37,45,0.34,41,0.17,21,0.06,7,0.02,2,0.34,41,0.05,6,0.37,45,0.32,39,0.2,24,0.05,6,0.01,1,0.66,80,0.05,6,0.37,45,0.32,39,0.19,23,0.05,6,0.01,1,6,12120
2020-08-01-00-00-00,연극,0.01,25,0.45,1132,0.31,780,0.17,428,0.05,126,0.01,25,0.34,855,0.03,75,0.52,1308,0.23,579,0.17,428,0.04,101,0.01,25,0.66,1660,0.02,50,0.5,1258,0.26,654,0.17,428,0.05,126,0.01,25,11,251590
2020-08-01-00-00-00,전시/행사,0.02,38,0.27,508,0.38,715,0.26,489,0.05,94,0.02,38,0.2,376,0.03,56,0.27,508,0.41,771,0.26,489,0.03,56,0.01,19,0.8,1505,0.03,56,0.27,508,0.4,752,0.26,489,0.03,56,0.01,19,4,188110
2020-08-01-00-00-00,클래식,0.05,12,0.26,64,0.31,77,0.29,72,0.08,20,0.03,7,0.24,59,0.05,12,0.23,57,0.31,77,0.33,82,0.06,15,0.02,5,0.76,188,0.05,12,0.23,57,0.31,77,0.32,79,0.06,15,0.02,5,11,24710
2020-08-01-00-00-00,오페라,0.03,40,0.28,372,0.32,425,0.18,239,0.14,186,0.05,66,0.25,332,0.02,27,0.19,252,0.28,372,0.34,451,0.12,159,0.05,66,0.75,996,0.02,27,0.21,279,0.29,385,0.3,398,0.13,173,0.05,66,4,132790
2020-08-01-00-00-00,발레/무용,0.02,0,0.12,0,0.37,1,0.34,1,0.12,0,0.03,0,0.17,1,0.02,0,0.2,1,0.38,1,0.33,1,0.07,0,0.01,0,0.83,3,0.02,0,0.18,1,0.38,1,0.33,1,0.08,0,0.01,0,1,340
2020-08-01-00-00-00,국악/전통예술,0.04,1,0.25,5,0.24,5,0.27,6,0.13,3,0.06,1,0.22,5,0.03,1,0.25,5,0.35,7,0.28,6,0.07,1,0.01,0,0.78,17,0.03,1,0.25,5,0.33,7,0.28,6,0.09,2,0.02,0,2,2140
2020-08-01-00-00-00,스포츠,0.11,79,0.32,231,0.31,223,0.17,122,0.07,50,0.02,14,0.5,360,0.03,22,0.44,317,0.23,166,0.22,159,0.06,43,0.01,7,0.5,360,0.07,50,0.38,274,0.27,195,0.19,137,0.06,43,0.02,14,1,72050
2020-08-01-00-00-00,국내여행,0.01,89,0.17,1507,0.31,2747,0.34,3013,0.14,1241,0.05,443,0.34,3013,0.01,89,0.22,1950,0.33,2925,0.31,2747,0.11,975,0.03,266,0.66,5849,0.01,89,0.2,1773,0.32,2836,0.32,2836,0.12,1064,0.03,266,18,886260
2020-08-01-00-00-00,국내숙박,0.01,425,0.16,6804,0.36,15309,0.34,14459,0.1,4253,0.03,1276,0.31,13183,0.01,425,0.18,7655,0.41,17436,0.32,13608,0.07,2977,0.01,425,0.69,29343,0.01,425,0.18,7655,0.39,16585,0.33,14034,0.08,3402,0.02,851,28,4252630
2020-08-01-00-00-00,체험,0.02,1,0.29,20,0.34,23,0.3,20,0.04,3,0.01,1,0.26,18,0.03,2,0.3,20,0.38,26,0.26,18,0.02,1,0,0,0.74,50,0.03,2,0.3,20,0.37,25,0.27,18,0.03,2,0.01,1,1,6820
2020-08-01-00-00-00,강좌,0.02,131,0.3,1972,0.34,2235,0.27,1775,0.06,394,0.02,131,0.4,2629,0.03,197,0.41,2695,0.31,2038,0.2,1315,0.05,329,0.01,66,0.6,3944,0.02,131,0.36,2366,0.32,2103,0.23,1512,0.05,329,0.01,66,10,657260
2020-08-01-00-00-00,구기스포츠,0.03,25,0.14,115,0.38,312,0.32,263,0.12,99,0.02,16,0.73,600,0.01,8,0.1,82,0.32,263,0.46,378,0.08,66,0.03,25,0.27,222,0.03,25,0.13,107,0.36,296,0.36,296,0.11,90,0.02,16,4,82140
2020-08-01-00-00-00,아웃도어스포츠,0,0,0.24,273,0.42,478,0.25,284,0.07,80,0.01,11,0.47,535,0,0,0.35,398,0.38,432,0.23,262,0.04,46,0.01,11,0.53,603,0,0,0.3,341,0.4,455,0.24,273,0.05,57,0.01,11,6,113760
2020-09-01-00-00-00,뮤지컬,0.01,9,0.11,99,0.49,440,0.33,296,0.04,36,0.02,18,0.24,215,0.01,9,0.13,117,0.59,530,0.24,215,0.03,27,0.01,9,0.76,682,0.01,9,0.12,108,0.57,512,0.26,233,0.03,27,0.01,9,7,89790
2020-09-01-00-00-00,콘서트,0.04,3,0.3,22,0.37,27,0.21,15,0.06,4,0.02,1,0.34,25,0.04,3,0.32,23,0.35,26,0.22,16,0.05,4,0.01,1,0.66,48,0.04,3,0.31,23,0.36,26,0.22,16,0.06,4,0.01,1,6,7310
2020-09-01-00-00-00,연극,0.01,13,0.44,583,0.33,438,0.16,212,0.05,66,0.01,13,0.36,477,0.03,40,0.52,690,0.26,345,0.15,199,0.04,53,0.01,13,0.64,849,0.02,27,0.49,650,0.28,371,0.15,199,0.05,66,0.01,13,11,132610
2020-09-01-00-00-00,전시/행사,0.02,21,0.29,308,0.37,393,0.23,244,0.06,64,0.02,21,0.25,266,0.03,32,0.33,351,0.37,393,0.23,244,0.03,32,0.01,11,0.75,797,0.02,21,0.32,340,0.37,393,0.23,244,0.04,42,0.01,11,4,106230
2020-09-01-00-00-00,클래식,0.02,0,0.3,1,0.36,1,0.2,0,0.08,0,0.04,0,0.26,1,0.03,0,0.29,1,0.36,1,0.25,1,0.06,0,0.02,0,0.74,2,0.03,0,0.29,1,0.36,1,0.24,1,0.06,0,0.02,0,5,220
2020-09-01-00-00-00,오페라,0.01,7,0.17,115,0.29,197,0.32,217,0.17,115,0.04,27,0.28,190,0.01,7,0.24,163,0.3,203,0.34,231,0.1,68,0.01,7,0.72,488,0.01,7,0.22,149,0.3,203,0.33,224,0.12,81,0.02,14,4,67820
2020-09-01-00-00-00,발레/무용,0.01,0,0.14,1,0.43,2,0.26,1,0.13,1,0.04,0,0.19,1,0.03,0,0.22,1,0.39,2,0.31,1,0.05,0,0,0,0.81,3,0.02,0,0.21,1,0.39,2,0.3,1,0.07,0,0.01,0,1,420
2020-09-01-00-00-00,국악/전통예술,0.03,0,0.25,0,0.32,0,0.27,0,0.08,0,0.05,0,0.28,0,0.04,0,0.3,0,0.31,0,0.26,0,0.07,0,0.01,0,0.71,0,0.04,0,0.29,0,0.32,0,0.26,0,0.07,0,0.02,0,2,60
2020-09-01-00-00-00,스포츠,0.03,14,0.28,131,0.34,159,0.24,113,0.05,23,0.05,23,0.54,253,0.04,19,0.34,159,0.22,103,0.28,131,0.12,56,0,0,0.46,216,0.04,19,0.31,145,0.29,136,0.26,122,0.08,38,0.03,14,1,46910
2020-09-01-00-00-00,국내여행,0.01,55,0.13,716,0.31,1707,0.34,1872,0.15,826,0.06,330,0.33,1817,0.01,55,0.18,991,0.34,1872,0.31,1707,0.13,716,0.03,165,0.67,3689,0.01,55,0.16,881,0.33,1817,0.32,1762,0.14,771,0.04,220,18,550570
2020-09-01-00-00-00,국내숙박,0.01,238,0.15,3577,0.38,9062,0.33,7870,0.1,2385,0.03,715,0.32,7631,0.01,238,0.18,4292,0.42,10016,0.31,7393,0.07,1669,0.01,238,0.68,16216,0.01,238,0.17,4054,0.41,9777,0.32,7631,0.08,1908,0.02,477,28,2384710
2020-09-01-00-00-00,체험,0.02,1,0.36,15,0.33,14,0.23,10,0.05,2,0.02,1,0.31,13,0.03,1,0.38,16,0.34,15,0.21,9,0.03,1,0.01,0,0.69,30,0.03,1,0.37,16,0.34,15,0.22,9,0.03,1,0.01,0,1,4300
2020-09-01-00-00-00,강좌,0.01,63,0.37,2349,0.32,2031,0.24,1523,0.05,317,0.01,63,0.37,2349,0.01,63,0.51,3237,0.29,1841,0.14,889,0.04,254,0.01,63,0.63,3999,0.01,63,0.46,2920,0.3,1904,0.18,1143,0.04,254,0.01,63,10,634780
2020-09-01-00-00-00,구기스포츠,0.01,6,0.11,67,0.35,214,0.42,257,0.09,55,0.01,6,0.72,440,0,0,0.15,92,0.3,183,0.42,257,0.11,67,0.02,12,0.28,171,0.01,6,0.12,73,0.34,208,0.42,257,0.1,61,0.01,6,4,61090
2020-09-01-00-00-00,아웃도어스포츠,0,0,0.19,134,0.48,339,0.28,198,0.04,28,0.01,7,0.52,367,0,0,0.34,240,0.44,311,0.18,127,0.03,21,0.01,7,0.48,339,0,0,0.26,184,0.46,325,0.23,162,0.04,28,0.01,7,6,70650
2020-10-01-00-00-00,뮤지컬,0.01,12,0.1,117,0.51,596,0.33,386,0.04,47,0.01,12,0.23,269,0.01,12,0.12,140,0.59,689,0.24,280,0.02,23,0.01,12,0.77,900,0.01,12,0.12,140,0.57,666,0.26,304,0.03,35,0.01,12,7,116850
2020-10-01-00-00-00,콘서트,0.03,6,0.29,58,0.36,72,0.21,42,0.07,14,0.02,4,0.33,66,0.04,8,0.3,60,0.32,64,0.25,50,0.08,16,0.02,4,0.67,134,0.04,8,0.29,58,0.34,68,0.24,48,0.08,16,0.02,4,6,19960
2020-10-01-00-00-00,연극,0.01,25,0.42,1037,0.32,790,0.18,444,0.05,123,0.02,49,0.35,864,0.04,99,0.48,1185,0.25,617,0.17,420,0.05,123,0.01,25,0.65,1604,0.03,74,0.46,1135,0.27,666,0.18,444,0.05,123,0.01,25,11,246820
2020-10-01-00-00-00,전시/행사,0.02,35,0.28,497,0.38,674,0.24,426,0.05,89,0.02,35,0.25,443,0.03,53,0.32,568,0.36,639,0.25,443,0.03,53,0.01,18,0.75,1330,0.03,53,0.31,550,0.37,656,0.25,443,0.04,71,0.01,18,4,177370
2020-10-01-00-00-00,클래식,0.03,6,0.29,61,0.33,70,0.21,44,0.1,21,0.04,8,0.28,59,0.05,11,0.3,63,0.3,63,0.26,55,0.07,15,0.02,4,0.72,152,0.04,8,0.3,63,0.31,65,0.25,53,0.08,17,0.02,4,7,21090
2020-10-01-00-00-00,오페라,0,0,0.29,340,0.33,387,0.22,258,0.13,152,0.02,23,0.31,363,0.02,23,0.32,375,0.3,352,0.27,316,0.07,82,0.02,23,0.69,809,0.01,12,0.31,363,0.31,363,0.25,293,0.09,105,0.02,23,4,117180
2020-10-01-00-00-00,발레/무용,0,0,0.17,5,0.36,11,0.34,11,0.1,3,0.03,1,0.16,5,0.02,1,0.22,7,0.38,12,0.32,10,0.04,1,0.01,0,0.84,26,0.01,0,0.22,7,0.38,12,0.32,10,0.05,2,0.02,1,1,3110
2020-10-01-00-00-00,국악/전통예술,0.01,0,0.22,1,0.4,3,0.18,1,0.11,1,0.07,0,0.25,2,0.07,0,0.28,2,0.3,2,0.25,2,0.08,1,0.03,0,0.75,5,0.06,0,0.27,2,0.32,2,0.23,1,0.08,1,0.04,0,2,630
2020-10-01-00-00-00,스포츠,0.02,13,0.25,161,0.44,284,0.23,148,0.05,32,0.01,6,0.73,470,0.04,26,0.17,110,0.34,219,0.34,219,0.07,45,0.04,26,0.27,174,0.03,19,0.23,148,0.41,264,0.26,168,0.06,39,0.02,13,1,64450
2020-10-01-00-00-00,국내여행,0.01,89,0.11,974,0.3,2656,0.35,3098,0.17,1505,0.07,620,0.33,2921,0.01,89,0.16,1416,0.32,2833,0.32,2833,0.15,1328,0.04,354,0.67,5931,0.01,89,0.15,1328,0.31,2744,0.33,2921,0.16,1416,0.05,443,19,885240
2020-10-01-00-00-00,국내숙박,0.01,351,0.14,4921,0.37,13004,0.35,12301,0.11,3866,0.03,1054,0.32,11247,0.01,351,0.17,5975,0.42,14762,0.32,11247,0.07,2460,0.01,351,0.68,23900,0.01,351,0.16,5624,0.41,14410,0.33,11598,0.08,2812,0.02,703,28,3514690
2020-10-01-00-00-00,체험,0.02,1,0.3,22,0.34,25,0.27,20,0.05,4,0.02,1,0.28,21,0.04,3,0.33,25,0.35,26,0.24,18,0.04,3,0.01,1,0.71,53,0.03,2,0.32,24,0.35,26,0.25,19,0.04,3,0.01,1,1,7490
2020-10-01-00-00-00,강좌,0.01,58,0.35,2033,0.32,1859,0.25,1452,0.05,290,0.01,58,0.39,2265,0.01,58,0.49,2846,0.31,1801,0.15,871,0.04,232,0.01,58,0.61,3543,0.01,58,0.43,2498,0.32,1859,0.19,1104,0.04,232,0.01,58,10,580820
2020-10-01-00-00-00,구기스포츠,0.02,14,0.12,85,0.32,227,0.41,291,0.11,78,0.02,14,0.74,526,0,0,0.15,107,0.31,220,0.42,298,0.1,71,0.01,7,0.26,185,0.02,14,0.13,92,0.32,227,0.41,291,0.11,78,0.02,14,4,71070
2020-10-01-00-00-00,아웃도어스포츠,0,0,0.2,121,0.43,260,0.29,175,0.05,30,0.02,12,0.51,308,0.01,6,0.29,175,0.45,272,0.2,121,0.03,18,0.01,6,0.49,296,0.01,6,0.25,151,0.44,266,0.25,151,0.04,24,0.01,6,6,60410
2020-11-01-00-00-00,뮤지컬,0.01,12,0.12,142,0.5,593,0.32,379,0.04,47,0.01,12,0.24,285,0.01,12,0.14,166,0.58,688,0.24,285,0.03,36,0.01,12,0.76,901,0.01,12,0.13,154,0.56,664,0.26,308,0.03,36,0.01,12,7,118550
2020-11-01-00-00-00,콘서트,0.02,6,0.28,88,0.41,129,0.19,60,0.07,22,0.02,6,0.34,107,0.02,6,0.31,97,0.36,113,0.22,69,0.07,22,0.01,3,0.66,207,0.02,6,0.3,94,0.37,116,0.21,66,0.07,22,0.02,6,6,31410
2020-11-01-00-00-00,연극,0.01,25,0.44,1120,0.32,815,0.16,407,0.05,127,0.01,25,0.34,866,0.04,102,0.49,1248,0.25,637,0.16,407,0.05,127,0.01,25,0.66,1680,0.03,76,0.47,1197,0.27,687,0.16,407,0.05,127,0.01,25,11,254610
2020-11-01-00-00-00,전시/행사,0.03,53,0.3,534,0.38,677,0.23,410,0.05,89,0.02,36,0.24,428,0.03,53,0.34,606,0.38,677,0.22,392,0.03,53,0.01,18,0.76,1354,0.03,53,0.33,588,0.38,677,0.22,392,0.03,53,0.01,18,4,178140
2020-11-01-00-00-00,클래식,0.03,8,0.33,83,0.28,71,0.22,55,0.09,23,0.04,10,0.3,76,0.04,10,0.31,78,0.29,73,0.26,65,0.08,20,0.02,5,0.7,176,0.04,10,0.32,81,0.29,73,0.25,63,0.08,20,0.03,8,7,25180
2020-11-01-00-00-00,오페라,0,0,0.14,64,0.35,159,0.31,141,0.17,77,0.02,9,0.21,95,0.01,5,0.14,64,0.33,150,0.44,200,0.06,27,0.02,9,0.79,359,0.01,5,0.14,64,0.33,150,0.42,191,0.08,36,0.02,9,3,45460
2020-11-01-00-00-00,발레/무용,0.01,1,0.16,18,0.42,47,0.32,36,0.06,7,0.03,3,0.16,18,0.01,1,0.19,21,0.42,47,0.35,39,0.03,3,0.01,1,0.84,94,0.01,1,0.18,20,0.42,47,0.35,39,0.03,3,0.01,1,2,11170
2020-11-01-00-00-00,국악/전통예술,0.02,0,0.31,1,0.26,1,0.23,1,0.11,0,0.07,0,0.22,1,0.02,0,0.36,1,0.27,1,0.2,1,0.1,0,0.03,0,0.78,3,0.02,0,0.35,1,0.27,1,0.21,1,0.1,0,0.04,0,2,380
2020-11-01-00-00-00,스포츠,0.03,11,0.22,80,0.5,183,0.2,73,0.05,18,0.01,4,0.72,263,0.02,7,0.15,55,0.35,128,0.42,153,0.02,7,0.02,7,0.28,102,0.02,7,0.2,73,0.46,168,0.26,95,0.04,15,0.01,4,1,36540
2020-11-01-00-00-00,국내여행,0.01,79,0.13,1029,0.3,2375,0.34,2692,0.15,1187,0.07,554,0.33,2612,0.01,79,0.2,1583,0.33,2612,0.3,2375,0.13,1029,0.03,237,0.67,5304,0.01,79,0.18,1425,0.32,2533,0.31,2454,0.14,1108,0.04,317,19,791630
2020-11-01-00-00-00,국내숙박,0.01,336,0.15,5041,0.38,12771,0.33,11091,0.1,3361,0.03,1008,0.32,10755,0.01,336,0.2,6722,0.42,14115,0.29,9746,0.07,2353,0.01,336,0.68,22854,0.01,336,0.18,6049,0.4,13443,0.3,10082,0.08,2689,0.02,672,28,3360830
2020-11-01-00-00-00,체험,0.02,1,0.37,24,0.34,22,0.21,14,0.04,3,0.01,1,0.3,20,0.05,3,0.43,28,0.31,20,0.18,12,0.03,2,0.01,1,0.7,46,0.04,3,0.41,27,0.32,21,0.19,12,0.03,2,0.01,1,1,6510
2020-11-01-00-00-00,강좌,0.01,53,0.4,2132,0.25,1333,0.26,1386,0.07,373,0.02,107,0.39,2079,0.01,53,0.49,2612,0.3,1599,0.15,800,0.05,267,0.01,53,0.61,3251,0.01,53,0.45,2399,0.28,1492,0.19,1013,0.06,320,0.01,53,10,533030
2020-11-01-00-00-00,구기스포츠,0.04,24,0.16,97,0.34,207,0.35,213,0.1,61,0.01,6,0.75,456,0.01,6,0.15,91,0.33,201,0.36,219,0.13,79,0.03,18,0.25,152,0.03,18,0.16,97,0.34,207,0.35,213,0.11,67,0.02,12,4,60830
2020-11-01-00-00-00,아웃도어스포츠,0.01,5,0.17,80,0.37,175,0.37,175,0.04,19,0.05,24,0.49,232,0.01,5,0.21,99,0.42,199,0.32,151,0.02,9,0.01,5,0.51,241,0.01,5,0.19,90,0.4,189,0.35,166,0.03,14,0.03,14,6,47310
2020-12-01-00-00-00,뮤지컬,0.01,9,0.12,105,0.49,430,0.33,290,0.04,35,0.01,9,0.23,202,0.01,9,0.11,97,0.58,509,0.26,228,0.03,26,0.01,9,0.77,676,0.01,9,0.12,105,0.56,492,0.28,246,0.03,26,0.01,9,7,87800
2020-12-01-00-00-00,콘서트,0.02,3,0.28,39,0.42,58,0.18,25,0.07,10,0.02,3,0.35,48,0.03,4,0.3,41,0.36,50,0.22,30,0.07,10,0.02,3,0.65,90,0.02,3,0.29,40,0.38,52,0.21,29,0.07,10,0.02,3,6,13790
2020-12-01-00-00-00,연극,0.02,20,0.45,447,0.33,328,0.14,139,0.05,50,0.02,20,0.36,358,0.05,50,0.49,487,0.24,239,0.16,159,0.05,50,0.01,10,0.64,636,0.04,40,0.47,467,0.27,268,0.15,149,0.05,50,0.01,10,11,99400
2020-12-01-00-00-00,전시/행사,0.02,21,0.27,287,0.42,446,0.24,255,0.04,42,0.01,11,0.2,212,0.04,42,0.25,265,0.46,488,0.22,234,0.02,21,0.01,11,0.8,849,0.03,32,0.25,265,0.45,478,0.23,244,0.03,32,0.01,11,4,106140
2020-12-01-00-00-00,클래식,0.02,4,0.26,57,0.33,73,0.24,53,0.1,22,0.05,11,0.32,70,0.02,4,0.24,53,0.33,73,0.29,64,0.08,18,0.03,7,0.68,150,0.02,4,0.24,53,0.33,73,0.28,62,0.09,20,0.03,7,7,22030
2020-12-01-00-00-00,오페라,0,0,0.23,70,0.23,70,0.44,133,0.06,18,0.03,9,0.18,54,0.03,9,0.07,21,0.34,103,0.52,157,0.04,12,0,0,0.82,248,0.02,6,0.1,30,0.32,97,0.5,151,0.04,12,0.01,3,3,30230
2020-12-01-00-00-00,발레/무용,0,0,0.16,8,0.38,20,0.37,19,0.06,3,0.03,2,0.17,9,0.01,1,0.14,7,0.42,22,0.37,19,0.04,2,0.01,1,0.83,43,0.01,1,0.15,8,0.41,21,0.37,19,0.04,2,0.01,1,2,5150
2020-12-01-00-00-00,국악/전통예술,0.01,0,0.2,0,0.29,0,0.31,0,0.11,0,0.07,0,0.23,0,0.02,0,0.27,0,0.33,0,0.3,0,0.06,0,0.02,0,0.77,0,0.02,0,0.25,0,0.32,0,0.31,0,0.07,0,0.03,0,2,57
2020-12-01-00-00-00,스포츠,0,0,0.13,31,0.28,66,0.52,123,0.04,9,0.01,2,0.44,104,0.01,2,0.13,31,0.33,78,0.51,120,0.01,2,0,0,0.56,132,0.01,2,0.13,31,0.31,73,0.52,123,0.02,5,0.01,2,1,23580
2020-12-01-00-00-00,국내여행,0.01,52,0.16,827,0.3,1550,0.32,1654,0.14,723,0.05,258,0.32,1654,0.02,103,0.23,1189,0.32,1654,0.3,1550,0.11,568,0.02,103,0.68,3514,0.02,103,0.21,1085,0.32,1654,0.31,1602,0.12,620,0.03,155,19,516770
2020-12-01-00-00-00,국내숙박,0.01,258,0.17,4381,0.36,9278,0.33,8504,0.1,2577,0.03,773,0.33,8504,0.01,258,0.2,5154,0.41,10566,0.31,7989,0.07,1804,0.01,258,0.67,17267,0.01,258,0.19,4897,0.39,10051,0.32,8247,0.08,2062,0.02,515,28,2577110
2020-12-01-00-00-00,체험,0.03,1,0.38,10,0.35,9,0.21,6,0.03,1,0.01,0,0.3,8,0.06,2,0.37,10,0.36,10,0.18,5,0.02,1,0.01,0,0.7,19,0.05,1,0.37,10,0.35,9,0.19,5,0.03,1,0.01,0,1,2660
2020-12-01-00-00-00,강좌,0.01,71,0.42,2990,0.26,1851,0.22,1566,0.07,498,0.02,142,0.39,2776,0.01,71,0.52,3701,0.26,1851,0.15,1068,0.05,356,0.01,71,0.61,4342,0.01,71,0.48,3417,0.26,1851,0.18,1281,0.06,427,0.01,71,10,711800
2020-12-01-00-00-00,구기스포츠,0.03,10,0.22,72,0.36,118,0.28,92,0.09,30,0.01,3,0.79,259,0,0,0.16,52,0.33,108,0.37,121,0.12,39,0.02,7,0.21,69,0.03,10,0.21,69,0.36,118,0.3,98,0.09,30,0.02,7,4,32780
2020-12-01-00-00-00,아웃도어스포츠,0.01,4,0.13,55,0.34,143,0.45,189,0.05,21,0.02,8,0.43,181,0.01,4,0.14,59,0.4,168,0.43,181,0.02,8,0,0,0.56,236,0.01,4,0.14,59,0.37,156,0.44,185,0.03,13,0.01,4,6,42110