159,47,M
145,45,S
162,47,M
155,42,M
144,41,S
145,42,S
145,45,S
162,46,M
144,42,S
139,38,XS
145,43,S
131,40,XS
143,36,XS
131,40,XS
150,46,S
144,41,S
166,57,L
158,46,M
159,48,M
133,40,XS
145,45,S
144,42,S
144,41,S
145,45,S
168,57,L
156,47,M
161,56,L
138,39,XS
159,45,M
145,45,S
155,43,M
144,42,S
175,67,XL
158,46,M
161,45,M
154,48,M
144,41,S
159,45,M
156,47,M
139,40,XS
160,56,L
171,64,XL
168,60,L
148,47,S
161,45,M
165,62,L
165,62,L
144,42,S
144,45,S
145,42,S
154,48,M
137,36,XS
154,48,M
151,44,S
159,43,M
143,36,XS
137,36,XS
159,43,M
145,45,S
160,56,L
145,43,S
157,45,M
163,60,L
144,42,S
131,40,XS
168,57,L
158,46,M
144,42,S
144,42,S
143,36,XS
163,58,L
167,56,L
145,45,S
155,46,M
145,43,S
145,45,S
145,42,S
144,41,S
144,45,S
144,41,S
144,45,S
145,42,S
155,43,M
154,48,M
154,65,XL
161,46,M
144,41,S
159,45,M
145,42,S
144,41,S
145,45,S
175,70,XL
158,43,M
159,46,M
145,43,S
144,45,S
165,70,XL
144,41,S
143,36,XS
159,45,M
144,42,S
157,47,M
145,42,S
144,41,S
165,62,L
162,46,M
145,42,S
166,57,L
162,47,M
156,45,M
145,42,S
144,41,S
163,60,L
155,46,M
144,41,S
145,45,S
165,62,L
159,48,M
144,45,S
157,47,M
165,60,L
156,42,M
137,36,XS
147,42,S
162,47,M
162,59,L
145,43,S
149,41,S
159,45,M
145,42,S
144,41,S
163,59,L
145,45,S
156,47,M
170,73,XL
155,46,M
159,48,M
159,48,M
157,47,M
145,42,S
167,58,L
138,39,XS
144,41,S
159,45,M
154,48,M
138,39,XS
138,39,XS
131,40,XS
166,57,L
156,45,M
160,57,L
156,47,M
145,45,S
155,46,M
159,47,M
163,59,L
145,42,S
145,42,S
145,43,S
164,62,L
145,42,S
175,69,XL
144,41,S
159,48,M
144,42,S
144,45,S
162,57,L
163,58,L
144,45,S
159,48,M
145,43,S
176,68,XL
167,56,L
144,41,S
176,68,XL
161,46,M
144,41,S
145,42,S
143,36,XS
160,55,L
145,45,S
157,45,M
154,48,M
159,43,M
145,45,S
161,46,M
144,41,S
131,40,XS
167,58,L
144,42,S
159,45,M
145,43,S
138,41,XS
144,45,S
172,64,XL
173,62,XL
161,45,M
144,42,S
137,36,XS
145,42,S
161,46,M
157,44,M
159,45,M
144,41,S
144,42,S
157,45,M
145,45,S
164,62,L
162,46,M
155,46,M
161,56,L
149,43,S
144,41,S
159,45,M
156,45,M
155,46,M
138,39,XS
145,45,S
137,36,XS
155,43,M
150,45,S
166,57,L
142,39,XS
159,47,M
145,42,S