2020.1.1,-2.2,-6.5,0.3,0.1,0.6,64.4,4.53,-0.9,5.5,5.5,5.5,5.5
2020.1.2,1,-0.7,3.8,0,1.2,65.4,3.47,0.1,5.5,5.5,5.5,5.5
2020.1.3,-0.1,-3.4,4.6,0,1.7,56.9,10.1,-0.4,5.5,5.5,5.5,5.5
2020.1.4,1.2,-2.8,6.1,0,1.9,50.8,9.29,0,5.5,5.5,5.5,5.5
2020.1.5,1.3,-3.2,6.6,0,1.1,45.6,9.1,-0.5,5.5,5.5,5.5,5.5
2020.1.6,3.1,0.6,4.6,1.8,3.1,65.4,2.03,1,5.5,5.5,5.5,5.5
2020.1.7,6.3,4.2,7.7,46.3,4,95,0.75,5.1,5.5,5.5,5.5,5.5
2020.1.8,2.4,-0.4,8.9,11.6,3.3,86.1,1.84,4,5.5,5.5,5.5,5.5
2020.1.9,-1.2,-3.1,2,0,2.3,65.3,9.14,1.3,5.5,5.5,5.5,5.5
2020.1.10,-0.6,-4.3,4.2,0,1.5,62.9,9.39,0.2,5.5,5.5,5.5,5.5
2020.1.11,-0.1,-2.6,3.9,0,1.9,60.9,10.13,0.1,5.5,5.5,5.5,5.5
2020.1.12,-1,-3.5,2.8,0,2.4,61.5,10.33,0.4,5.5,5.5,5.5,5.5
2020.1.13,-2.9,-4.7,0.2,0,2.3,51,11.15,-1.3,5.5,5.5,5.5,5.5
2020.1.14,-2.3,-5.7,2.6,0,1.6,45.3,10.06,-1.6,5.5,5.5,5.5,5.5
2020.1.15,-2.7,-6.4,2.2,0,1.9,44.8,11.6,-2,5.5,5.5,5.5,5.5
2020.1.16,-1.7,-5.5,3.2,0,1.6,43,10.75,-1.6,5.5,5.5,5.5,5.5
2020.1.17,-0.6,-4.8,4.9,0,1.5,43.9,9.85,-0.8,5.5,5.5,5.5,5.5
2020.1.18,0.3,-4.1,5.9,0,1.8,48.1,11.38,-0.6,5.5,5.5,5.5,5.5
2020.1.19,1.9,-0.4,5.3,0.6,2.2,62.8,6.08,0.5,5.5,5.5,5.5,5.5
2020.1.20,0.7,-3.3,5.5,0,2.5,46.8,10.24,-0.1,5.5,5.5,5.5,5.5
2020.1.21,-0.4,-5.6,5.5,0,1.4,36.9,11.55,-0.8,5.5,5.5,5.5,5.5
2020.1.22,3,-0.1,7.8,0,1.7,36,6.8,1.3,5.5,5.5,5.5,5.5
2020.1.23,4.6,0,9.9,0,2,49.3,10.73,2.2,5.5,5.5,5.5,5.5
2020.1.24,2.8,-1.3,7.4,0,1.7,63,10.53,1.9,5.5,5.5,5.5,5.5
2020.1.25,4.3,0.6,8.8,0,1.5,63.1,7.86,2.4,5.5,5.5,5.5,5.5
2020.1.26,5.5,-0.2,11.9,0,2.7,56.3,11.21,3.5,5.5,5.5,5.5,5.5
2020.1.27,5.9,4.8,7.5,0.1,4.6,48.1,2.76,3.6,5.5,5.5,5.5,5.5
2020.1.28,6.8,4.3,9.9,0,2.6,49.4,3.98,4.6,5.5,5.5,5.5,5.5
2020.1.29,6,3.2,9.6,0,2.1,46.4,7.3,3.7,5.5,5.5,5.5,5.5
2020.1.30,5.2,1.4,10.4,0,1.8,47,9.24,3,5.5,5.5,5.5,5.5
2020.1.31,3.9,1.4,8.9,0,2.3,59.6,9.41,2.8,5.5,5.5,5.5,5.5
2020.2.1,2.6,-1.2,7.6,0,1.7,66.6,7.17,2.3,5.5,5.5,5.5,5.5
2020.2.2,1.5,-2.1,5.3,0,1.8,52.3,8.39,1.9,5.5,5.5,5.5,5.5
2020.2.3,-0.4,-2.9,3,0,3.1,43.6,13.56,2.3,5.5,5.5,5.5,5.5
2020.2.4,-1.6,-6,3.9,1.7,2.8,50.3,10.01,0.3,5.5,5.5,5.5,5.5
2020.2.5,-8.3,-11,-4.9,0,3.3,37.3,14.82,-2.5,5.5,5.5,5.5,5.5
2020.2.6,-6.4,-11.8,0.4,0,1.9,36.4,13.97,-2.7,5.5,5.5,5.5,5.5
2020.2.7,-1.7,-7.2,2.2,0,2,45.1,10.14,-0.4,5.5,5.5,5.5,5.5
2020.2.8,-0.1,-2.3,3.7,0,3,48.1,13.89,1.4,5.5,5.5,5.5,5.5
2020.2.9,-0.5,-5.6,4.1,0,2,51.1,14.33,0.5,5.5,5.5,5.5,5.5
2020.2.10,4,-0.7,9.6,0,1.7,49.4,14.22,3.4,5.5,5.5,5.5,5.5
2020.2.11,6.8,-0.5,14.6,0,1.6,37,10.91,0.6,5.5,5.5,5.5,5.5
2020.2.12,7.4,6.5,8.2,6.7,2.2,73.4,2.86,5.8,5.5,5.5,5.5,5.5
2020.2.13,6.5,4.9,8.7,0,1.7,84.8,6.43,6.6,5.5,5.5,5.5,5.5
2020.2.14,8.1,3.2,14.7,0,1.2,70.3,13.13,6.9,5.5,5.5,5.5,5.5
2020.2.15,9.8,6.2,15.6,2,2.7,63,8.77,6.6,5.5,5.5,5.5,5.5
2020.2.16,-1.4,-4.3,7.7,13.4,4,81.1,4.14,2.2,5.5,5.5,5.5,5.5
2020.2.17,-5.9,-7.1,-3.9,1,3.4,64.3,7.08,0.3,17.7,60.4,25,36.1
2020.2.18,-4.1,-8.3,1.3,0,2.3,44,16.78,-0.1,13.8,33.7,14,20.1
2020.2.19,1,-4.4,6.4,0,1.5,56.8,12.13,1.8,19.1,26.7,11,15.9
2020.2.20,4.6,-0.6,10.8,0,1.7,62.6,13.71,4,19.1,36.3,15,21.6
2020.2.21,6.7,2.1,10.9,4.2,2.2,66.3,6.5,4.4,19.1,36.3,15,21.6
2020.2.22,4,0,7.9,3.1,4,62,9.06,4.2,19.1,36.3,15,21.6
2020.2.23,2.5,-2.5,8,0,2,48.6,17.37,3.6,19.1,36.3,15,21.6
2020.2.24,7,0.8,12.2,0,1.6,51.8,13.21,6.1,19.1,36.3,15,21.6
2020.2.25,6.7,4.7,9.4,16.6,4.2,73.5,4.11,6,19.1,36.3,15,21.6
2020.2.26,6.4,2.8,10.4,0,2.1,59.6,10.45,5.4,19.1,36.3,15,21.6
2020.2.27,6.1,1.3,12.5,0,2,54,16.77,6,19.1,36.3,15,21.6
2020.2.28,4.5,3.6,5.9,3.9,1.4,79.4,2.41,4.7,19.1,36.3,15,21.6
2020.2.29,7.7,4.5,13,0.5,1.7,68.6,17.12,8.4,19.1,36.3,15,21.6
2020.3.1,5.8,3.2,10.1,0.2,2,71.8,5.4,5.5,19.1,36.3,15,21.6
2020.3.2,3.4,0,7.6,0,2.7,55.3,17.08,5,19.1,36.3,15,21.6
2020.3.3,4.8,0.3,10.5,0,2.6,57,10.62,3.7,19.2,36.3,15,21.6
2020.3.4,2.2,-1.3,4.6,0,3.7,53.4,10.41,4,19.1,36.5,15.1,21.8
2020.3.5,1.4,-2.8,6.3,0,2.5,47.5,19.25,3.8,19.1,36.3,15,21.6
2020.3.6,3.7,-2.5,10.1,0,1.6,46.8,16.82,4.5,19.1,36.3,15,21.6
2020.3.7,7,1.3,14.2,0,2,39.5,13,7,19.3,36.3,15,21.7
2020.3.8,9.3,2.3,16.9,0,1.6,43.8,18.27,8.6,19.1,36.7,15.2,21.9
2020.3.9,11.1,4.8,17.6,0,1.8,37.6,14.19,9.7,19.1,36.3,15,21.7
2020.3.10,6.4,3.2,10.8,11.8,2.8,78.4,2.72,6.5,19.1,36.3,15,21.6
2020.3.11,3.8,0,8.3,0,3.3,41.8,20.72,4.8,19.1,36.3,15,21.6
2020.3.12,6.8,0.2,13.3,0,2.5,49.8,14.32,5.5,19.1,36.3,15,21.6
2020.3.13,4.9,-0.1,8.7,0.5,3.3,41,17.82,7.7,19.1,36.3,15,21.6
2020.3.14,3.6,-2.7,8.6,0,3,48.1,18.6,5.6,19.1,36.3,15,21.6
2020.3.15,4,0.2,8.5,0,3.6,48.3,17.29,6.2,19.1,36.3,15,21.6
2020.3.16,3.6,-2.1,9.1,0,2.8,42.4,21.18,6.1,19.1,36.3,15,21.6
2020.3.17,6.6,3.1,12.3,0,2.1,65.8,6.89,7.5,19.1,36.3,15,21.6
2020.3.18,10,2.7,17,0,1.8,45.8,20.66,9.8,19.1,36.3,15,21.6
2020.3.19,9.1,5.8,12.1,0,4.8,49,15.51,9.9,19.1,36.3,15,21.6
2020.3.20,8.8,3.1,14,0,3.1,39.6,20.58,9.9,19.1,36.3,15,21.6
2020.3.21,12.8,7.9,19.5,0,2,56.5,14.83,13.9,19.1,36.3,15,21.6
2020.3.22,11,6.1,16.5,0,3,37.5,22.54,13.6,19.1,36.3,15,21.6
2020.3.23,10.6,5.4,17,0,1.9,37.9,20.72,12.6,19.1,36.3,15,21.6
2020.3.24,11.4,5.3,17.9,0,1.8,35,21.06,13.2,19.1,36.3,15,21.6
2020.3.25,12.5,6.1,19.2,0,1.9,33.6,19.29,13.9,19.1,36.3,15,21.6
2020.3.26,14.8,8.1,20.6,1.8,1.9,53.8,11.97,13.5,19.1,36.3,15,21.6
2020.3.27,11.9,6.7,15.8,2,3.3,56.4,17.04,14.4,19.1,36.3,15,21.6
2020.3.28,7.7,4.5,12.8,0,3.2,17.9,19.87,10.8,19.1,36.3,15,21.6
2020.3.29,8.7,1.3,16.1,0,2,30.6,23.12,11.8,19.1,36.3,15,21.6
2020.3.30,10.2,4.3,16.9,0,1.8,38.4,22.73,13.3,19.1,36.3,15,21.6
2020.3.31,11.9,4.7,18.6,0,2,34.5,20.68,14.5,19.1,36.3,15,21.6
2020.4.1,11.3,6,17.4,0,3.7,35.6,19.12,15,19.1,36.3,15,21.6
2020.4.2,9.3,3.4,15.5,0,2.3,41.4,21.25,13.1,19.1,36.3,15,21.6
2020.4.3,10,5.3,16.3,0,2.7,53.8,22.56,14.2,19.1,36.3,15,21.6
2020.4.4,8.9,5,13.3,0,3.4,36.4,23.33,13.8,19.1,36.3,15,21.6
2020.4.5,7.2,1.9,13.7,0,2.8,29.5,24.58,12.4,19.1,36.3,15,21.6
2020.4.6,9.3,2.9,16.1,0,2.4,38.3,22.51,13.8,19.1,36.3,15,21.6
2020.4.7,10.6,6,16.8,0,2.5,56.6,19.3,14.8,19.1,36.3,15,21.6
2020.4.8,9.4,5.2,14.2,0,3.5,25.5,24.86,14.3,19.1,36.3,15,21.6
2020.4.9,8.9,4.3,14.7,0,2.8,44.6,24.79,14,19.1,36.3,15,21.6
2020.4.10,10.7,5.8,16.8,0,2.4,52.6,21.07,17,19.1,36.3,15,21.6
2020.4.11,9.9,6.2,16,0,2.5,63.8,19.4,15.6,19.1,36.3,15,21.6
2020.4.12,9.9,4.4,15.6,0,3.8,58.6,19.25,13.2,19.1,36.3,15,21.6
2020.4.13,12.4,4.3,20.4,0,3.1,39.4,26.02,18,19.1,36.3,15,21.6
2020.4.14,13,7.6,19.6,0,2.4,46.8,25.93,18.7,19.1,36.3,15,21.6
2020.4.15,13.2,7.2,20.2,0,2.2,39.8,21.49,17.5,19.1,36.3,15,21.6
2020.4.16,16,8.9,23.8,0,2.3,39.9,22.96,20.1,19.1,36.3,15,21.6
2020.4.17,12.5,10.4,15.4,6.5,2.4,77.8,4.23,12.1,19.1,36.3,15,21.6
2020.4.18,13.5,8.5,19.6,0,2.6,67.9,23.09,18.1,19.1,36.3,15,21.6
2020.4.19,12.3,9.5,15.5,10.3,2.7,75.8,5.25,12.5,19.1,36.3,15,21.6
2020.4.20,10,7.6,13.1,0.1,3.3,73,7.34,10.2,19.1,36.3,15,21.6
2020.4.21,7.4,4.8,10.4,0,4.4,49,23.63,12.2,19.1,36.3,15,21.6
2020.4.22,6,4.1,8.3,0,4,46.8,15.89,9.8,19.1,36.3,15,21.6
2020.4.23,7.9,2.9,12.8,0,3.7,47.8,25.72,12.7,19.1,36.3,15,21.6
2020.4.24,9.9,4.1,14.3,0,3.9,55.6,26.61,14.5,19.1,36.3,15,21.6
2020.4.25,13.1,9.9,17.1,0,3.9,54.4,18.9,15.7,29.5,54.7,22.7,32.7
2020.4.26,12.3,6.8,19,0,3.2,43.1,28.36,18.3,32.9,60.7,25.1,36.2
2020.4.27,12.9,8.7,18.3,0,2.8,49.8,22.98,17.1,39.3,71.7,29.7,42.8
2020.4.28,13.9,7.8,19.9,0,3,50,26.97,20.1,37.6,68.8,28.5,41.1
2020.4.29,14.9,9.3,21,0,2.6,48.6,26.1,21.1,19.1,36.3,15,21.6
2020.4.30,17.1,9.3,23.4,0,2.7,57.1,24.03,23,41,74.7,31,44.6
2020.5.1,20.2,16.4,26.2,0,2.7,73.6,18.96,25.7,43.4,78.7,32.6,47
2020.5.2,20.3,18,23.9,0,2.3,79.6,9.43,22.7,48.9,88.3,36.6,52.7
2020.5.3,21.8,17,27.4,0,2,68.8,19.41,26.7,58,103.7,43,62
2020.5.4,20.2,14.8,25.3,0,2.7,63.9,25.42,28.9,58.4,104.3,43.2,62.3
2020.5.5,16,13.1,19.3,0,1.9,67.9,9.41,17.1,63.4,112.7,46.7,67.3
2020.5.6,19.4,11.1,27.6,0,2.1,50,28.51,26.5,58,103.7,43,62
2020.5.7,20.7,14.9,26.5,0,2.5,32.5,23.93,25.7,19.1,36.3,15,21.6
2020.5.8,19.9,14.3,27.3,2.3,2.4,32.8,23.26,27.3,55.5,99.5,41.2,59.4
2020.5.9,14.2,12.7,16.8,24.4,3.6,94.4,3,15.1,59.7,106.5,44.1,63.6
2020.5.10,14.4,12.8,16.6,1.3,2.5,88.6,6.77,15.7,57.1,102.1,42.3,61
2020.5.11,16.5,12.4,22,3.4,3,61,22.98,20.2,41.7,75.9,31.5,45.3
2020.5.12,14.3,10.5,18.9,0.7,2.9,69.4,13.6,17.6,42.2,76.7,31.8,45.8
2020.5.13,16.1,10.2,21.8,0,2.8,47.3,29.7,20.5,47.3,85.6,35.5,51.1
2020.5.14,19.3,12.4,25.4,0,2,35.4,20.64,21.8,19.1,36.3,15,21.6
2020.5.15,16.1,14.1,20.2,12,3,81.4,3.43,15.9,46.3,83.8,34.7,50.1
2020.5.16,16.7,15,20.3,2.5,1.6,90.3,7.6,18.3,55.2,99,41,59.1
2020.5.17,19.1,14.6,24.9,0,1.7,80.1,15.26,21.2,46.3,83.8,34.7,50.1
2020.5.18,19.1,13.2,26.8,29.8,2.4,79.4,14.07,21.6,47.9,86.5,35.8,51.6
2020.5.19,13,10.1,17.1,19,3.2,73.6,15.29,16.1,54.6,98,40.6,58.5
2020.5.20,14.4,9.2,20.1,0,1.9,60.4,20.91,17.3,54.6,98,40.6,58.5
2020.5.21,17.4,10.9,22.9,0,2.1,56.1,24.35,20.5,39,71.3,29.6,42.6
2020.5.22,18.5,14.8,22.7,0,1.9,68.5,13.07,20,42.2,76.7,31.8,45.8
2020.5.23,20.1,16.6,25,0,2.2,66.1,23.24,23.3,49.7,89.7,37.2,53.6
2020.5.24,17.1,14.3,20.2,14.5,2.9,84.8,10.59,19,52.9,95,39.4,56.7
2020.5.25,16.6,13.7,21.3,0,2.1,81,16.88,20.3,57.7,103.2,42.8,61.6
2020.5.26,16.2,12.7,22.9,1.5,2.1,81.9,18.49,19.2,48.9,88.3,36.6,52.7
2020.5.27,17.4,11.8,23.9,0,2.6,68.5,30.06,21.4,47.6,86,35.7,51.4
2020.5.28,18.7,14.2,23.4,0,1.9,62.8,22.83,20.5,46.6,84.3,34.9,50.3
2020.5.29,20.7,14.6,27.6,0,2,65.6,28.09,24.3,49.9,89.9,37.3,53.7
2020.5.30,22.6,16.5,30,0,1.9,57.3,26.5,27.6,54.8,98.3,40.8,58.7
2020.5.31,21.2,17.6,28,1,2.3,63,19.15,25.7,59.7,106.6,44.2,63.7
2020.6.1,19.7,16.6,24.5,0.4,3.4,64.3,30.35,26.6,66.5,117.9,48.9,70.4
2020.6.2,17.9,14.8,21.8,2,2.2,71,5.89,18.3,61.4,109.4,45.3,65.3
2020.6.3,22,17.6,28.4,0,2.4,73.3,24.64,27.1,56.5,101.1,41.9,60.4
2020.6.4,21.9,19.7,26.5,0.2,2.7,81.1,19.77,26.8,51.1,92,38.1,55
2020.6.5,23,18.4,28.7,0,1.8,69.4,23.36,29.8,64.9,115.3,47.8,68.9
2020.6.6,24.6,19.2,30.9,0,2,63.6,23.38,31.4,63.9,113.6,47.1,67.9
2020.6.7,22.7,19.2,29.2,0,2.3,69.4,26.04,30.2,67.7,120,49.7,71.7
2020.6.8,25,19.8,32,0,2.1,63.6,26.13,32.7,76.2,134.4,55.7,80.3
2020.6.9,26.7,20.3,32.8,0,2.3,51.6,28.36,34.1,67.9,120.4,49.9,71.9
2020.6.10,25.8,22.5,32.1,6.2,2,63.8,18.85,32.8,75.6,133.2,55.2,79.5
2020.6.11,26.1,21.7,31.6,0,2.2,68.3,26.03,30.1,83,145.5,60.3,86.9
2020.6.12,24.7,21.6,27.6,0,1.7,68.6,11.51,25.8,79,138.8,57.6,82.9
2020.6.13,26.9,20.6,33.5,0,1.9,52.8,28.11,34.6,80.3,141,58.5,84.2
2020.6.14,24,20.1,28.8,1.1,2.9,70.6,22.52,29.6,75.4,133,55.1,79.5
2020.6.15,23,18.2,28.6,0,2.8,62.3,26.53,31.1,83.9,147,60.9,87.8
2020.6.16,24.4,20,30.7,0,2.2,63,24.74,32.2,71.7,126.6,52.5,75.6
2020.6.17,24.3,20.2,30.3,0,2,58.6,21.25,31.1,67.7,120,49.7,71.7
2020.6.18,23.4,20.3,27.3,0,1.6,61.4,11,26.7,73.1,129.1,53.5,77.1
2020.6.19,24.7,21.1,30,0.1,2.1,61.4,19.6,29.6,72.7,128.4,53.2,76.7
2020.6.20,24.9,20.7,29.7,0,2.1,62.6,24.75,31.9,69.2,122.5,50.8,73.2
2020.6.21,26.1,19.5,32.7,0,2,59.5,27.82,34.1,74.4,131.2,54.4,78.4
2020.6.22,28.6,21.7,35.4,0,2,50.5,28.95,36.3,75.2,132.5,54.9,79.2
2020.6.23,27.3,23.2,31,0,1.9,53.5,16.97,32.1,80.5,141.3,58.6,84.4
2020.6.24,22.3,19.9,26.3,37.6,2.7,83.5,2.91,22.7,92.2,160.6,66.6,95.9
2020.6.25,21.6,20.1,23.4,13.3,2.2,91,6.11,23,85.8,150.1,62.2,89.7
2020.6.26,21.8,19.2,25.7,2.1,3.2,82.1,13.03,22.9,65.2,115.7,48,69.1
2020.6.27,24.1,20.4,29.6,0,2,70.4,22.18,25.2,62.7,111.6,46.3,66.6
2020.6.28,25.2,21.5,30.1,0,2.4,70.5,28.6,28.6,63.4,112.7,46.7,67.3
2020.6.29,23.8,20.6,26.5,11.9,2.4,77,8.4,23.9,71.9,127.1,52.7,75.9
2020.6.30,20.1,18.4,23.1,64.7,4,83,6.2,20.8,76.4,134.6,55.8,80.4
2020.7.1,21.1,18.1,24.3,0,1.9,79.3,9.47,21.3,71.2,125.9,52.2,75.2
2020.7.2,24.2,20.4,29.8,0,1.9,74.5,19.15,24.5,57.7,103.2,42.8,61.6
2020.7.3,25.5,21.6,30.6,0.1,2.6,63.5,27.47,28.6,61,108.7,45.1,64.9
2020.7.4,24.2,20.4,29.5,1.6,2.1,63.9,26.88,28.2,72.3,127.7,53,76.3
2020.7.5,23.8,19.9,27.6,0,1.9,68.6,20.85,26.7,19.1,36.3,15,21.7
2020.7.6,25.6,21.8,30.9,0,2.1,66.6,19.28,28.5,72.3,127.7,53,76.3
2020.7.7,24.1,22.1,28.1,0,2.5,75.5,15.15,28.3,70.8,125.1,51.9,74.7
2020.7.8,25.5,21.3,30.4,0,2,71.9,25.81,30.5,78.1,137.4,57,82.1
2020.7.9,27.5,21.8,32.9,0,1.7,64.6,23.1,31.9,71.9,127.1,52.7,75.9
2020.7.10,24.5,22.7,27.7,2.2,2.8,75,12.3,25.2,77.7,136.7,56.7,81.7
2020.7.11,25.8,22.2,30.2,0,2.6,62.6,21.82,29.7,86.7,151.7,62.9,90.6
2020.7.12,23.5,21.7,26,2.9,2.4,71.9,7.67,25.3,73.5,129.8,53.8,77.5
2020.7.13,18.7,17.7,21.7,47.6,4,94.8,4.58,20.1,79,138.8,57.6,82.9
2020.7.14,20.3,17.2,24.3,11.5,2.8,79.4,12.46,22.6,69.6,123.2,51.1,73.6
2020.7.15,23.4,18.9,28.7,0,2,63.1,26.6,26.4,19.8,37.6,15.6,22.5
2020.7.16,25,20.4,29.7,0,1.8,70.9,25.76,27.4,59.1,105.7,43.8,63.1
2020.7.17,26,21.5,31.6,0,1.9,72,22.28,28.3,69.4,122.8,50.9,73.3
2020.7.18,26.1,22.8,31,0,1.6,71.6,15.49,27.9,75.6,133.2,55.2,79.5
2020.7.19,24,20.6,26.6,29.1,2.7,81.6,4.92,22.9,79.9,140.3,58.2,83.8
2020.7.20,23.8,22.4,26.6,3.6,3.7,86.3,5.15,23.8,81.3,142.7,59.2,85.2
2020.7.21,25,21.4,30.5,0,1.6,77,17.83,25.6,76.3,134.9,55.9,80.6
2020.7.22,23.7,22.6,25.7,11.5,1.6,89.3,4.5,24,70.8,125.1,51.9,74.7
2020.7.23,21.1,18.5,22.6,103.1,3.6,95.5,2.72,21.8,75.6,133.2,55.2,79.5
2020.7.24,22.5,18.7,26.8,2.9,4.6,74.3,10.46,21.2,70.4,124.5,51.6,74.4
2020.7.25,24.3,22.3,29,0,3.1,69.3,15.59,23.9,61.1,108.9,45.1,65
2020.7.26,25.4,21.6,29.6,0,2,69.3,18.14,25.6,65.9,116.9,48.5,69.8
2020.7.27,24.3,22.9,25.5,2.2,2.2,86.4,7.72,25.2,72.7,128.4,53.2,76.7
2020.7.28,24.4,22.7,26.4,0.4,2,84.8,8.38,25,77.3,136,56.4,81.2
2020.7.29,23.7,22.6,24.9,50.1,2,95.8,3.18,23.9,72.7,128.4,53.2,76.7
2020.7.30,25.3,23.4,28.4,0.1,2.1,85.5,15.34,26.9,73.1,129.1,53.5,77.1
2020.7.31,26.2,22.8,29.6,1.5,2,81.9,14.5,27.2,70.5,124.7,51.7,74.5
2020.8.1,25.3,24.3,26.9,39.1,1.7,90.9,5.31,25.7,76.8,135.3,56.1,80.8
2020.8.2,24.9,23.5,26.4,31.4,2.3,96.3,2.55,25.2,81,142.2,58.9,84.9
2020.8.3,25,23.9,26.3,102.6,3,96.3,3.09,25.1,80.6,141.9,58.8,84.7
2020.8.4,27,25,29.4,3.9,3.5,89.3,8.06,26.9,76,134,55.6,80.1
2020.8.5,26.5,25.5,29.1,18.5,1.9,92.1,5.02,26.7,75.6,133.2,55.2,79.5
2020.8.6,24.1,22.9,26,75.7,3.3,92.8,6.74,24.8,84.4,147.8,61.3,88.3
2020.8.7,24.3,22.6,26.1,0,1.8,85.3,6.7,24.8,82.1,144,59.7,86
2020.8.8,24.2,22.7,26.1,19.1,2.3,89.5,6.96,24.9,71.9,127.1,52.7,75.9
2020.8.9,24.9,23.7,25.8,50.3,2.6,95.4,1.43,24.3,74.9,132.2,54.8,79
2020.8.10,26.5,24.7,29.5,44.6,2,91.6,7.77,26.4,72.6,128.2,53.1,76.6
2020.8.11,24.6,22.4,27.3,97,2.2,92.5,7.44,25.2,75.2,132.5,54.9,79.1
2020.8.12,27.2,23.5,31.3,0,1.9,83.9,13.62,28.3,83,145.6,60.4,87
2020.8.13,28,26.3,30.3,0,2.5,82.4,7.96,27.4,82,144.6,59.9,86.4
2020.8.14,27.1,26.5,28,0.4,3.5,86.1,4.14,26.3,85.6,149.7,62.1,89.5
2020.8.15,26.1,25,27,69,1.9,96,3.25,25.9,89.2,155.7,64.5,93
2020.8.16,27.4,25.3,30.8,0,3,82.6,14.3,27.9,84.9,148.5,61.6,88.7
2020.8.17,28.2,26.1,32.2,0,2.3,77.9,18.44,29,80.5,141.3,58.6,84.4
2020.8.18,27.5,24,31.9,0,1.6,76.3,19.81,29.1,86.3,150.9,62.6,90.2
2020.8.19,27.1,23.6,31.4,0,2,76.8,22.54,28.6,94.8,165.4,68.6,98.8
2020.8.20,27.7,25,31.7,0,1.7,76,15.16,27.6,86.7,151.7,62.9,90.6
2020.8.21,26.6,25.2,29.2,2.5,1.6,83.1,8.74,27.6,85,148.8,61.7,88.9
2020.8.22,24.3,21.7,27.6,42.6,2.1,87.4,7.56,25.2,91.2,159.4,66.1,95.2
2020.8.23,25.3,21.5,29.9,0,1.9,78.4,18.72,27.2,85.2,149.3,61.9,89.2
2020.8.24,27.8,23.7,32,0,2.2,71.6,20.25,28.6,80.6,142.3,59,85
2020.8.25,29.9,26,34.5,0,2.1,69.5,21.21,30.5,77.2,135.8,56.3,81.1
2020.8.26,30.2,27,34.5,0.6,3.4,68.3,19.68,29.3,89.8,156.9,65.1,93.7
2020.8.27,27.1,25.6,28.6,8.7,3.6,84.6,5.5,27.2,106.8,185.3,76.8,110.7
2020.8.28,27.3,26,29.7,13.6,1.6,89.1,10.18,28.1,100.6,174.5,72.4,104.3
2020.8.29,26.8,25.5,29,13.6,1.3,90.1,8.7,28.7,86.5,151.4,62.8,90.4
2020.8.30,26.8,24.4,30.6,42.5,2.1,88.8,12.89,28.1,90.2,157.8,65.4,94.3
2020.8.31,26.4,23.8,30,0,2.8,77.9,12.25,27.2,87.3,152.9,63.4,91.3
2020.9.1,26.6,23.8,29.5,0,1.9,72.4,11.35,27,92,161.1,66.8,96.3
2020.9.2,24.3,22.6,26.4,33.3,2.3,91.3,3.34,25.3,81.6,143.2,59.4,85.6
2020.9.3,22.7,20,25.6,29.8,4.8,82,13.51,24,82.5,144.7,60,86.5
2020.9.4,23.3,19.9,27.5,0,2.7,63.9,21.21,23.7,72.8,128.5,53.3,76.7
2020.9.5,23.3,19.2,27.3,0,2,66.6,14.49,23.4,71.4,126.6,52.5,75.6
2020.9.6,21.7,19.5,24.4,6.4,2.7,80,7.13,22.7,68.8,121.9,50.5,72.8
2020.9.7,19.2,17.5,20.6,61,4.2,93.5,3.37,20.1,68.8,121.9,50.5,72.8
2020.9.8,23.4,20.6,26.5,0,4.2,71.5,21.87,23.1,63,112.2,46.5,67
2020.9.9,21.1,19,25.3,1.3,2.1,83.4,12.29,22.2,54.9,98.5,40.8,58.8
2020.9.10,22.8,18.8,27,3.9,2,75.8,19.17,24.4,69.2,122.5,50.8,73.2
2020.9.11,22.4,19.2,27.1,1.2,2.8,72.6,12.87,22.7,61.1,109,45.2,65.1
2020.9.12,20.2,18.1,23.2,5.7,2,83.8,7.34,21.5,69.9,123.9,51.4,74
2020.9.13,21.5,16.7,26.6,0,1.9,70.4,20.53,24.1,65.5,116.3,48.2,69.5
2020.9.14,21.3,17.6,24.9,0,1.8,79.3,13.86,22.8,58,103.7,43,62
2020.9.15,23,18.9,27.7,0,1.6,76.4,16.56,23.9,62.3,111,46,66.3
2020.9.16,22.5,21.3,24.9,0.3,1.9,79.9,6.21,22.2,61.7,109.9,45.6,65.7
2020.9.17,21.3,20.1,23.6,0,2.1,70.3,9.35,21.5,68.3,121.1,50.2,72.3
2020.9.18,21.5,18.1,25.8,0,2.8,62,21.24,22.4,66.8,118.5,49.1,70.8
2020.9.19,21.2,17.6,26.2,0.3,2.2,59.3,21.25,21.8,62.5,111.4,46.2,66.5
2020.9.20,19.7,15.6,24.9,0,2,57.6,22.19,21.2,65.1,115.8,48,69.2
2020.9.21,19.1,13.6,25.3,0,1.7,56.1,19.54,20.6,61.3,109.3,45.3,65.3
2020.9.22,20.2,15.5,25.6,0,2.8,55.3,21.71,21.8,56.5,101.1,41.9,60.4
2020.9.23,19.2,15.2,23.8,0,3.3,59.9,16.99,20.8,56.5,101.3,42,60.5
2020.9.24,20.6,16.8,25.4,0,3.7,59.6,18.54,22,59.8,106.9,44.3,63.8
2020.9.25,20.1,16.6,25.4,0,2.5,64.1,13.39,21.5,54.9,98.5,40.8,58.8
2020.9.26,19.3,14.8,24.8,0,2.4,62.5,15.92,20.4,59.3,105.9,43.9,63.3
2020.9.27,20.4,14.9,25.8,0,2,63.3,18.7,21.4,58.1,103.9,43.1,62
2020.9.28,20.7,15.7,26.5,0,2,66,19.29,22,58.7,105.2,43.6,62.9
2020.9.29,19.6,15.3,23.9,0,1.9,67.6,14.84,20.7,58.7,104.8,43.5,62.6
2020.9.30,19.6,16.2,25.7,38.3,1.7,78,14,21.1,59.7,106.6,44.2,63.7
2020.10.1,18.8,15.6,23.6,0,2.1,74.9,10.89,19.6,56.4,100.9,41.8,60.3
2020.10.2,19.2,16.3,21.9,0,2.3,79.6,6.34,18.5,56.2,100.7,41.7,60.1
2020.10.3,19.9,18.3,23.2,0,1.6,72.5,9.79,19.8,54,97,40.2,57.9
2020.10.4,16.6,10.6,21.8,0,2.8,65.1,12.36,17.8,54.9,98.5,40.8,58.8
2020.10.5,13.3,8.5,18.4,0,2.5,57.3,19.44,14.5,57.1,102.1,42.3,61
2020.10.6,14.2,9.3,19.7,0,2,55.9,19.81,14.6,47.6,86,35.7,51.4
2020.10.7,16,9.9,22,0,1.9,48.9,16.99,14.9,39.7,72.5,30,43.3
2020.10.8,17.2,12.1,23.1,0,3.1,53,19.27,15.9,19.1,36.3,15,21.6
2020.10.9,17.2,12.4,23.3,0,3,53.4,18.55,16.6,19.1,36.3,15,21.6
2020.10.10,16.9,12.3,21.5,0,2,60.1,15.28,16.6,19.1,36.3,15,21.6
2020.10.11,16.9,12.7,20.8,0,1.8,68.5,11.45,16.1,19.1,36.3,15,21.6
2020.10.12,16.2,12.1,21.3,0,2.2,68.6,13.59,16.8,19.1,36.3,15,21.6
2020.10.13,13.6,8.6,18.4,0,2.2,52.3,14.16,14.2,19.1,36.3,15,21.6
2020.10.14,12.8,8.5,18,0,2.4,47,12.19,14.3,19.1,36.3,15,21.6
2020.10.15,11.7,6.5,18.5,0,1.5,41.8,14.48,13.1,19.1,36.3,15,21.6
2020.10.16,11.8,8.6,15.4,0,1.5,64.3,5.28,12.5,19.1,36.3,15,21.6
2020.10.17,13.1,8.7,18.6,0,1.8,64.3,17.65,13.1,19.1,36.3,15,21.6
2020.10.18,13.6,7.2,20.2,0,2,65.5,15.96,12.9,19.1,36.3,15,21.6
2020.10.19,15.1,9.8,21.3,0,1.7,74.4,15.27,14.3,19.1,36.3,15,21.6
2020.10.20,15.2,9.9,21.7,0,1.6,67.1,15.67,14.5,19.1,36.3,15,21.6
2020.10.21,14.1,11.8,17.3,0,1.9,69.4,4.72,13.7,19.8,37.7,15.6,22.5
2020.10.22,13.5,8.4,18.2,0,2.8,66,11.01,15.2,19.1,36.3,15,21.6
2020.10.23,8.6,5.4,13.3,0,3,51.5,17.01,10.7,19.1,36.3,15,21.6
2020.10.24,8.7,3.2,14,0,2.5,47.6,16.65,9.4,19.1,36.3,15,21.6
2020.10.25,11.8,5.4,18.2,0,1.7,62.5,13.83,10.9,19.1,36.3,15,21.6
2020.10.26,12.9,8,19,0,1.6,71.6,13.69,11.9,19.1,36.3,15,21.6
2020.10.27,14,9,19.4,0,1.8,74.1,12.23,13.2,19.1,36.3,15,21.6
2020.10.28,13.8,8.6,18.2,0,2.5,52.1,15.27,13.8,19.1,36.3,15,21.6
2020.10.29,10.8,5.5,16.1,0,2,40.3,13.77,11.5,19.1,36.3,15,21.6
2020.10.30,11.9,5.8,19.6,0,1.5,42.9,14.62,11.2,19.1,36.3,15,21.6
2020.10.31,13.6,8.5,18.2,0,2.6,60.3,11.03,12.9,19.1,36.3,15,21.6
2020.11.1,13.7,11.6,15,13.6,2.3,84.3,1.61,13.1,19.1,36.3,15,21.6
2020.11.2,10.8,7.9,15.6,1.7,2.3,58.3,14.6,10,19.1,36.3,15,21.6
2020.11.3,5.1,2.7,8.6,0.5,3.5,47.5,15.22,6.1,19.1,36.3,15,21.6
2020.11.4,4.9,0.2,10.8,0,2.3,43.9,15.36,5.2,19.1,36.3,15,21.6
2020.11.5,9.6,3.4,15.9,0,1.8,61.5,12.77,10.5,19.1,36.3,15,21.6
2020.11.6,13.5,9.9,17.2,0,1.7,63.3,5.65,12.5,19.1,36.3,15,21.6
2020.11.7,14.6,12.2,18.1,0.1,2.7,68.8,11.01,14.6,19.1,36.3,15,21.6
2020.11.8,8.5,3.1,12.4,0,3.1,43.8,14.66,9.9,19.1,36.3,15,21.6
2020.11.9,5.5,0.7,8.9,0,1.8,40.9,10.48,5.6,19.1,36.3,15,21.6
2020.11.10,7.7,3.5,12.9,0,2.2,56.1,13.61,7.9,19.1,36.3,15,21.6
2020.11.11,9.3,3.5,16.5,0,1.6,53.5,12.96,8.7,19.1,36.3,15,21.6
2020.11.12,10.4,4.6,17.7,0,1.7,56.9,12.27,9.2,19.1,36.3,15,21.6
2020.11.13,12.2,8.5,17.6,0,1.6,71.5,8.92,12.1,19.1,36.3,15,21.6
2020.11.14,12.5,6.8,19.3,0,1.7,66.9,11.58,10.9,19.1,36.3,15,21.6
2020.11.15,11.1,8.2,14.9,0,1.7,75,9.52,10.2,19.1,36.3,15,21.6
2020.11.16,12.4,7.5,18.3,0,1.6,70.1,10.76,10.9,19.1,36.3,15,21.6
2020.11.17,15.9,11.7,20,0.1,2.3,67.5,5.7,13,19.1,36.3,15,21.6
2020.11.18,16.6,14.8,18.7,12.2,2.6,91.4,2.63,15.3,19.1,36.3,15,21.6
2020.11.19,13.6,6.9,19.1,86.9,4.2,90.5,0.96,14.6,19.1,36.3,15,21.6
2020.11.20,2.8,0.3,7,0,3.2,74.3,2.74,6.2,19.1,36.3,15,21.6
2020.11.21,6.5,-0.3,12.8,0.2,2.1,67.9,10.52,6.5,19.1,36.3,15,21.6
2020.11.22,5.6,1.5,9.1,4.8,2.5,80.5,3.61,7.3,19.1,36.3,15,21.6
2020.11.23,1.7,-1.5,5.9,0,2.3,61.4,12.35,2.9,19.1,36.3,15,21.6
2020.11.24,2.9,0.2,6.4,0,1.8,54.5,6.33,3.5,19.1,36.3,15,21.6
2020.11.25,4.6,0,9.5,0,1.5,64.1,8.32,3.5,19.1,36.3,15,21.6
2020.11.26,5.6,1.9,10.9,0,1.7,66.5,9.8,4.4,19.1,36.3,15,21.6
2020.11.27,4.1,0.6,7.7,0,2.7,61.6,8.52,4.9,19.1,36.3,15,21.6
2020.11.28,-0.1,-2.3,2.8,0,2.8,50,11.89,1.2,19.1,36.3,15,21.6
2020.11.29,-0.6,-3.6,2.6,0,2.2,59.6,5.61,0.7,19.1,36.3,15,21.6
2020.11.30,-0.2,-3.6,4.3,0,1.9,57.8,11.55,0.4,19.1,36.3,15,21.6
2020.12.1,1.1,-3.6,6.7,0,1.9,44.5,10.69,0.3,19.1,36.3,15,21.6
2020.12.2,2.4,0.5,6.1,0,1.8,41.4,6.38,2.2,19.1,36.3,15,21.6
2020.12.3,0.7,-2.3,4.2,0,2.7,47.1,11.52,1.2,19.1,36.3,15,21.6
2020.12.4,-0.6,-4.6,4.4,0,1.8,53.8,11.62,-0.3,19.1,36.3,15,21.6
2020.12.5,2.1,-2.2,6.6,0,1.7,63.1,8.18,0.5,19.1,36.3,15,21.6
2020.12.6,4.5,1.2,9.1,0,1.8,66.9,8.37,2.1,19.1,36.3,15,21.6
2020.12.7,3.4,-0.7,6.3,0,2.6,57.5,8.93,3.1,19.1,36.3,15,21.6
2020.12.8,-0.5,-3.5,4.1,0,2,50,11.4,0.1,19.1,36.3,15,21.6
2020.12.9,1.5,-4.1,6.2,0,1.5,55.1,8.48,-0.3,19.1,36.3,15,21.6
2020.12.10,5.8,3.2,9.3,0,1.7,69.9,4.74,3.9,19.1,36.3,15,21.6
2020.12.11,5.3,2.6,9.4,0,1.8,77.1,5.85,3.3,19.1,36.3,15,21.6
2020.12.12,2.3,-0.3,6.1,0,2.1,51.3,10.22,1.8,19.1,36.3,15,21.6
2020.12.13,-1.1,-6,2,2.9,2.9,74.9,1.9,0.5,19.1,36.3,15,21.6
2020.12.14,-7.7,-9.7,-5,0,3.4,49.1,11.44,-1.9,19.1,36.3,15,21.6
2020.12.15,-8.3,-11.1,-4.6,0,2.8,43,11.61,-3.7,19.1,36.3,15,21.6
2020.12.16,-8.3,-11.2,-3.9,0,2.6,43.9,11.44,-4.3,19.1,36.3,15,21.6
2020.12.17,-4.9,-11.1,0.8,0,1.7,47,11.15,-3.7,19.1,36.3,15,21.6
2020.12.18,-2.1,-6.4,1.8,0.2,3,57,8.45,-1.3,19.1,36.3,15,21.6
2020.12.19,-5.1,-9.6,-1.2,0,2.4,45.1,11.27,-3.5,19.1,36.3,15,21.6
2020.12.20,-3.7,-8.2,1.1,0,2,50.4,11,-3.3,19.1,36.3,15,21.6
2020.12.21,-1,-6,4.7,0,1.6,64.1,9.99,-2.4,19.1,36.3,15,21.6
2020.12.22,2,-2.5,7.2,0,2,67.6,7.83,-0.4,19.1,36.3,15,21.6
2020.12.23,4.5,-0.4,8.5,0,2.3,76.6,4.6,0.4,19.1,36.3,15,21.6
2020.12.24,2.6,-2,6.1,0,2.9,61.5,9.82,0.7,19.1,36.3,15,21.6
2020.12.25,-0.8,-4.7,3.5,0,2.1,51.9,10.88,-1.4,19.1,36.3,15,21.6
2020.12.26,2.2,-2.1,8,0,1.8,65.8,8.99,-0.6,19.1,36.3,15,21.6
2020.12.27,5.8,1.4,10,0,1.8,62.9,8.12,1.4,19.1,36.3,15,21.6
2020.12.28,6.7,4.2,11.4,1.3,1.4,72.1,9.12,2.7,19.1,36.3,15,21.6
2020.12.29,0.1,-6.2,4.3,0.2,2.9,70.8,1.98,-0.1,19.1,36.3,15,21.6
2020.12.30,-10.9,-12.9,-6.2,0,4.1,55.5,11.36,-4.4,19.1,36.3,15,21.6
2020.12.31,-8.9,-12.9,-5,0,2.4,53.9,9.06,-5,19.1,36.3,15,21.6
2021.1.1,-4.2,-9.8,1.6,0,2,64,9.54,-3.4,19.1,36.3,15,21.6
2021.1.2,-5,-8.4,-1.4,0,2.6,38.5,11.34,-3.9,19.1,36.3,15,21.6
2021.1.3,-5.6,-9.1,-2,0,2,45,8.8,-4.9,19.1,36.3,15,21.6
2021.1.4,-3.5,-8.4,0.3,0,1.7,51.4,7.44,-3.3,19.1,36.3,15,21.6
2021.1.5,-5.5,-9.9,-2.1,0,2.9,52.8,10.46,-3.2,19.1,36.3,15,21.6
2021.1.6,-7.4,-12,-1.9,2.3,2.4,54.6,11.78,-4,19.1,36.3,15,21.6
2021.1.7,-14.5,-16.5,-8.4,0,4.1,49.9,0,-6.1,19.1,36.3,15,21.6
2021.1.8,-14.9,-18.6,-10.7,0,3.3,44,12.38,-9.3,19.1,36.3,15,21.6
2021.1.9,-12.2,-16.6,-7.5,0,2.6,46.3,11.59,-8.4,19.1,36.3,15,21.6
2021.1.10,-7.7,-12.8,-2.7,0,1.3,54.4,9.84,-6.1,19.1,36.3,15,21.6
2021.1.11,-6.7,-9.6,-4,0,1.9,62.1,4.47,-5.5,19.1,36.3,15,21.6
2021.1.12,-3.9,-9.3,-0.5,2.6,1.8,79.5,6.13,-4.1,19.1,36.3,15,21.6
2021.1.13,2,-3,8.3,0,2.4,80.3,8.27,0,19.1,36.3,15,21.6
2021.1.14,1.7,-3.6,7,0,2.3,46.5,10.21,-0.2,15.4,29.6,12.2,17.7
2021.1.15,4.5,-0.7,9.9,0.2,3,67.4,2.11,0.7,21.3,40.2,16.7,24
2021.1.16,-4.9,-8.7,-0.7,0,3.3,59.3,11.86,-1.6,20.9,39.6,16.4,23.6
2021.1.17,-5.5,-10.8,-1.3,0,2.3,58.5,10.83,-3.9,24.4,45.8,19,27.4
2021.1.18,-3.8,-9.1,0.2,0.3,3.2,64.3,4.54,-3.3,14.6,28.1,11.6,16.8
2021.1.19,-6.3,-11.6,-0.2,0,1.8,37.9,12.48,-4.8,14.1,27.2,11.3,16.2
2021.1.20,-0.1,-6.6,7.1,0,2.2,37.8,11.92,-2,15.5,29.7,12.3,17.8
2021.1.21,4.5,2.5,7,9.2,2.3,64.4,2.77,0.7,13.5,26.1,10.8,15.6
2021.1.22,5.5,4.8,6.6,0.1,1.7,92.9,2.34,1.9,19,36.1,14.9,21.5
2021.1.23,7.6,4.8,12.2,0,4.2,66,9.72,3.6,24.4,45.8,19,27.4
2021.1.24,7.3,2.4,13.9,0,2.1,63.9,12.4,3,25.8,48.3,20,28.8
2021.1.25,7.9,3,13.9,0,1.9,62,10.74,3.3,29,53.9,22.3,32.2
2021.1.26,5.3,1.7,7.4,1.7,1.9,80.4,1.95,2,28.5,53,22,31.7
2021.1.27,1.7,-1.8,6.5,0,2.2,47.6,12.4,1.6,29.5,54.7,22.7,32.7
2021.1.28,-2.6,-9.7,1.4,2,4,52.3,6.14,-0.3,6.5,21.5,9.8,0
2021.1.29,-8.8,-11.6,-4.9,0,3.5,40,14.42,-1.7,0,2.1,0,0
2021.1.30,-1.6,-8.1,5.2,0.5,2.5,60,10.46,-0.3,0,0,0,0
2021.1.31,3.2,-3.8,8.7,0,2,57,10.92,0.1,0,0,0,0
2021.2.1,5,-2.3,9.5,0.7,2.7,74.5,5.8,1.6,0,0,0,0
2021.2.2,-5.6,-8.2,-2.4,0,3.9,44.1,14.69,-0.6,0,0,1.3,0
2021.2.3,-3.2,-9.4,1.4,3.4,2.2,64.6,11.7,-1.4,0,0,6.5,0
2021.2.4,-3.6,-7.4,0.7,0.1,2.5,50.1,15.33,-0.3,0,0,0,0
2021.2.5,1.4,-4.4,6.7,0,2.4,71.8,7.95,0.2,0,0,0,0
2021.2.6,6.8,4.3,9.5,0,2.2,80.4,4.77,2.2,0,0,0,0
2021.2.7,3.6,-2.6,7.7,0,2.9,67,11.38,3.2,0,0,0,0
2021.2.8,-3.1,-5.4,0.2,0,3.4,43.6,15.91,0.2,15.3,36,12.5,0
2021.2.9,-0.9,-6.1,4.7,0,2,51.9,15.46,0.5,0,0,3.8,0
2021.2.10,3.4,-1.5,7.2,0,2.1,75.1,6.15,0.7,0,0,0,0
2021.2.11,5.5,1.3,10.9,0,1.3,71.5,11.22,2.8,0,0,0,0
2021.2.12,6.5,0.6,14,0,1.7,60.6,14.72,4.2,0,3.8,3.6,0
2021.2.13,7.6,1,15.9,0,1.5,50.6,14.36,4.5,5.2,19.3,6.6,0
2021.2.14,9.5,6.4,13.8,0,1.7,47.6,7.21,5.6,2.8,15.4,6.5,0
2021.2.15,1.2,-5.2,8.2,1.4,4,65.1,9.69,3.7,4.2,17.7,8.1,0
2021.2.16,-5.1,-7,-1.3,1.5,3.2,57.9,7.31,-1.7,22.4,47.6,16.8,5.8
2021.2.17,-8.3,-10.4,-5.2,0,5,44.1,17.28,-2.1,0,0,0,0
2021.2.18,-5.8,-10.6,-0.4,0,3.1,44.9,17.05,-1.3,0,0,0,0
2021.2.19,1.6,-7.1,8.9,0,2.9,66.9,14.8,0.5,0.8,12.1,0,0
2021.2.20,8.8,5.5,14.9,0,2.1,60.4,15.25,4,0,0,0,0
2021.2.21,10.8,4.7,17.4,0,2.8,66.6,15.34,5.5,0,0,0,0
2021.2.22,7.8,0.4,12.6,0,2.9,58.3,13.04,6.5,19.3,42.6,13.2,3.4
2021.2.23,0,-3.1,4.3,0,2.9,34,17.53,2.9,16.6,38.2,17.2,1.8
2021.2.24,2.9,-3,10.1,0,1.8,33,16.1,3.6,2.2,14.3,12.4,0
2021.2.25,4.2,0.7,8.2,0,1.4,35.1,5.22,1.6,0,0,0,0
2021.2.26,8.2,0.5,15.8,0,2.3,35,18.2,5.1,0,0,0,0
2021.2.27,9.5,4.3,16.2,0,3.4,48.6,17.96,7,3.2,16,5.2,0
2021.2.28,7.8,3.2,10.8,0,2.1,49,7.13,5.4,2.5,14.9,10.2,0
2021.3.1,4.7,0.5,9,67.5,3.5,91,1.4,4.7,15.3,36,14.1,0
2021.3.2,2.3,0.2,6.9,0.1,1.9,75.9,12.9,5.4,11.6,29.9,14.4,0
2021.3.3,4.4,-1.2,9.9,0,1.8,64.4,16.52,4.5,2.5,14.9,6,0
2021.3.4,7.2,2.5,13,0,1.9,62.4,9.85,6.2,1.5,13.2,0.3,0
2021.3.5,9,3,16.2,0,2.1,70.3,18.95,9.1,0,5.4,4,0
2021.3.6,6.6,3.2,11.6,0,3.3,69.5,12.71,7.1,9.2,26,10,0
2021.3.7,6.2,2.1,12.2,0,2.8,62.9,18.17,7.9,10.9,28.8,12.5,0
2021.3.8,7,1.5,13.9,0,1.8,60.3,19.12,8.1,11.6,29.9,9.5,0
2021.3.9,6.6,2.1,12.2,0,2.2,58.5,15.57,6.9,7.9,23.8,7.5,0
2021.3.10,8.8,1.7,17.1,0,1.8,55.2,19.1,9,5.9,20.4,8.3,0
2021.3.11,10.2,4.7,17.1,0,1.8,50.8,16.6,9.8,7.9,23.8,8.8,0
2021.3.12,10.5,7.2,14.9,0,2.2,57,7.41,8.7,6.5,21.5,10.8,0
2021.3.13,9.2,4.6,14.2,0,2.2,62.8,14.87,9.9,16.6,38.2,15.5,1.7
2021.3.14,9.1,4.9,14.7,0,2.2,71.4,17.99,10.9,25,52.1,18.9,8.9
2021.3.15,10.6,5.1,15.7,1.7,2.4,68.8,12.75,10.3,16.3,37.6,15.4,0
2021.3.16,8.4,4.9,13.1,1.3,3.2,52.5,21.13,11.8,17.3,39.3,14.5,1.2
2021.3.17,8.8,1.8,17.5,0,1.8,44.9,20.79,10.4,18,40.4,18.4,2.3
2021.3.18,11.7,5,18.4,0,1.8,50.1,16.63,11.6,17.3,39.3,13.9,0.5
2021.3.19,15.3,11.4,20.2,0,2.2,47.9,19.09,15,6.9,22.1,10.3,0
2021.3.20,9.9,7.4,14.7,5.1,2.2,74.6,2,9.8,17.6,39.9,19.1,3.2
2021.3.21,5.8,3.1,8.6,0.3,4,65.9,10.42,7.6,39.2,75.4,29.2,25
2021.3.22,6.2,1.1,11.1,0,3.2,55.3,22.58,9,25.7,53.2,17.2,9.4
2021.3.23,9.1,2.5,16.4,0,2.5,63.5,20.89,10.6,11.2,29.3,10.2,0
2021.3.24,10.8,5.7,16.9,0,2.4,61.5,19.53,11.7,4.5,18.2,8.7,0
2021.3.25,11.9,6.8,19,0,2.2,68.5,20.86,13.5,9.2,26,12.6,0
2021.3.26,12.6,4.8,20.6,0,1.4,58.4,16.98,13.4,20,43.8,17.7,10.4
2021.3.27,12.1,10.2,15,25.5,2.5,70.9,3.72,10.5,23.7,49.9,19.1,9.4
2021.3.28,9,7.7,13,9.2,3.3,95.8,2.35,10.2,0.8,12.1,42.6,0
2021.3.29,10.2,7.3,14.6,0.2,3.3,62.3,18.24,11.4,35.1,68.7,24.2,18.8
2021.3.30,10.8,4.1,18.2,0,2.2,47.3,24.53,12.6,26.7,54.9,16,9.7
2021.3.31,14.5,5.9,22.9,0,1.8,41,23.29,14.2,25.4,52.6,18.3,9.1
2021.4.1,17.7,12,24,0,3.5,33,20.91,14.4,14.6,34.9,16.3,0.1
2021.4.2,17.8,12.5,23,0,3.2,35.6,15.37,15.3,20.7,44.9,23.5,8.1
2021.4.3,14.9,10.9,18,56.2,3.1,80.8,1.98,13.9,41.2,78.7,33,28.7
2021.4.4,11.9,9,15.8,0.6,3.2,65.8,12.91,13.1,42.9,81.5,34.5,29.9
2021.4.5,11.9,5.4,19.3,0,2.4,47.9,25.81,14.5,37.5,72.6,30.3,22.4
2021.4.6,13.9,9.4,19.2,0,2.5,50.9,23.34,15.2,31.1,62.1,22.7,15.2
2021.4.7,14.1,8.1,20.4,0,2.5,47.5,24.49,15.4,19,42.1,18.8,4.9
2021.4.8,13,7.2,18,0,2.7,34,25.85,15.1,32.5,64.3,25.6,18
2021.4.9,13.6,7.6,19.6,0,2.7,39.3,25.3,15,28.1,57.1,24.9,14.4
2021.4.10,12.6,7.7,18.8,0,2.6,50,23.77,15.2,25,52.1,23.9,10.4
2021.4.11,15,7.5,21.8,0,1.7,45.4,22.57,15.9,26.4,54.3,24.1,12.3
2021.4.12,13.8,11.9,17.8,22,2.4,70.4,5.39,13.2,26.7,54.9,21.7,12.2
2021.4.13,10.4,5.7,13.5,8,3.7,74,14.95,14.5,26.1,53.7,26.4,12.9
2021.4.14,8.4,3.1,13.3,0,2.9,58.5,27.31,13.3,40.9,78.2,26.8,26
2021.4.15,11.6,6.3,18.3,0,2.1,62.3,24.78,14.9,20,43.8,20.2,3.3
2021.4.16,11.3,8.1,14.8,0.7,2.6,60,8.59,12.6,11.2,29.3,13.7,0
2021.4.17,9.6,6,14.6,0,2.6,56.6,13.62,12.2,22,47.1,18.9,7.4
2021.4.18,9.9,5.6,15.3,0,3.2,64.3,26.94,14,28.1,57.1,21.7,11.8
2021.4.19,12.2,5.8,19.4,0,2.4,65.3,26.18,15.6,21,45.4,16.3,4.8
2021.4.20,14.8,8.1,22,0,1.9,55.1,24.8,17.3,19.7,43.2,16.5,3.8
2021.4.21,19.1,10.3,28.2,0,1.8,43.1,25.12,19.8,20.3,44.3,19.7,8.3
2021.4.22,20.9,16.1,27.5,0,2.5,37.9,15.7,20.1,28.1,57.1,25.5,15.7
2021.4.23,19,17,21.7,0,3.2,41.4,8.36,17.1,35.5,69.3,33.1,25
2021.4.24,18.3,15.3,22.2,0,2.7,43,13.65,17.7,55,100,39.9,43.7
2021.4.25,18.2,12.6,24,0,2.7,50,27.12,21.4,58,100,40,44.1
2021.4.26,16.2,12.3,20.6,0,2.6,51.8,21.57,20.1,52.3,97.1,37.1,38.8
2021.4.27,15.4,12.5,20,1.7,2.3,62.4,10.37,17.3,43.2,82.1,34.7,30.7
2021.4.28,14.5,11.2,18.2,4.7,2.4,64.1,16.09,16.3,42.2,80.4,31.8,32.8
2021.4.29,14.6,10.9,20.1,3.9,2.3,54.1,15.99,16.9,42.9,81.5,29.7,28.6
2021.4.30,11.3,8.6,14.6,26.3,2.4,81.8,9.45,12.8,38.5,74.3,28.7,23.5
2021.5.1,10.2,8.5,15.3,8,2.7,80.8,11.89,12.4,37.5,72.6,26.9,23.3
2021.5.2,12.4,7.3,18.7,1.7,3.1,67.9,27.71,16.8,29.8,59.9,22,13.3
2021.5.3,14.1,8.4,20.3,0,2.1,56.4,27.7,17.3,29.4,59.3,17.5,13.3
2021.5.4,13.8,11.4,15.8,19.6,2.1,82.6,3.68,13.5,25.4,52.6,21.1,10.9
2021.5.5,13.9,10.3,18.4,0.1,3.5,64.4,28.34,17.6,29.1,58.7,25,15.2
2021.5.6,15.7,7.9,23.1,0,2.4,46.4,23.81,16.8,39.2,75.4,29,23.1
2021.5.7,14.4,10.7,17.2,8.8,3.4,60.3,17.12,15.5,35.5,69.3,26.5,22.4
2021.5.8,14.3,8.9,21,0,3.4,66.1,23.01,16.9,27.4,56,27.3,15.5
2021.5.9,15.7,10,21.8,0,3.5,51.3,30.44,18.2,36.8,71.5,29.5,21.4
2021.5.10,13.2,11.7,14.6,0,1.8,67.9,4.69,13.5,30.8,61.5,24.9,17.2
2021.5.11,18.5,9.4,25.7,0,2.7,48.9,27.17,18.7,34.5,67.6,28.8,21.2
2021.5.12,22,16.9,27.7,0,2.2,39.5,26.51,21.7,40.2,77.1,28.4,23.5
2021.5.13,22.9,16.6,29.6,0,1.9,54.4,27.3,24.6,32.5,64.3,33.8,20.9
2021.5.14,24.1,18,30.8,0,1.7,60.3,24.38,25.2,57.7,100,43.4,46.4
2021.5.15,22.1,20.8,26.2,15,1.7,79.5,9.42,22.9,56.7,100,44.3,46.3
2021.5.16,18.4,14.8,20.8,66.9,2.5,97.6,3.05,19.6,61.4,100,47,51.4
2021.5.17,15.3,14.2,16.7,3.1,1.6,93,5.21,17.4,70.8,100,45.4,58.6
2021.5.18,17.9,13.6,24.5,0,1.7,70.5,24.12,20.2,50.6,94.3,38.9,36.5
2021.5.19,19.9,12.4,26.6,0,1.8,52.3,29.93,22.3,48.6,90.9,33.1,32.7
2021.5.20,18.7,15.6,22.9,0.9,2.5,59.8,6.8,17.9,46.6,87.6,33.1,34.2
2021.5.21,16,14.2,18.2,6.9,1.7,86.5,7.35,17.4,42.6,81,37.5,31.2
2021.5.22,18.6,13.8,23.8,0.2,2.5,69.3,28.69,21.8,0.8,12.1,63.1,0
2021.5.23,19.5,14.3,25.1,0,1.7,64.4,19.28,21,48.6,90.9,33.8,33.7
2021.5.24,19.4,16.4,24.5,0,2.7,61,26.9,22.8,47.3,88.7,36.3,34.8
2021.5.25,15.3,11.9,19.3,8.3,3.2,72.3,19.29,17.9,49,91.5,37.9,38.9
2021.5.26,18,11.5,23,0,2.9,58.5,17.95,18.8,56,100,38.2,44
2021.5.27,15.8,13.9,18.7,8.9,2.8,83,5.08,16.4,40.9,78.2,30.2,26.4
2021.5.28,15.3,12.4,19.7,12.3,2.6,86,11.26,17.4,39.5,76,35.2,26.6
2021.5.29,15.4,12.8,19.1,0.3,2.2,79.8,10.45,18.1,47.6,89.3,32.5,34.2
2021.5.30,18.4,10.8,26.3,18.1,2.1,73,29.45,21.9,42.6,81,29.7,28.1
2021.5.31,19.9,16.5,23.8,4,1.8,78.9,12.52,21.1,43.9,83.2,30.8,29.2
2021.6.1,20.2,15.9,23.9,3.2,2.2,74.6,13.01,21.1,37.2,72.1,32.8,26.5
2021.6.2,23.2,16.6,29.7,0,2.1,64.4,26.82,25,56.4,100,40.7,43.4
2021.6.3,19.1,14.6,22.7,18.1,1.8,80.8,5.11,20.4,54.3,100,41.6,41.5
2021.6.4,18.5,13.3,23.6,0,2.9,69.4,29.01,22.7,56.7,100,45.2,46.3
2021.6.5,20.8,17,25.7,0,3.3,68.1,23.11,22.2,50,93.2,39.2,36.7
2021.6.6,23,18.4,28.2,0,2.2,69.6,23.46,25,45.6,85.9,36.2,32.8
2021.6.7,21.1,19.4,24,0,1.7,71.5,7.02,21.1,58,100,41.6,45.9
2021.6.8,23.6,18.8,29.5,0.1,1.7,69.6,21.25,25.4,62.8,100,46.2,51.6
2021.6.9,25.8,19.5,31.6,0,1.6,59.1,24.78,26.5,66.1,100,44.5,54.3
2021.6.10,24.9,20.5,29.8,6.1,2.2,68.5,14.13,25.5,64.1,100,46.8,59
2021.6.11,21.5,19.9,24.4,4.6,2.8,84.5,10.08,23.8,66.5,100,51.8,57
2021.6.12,24.2,18.2,30.2,0,1.8,74.6,26.92,27.3,69.8,100,50.8,59.2
2021.6.13,24.8,20.9,29.7,0,2,72.6,26.48,27.9,67.8,100,45.4,54.9
2021.6.14,24.8,18.9,30.2,0,2.1,68.8,22.29,27.8,62.1,100,48,51.9
2021.6.15,22.5,21.5,25.3,1.9,2.3,79.1,7.61,23.3,71.2,100,50.6,61.1
2021.6.16,24.3,20.3,28.9,0,3.6,59.9,27.3,27.3,64.4,100,50,54.1
2021.6.17,21.9,19.6,25,0,2.4,71.4,9.59,23.4,73.2,100,47.7,60.5
2021.6.18,20,19,21.4,6.3,2.5,92.1,4.5,21.6,69.2,100,49.8,58.2
2021.6.19,22.3,17.5,27.4,0,1.8,74,26.47,26.1,66.8,100,46,54.8
2021.6.20,22.9,17.6,29,0,2.8,73.3,25.87,26.9,64.8,100,43.7,50.6
2021.6.21,23.6,19.2,28.5,0,2.2,67,25.72,28.1,59.7,100,44.7,49
2021.6.22,22.8,19.7,28.6,0,2.1,67.9,20.23,25.8,60.1,100,45,50.3
2021.6.23,22.4,18.8,27.9,7.5,2.4,70.5,19.49,26.9,65.5,100,47.9,54.4
2021.6.24,23,18.5,28,0,1.9,71.1,17.8,25.2,67.1,100,45.1,57.5
2021.6.25,24.1,19.5,29.5,0,2,69,24.74,28,64.1,100,44.5,53.1
2021.6.26,22.8,19.9,26.7,4.5,1.8,78.5,14.24,25,63.1,100,46.4,52.1
2021.6.27,24.5,19.8,30.8,38.2,2,72.1,22.48,27.8,66.5,100,48.4,55.8
2021.6.28,23.7,21,29.2,0.1,1.9,76.4,13.52,25,67.8,100,47.2,57.4
2021.6.29,23.9,21.3,28.4,8,1.8,78.6,14.1,26.4,67.5,100,48.3,57.4
2021.6.30,24.3,21,28.8,6,1.3,77.9,16.22,26.3,71.5,100,47.4,60.6
2021.7.1,26.3,21.4,31,0,1.8,70.9,20.59,27.4,72.5,100,49,61.2
2021.7.2,27.1,23.6,31.8,0,2.3,64.1,22.19,27.2,71.5,100,49.9,60.4
2021.7.3,22.6,19.6,25.7,60,3.6,80,7.51,23.5,72.9,100,54.2,62.7
2021.7.4,21.4,19.8,23.1,21.4,2.3,96.8,2.69,22.2,80.3,100,56,70.3
2021.7.5,23.3,20.1,26.9,0,1.4,80.3,12.59,24.6,66.8,100,47.6,54.9
2021.7.6,25.3,21,30.1,0,1.6,73.4,19.15,26.8,67.5,100,46.5,54.3
2021.7.7,26.4,23.9,29.1,12.7,1.5,78.5,11.81,26.6,68.5,100,48.6,56.6
2021.7.8,26,23.8,29.8,2.9,2,81.6,14.1,27,71.5,100,51.8,61
2021.7.9,25.5,23.6,29.2,0,1.9,77.3,14.49,27,81.3,100,56.6,70.1
2021.7.10,25.9,23.1,29.2,0.5,2.4,80.4,17.4,26.9,80.9,100,54.5,70.2
2021.7.11,25.7,24.1,27.5,0.4,2.2,86.8,7.53,26.3,80.3,100,53.5,69.2
2021.7.12,28.1,23.8,32.5,0,1.6,75.1,19.1,29,78.6,100,54.8,67.5
2021.7.13,28.8,26.3,31.5,0,1.7,76.1,11.59,28.5,82,100,56,70.6
2021.7.14,29.7,26.1,33.5,0,2.2,71.4,22.48,30.6,80.9,100,58.5,71.3
2021.7.15,29.1,25.9,34.5,0,2.1,71.1,22.77,31.8,89.4,100,62,79.1
2021.7.16,28.8,24.2,35.2,0,2.2,68.4,26.76,32.5,88.7,100,62.8,79.3
2021.7.17,29.1,24.7,32.8,0,2.3,63.1,22.58,32.4,88,100,59.7,79.1
2021.7.18,29.6,25.7,34.1,0,2.1,62.5,23.37,33.1,82.3,100,57.9,74.4
2021.7.19,26.4,24,30.5,67.4,1.9,80.1,10.07,28,84,100,61.6,74.4
2021.7.20,27.9,23.6,31.8,0,1.5,75.8,14.62,28.9,87.3,100,61.8,78.2
2021.7.21,30.5,25.3,35.3,0,1.7,64,24.1,30.5,81.6,100,55.1,71.4
2021.7.22,31.2,26.5,35.9,0,2,59.8,27.69,31.4,80.3,100,58.7,73.4
2021.7.23,31.2,27.2,35.8,0,1.8,61.8,26.91,32.2,86,100,63.5,77.4
2021.7.24,31.7,26.9,36.5,0,1.7,57.4,27.78,32.6,90,100,65.2,82.3
2021.7.25,31.5,27.2,35.9,0,2,55.8,27.63,34.2,92.4,100,65.3,84.4
2021.7.26,31.2,27.4,35.4,0,2.4,54.9,29.3,35.3,91.4,100,66.2,83.2
2021.7.27,31.1,27.8,35.7,0,2.1,60.5,17.22,33.3,92.4,100,66.2,84
2021.7.28,30.4,27.1,34.7,0,1.9,67.4,16.37,33.5,93.1,100,65.7,89.3
2021.7.29,29.6,27,33.3,0,2,69.9,14.86,31.3,94.4,100,65.1,87.6
2021.7.30,30.5,25.8,35.4,0,2.1,63.1,21.86,33.5,92.1,100,63.8,83.1
2021.7.31,29.8,26.8,34.3,3,2.5,69.9,21.19,31.6,91.7,100,62.7,82.1
2021.8.1,27.1,25.1,28.8,21,1.3,81.8,6.56,28.3,87.7,100,63.4,80.2
2021.8.2,26.5,25,28.6,1.7,1.6,82.6,8.42,27.8,91,100,62.3,82.2
2021.8.3,28,24.1,31.4,0,1.8,76.9,13.25,29,85.3,100,59.3,73.9
2021.8.4,28.9,26.3,33.2,0,2,70.6,19.55,29.9,85,100,57.5,73.5
2021.8.5,29.4,25.6,33.7,0,2.1,68.1,20.51,30.7,82,100,59.4,71.8
2021.8.6,28.1,26,32.2,0,2.1,68.4,18.13,33.8,89.4,100,60.5,79.8
2021.8.7,28,23.4,32.3,0,2.1,65,23.48,35.3,87,100,61.6,77.7
2021.8.8,26.8,24.4,32.1,12.7,1.7,74.8,11.91,28.9,88.3,100,58.9,78.4
2021.8.9,28.3,23.3,33.6,0,2.3,62.4,24.73,31.7,79.6,100,58.4,69.9
2021.8.10,27.7,24.3,32.2,0,2.3,62.5,20.07,31.1,83,100,54.6,73.1
2021.8.11,27.4,24.1,31.6,0,2,70.3,16.55,31.5,79.3,100,58,70.1
2021.8.12,26.8,24,31.7,0,1.8,67.1,14.8,29.6,82.6,100,57.5,72.8
2021.8.13,26.6,23.4,30.1,0,2,70.4,12.03,28.8,82,100,57.2,77.4
2021.8.14,26.1,23.4,30.5,0,3,63.9,15.6,29.6,81.6,100,55.1,71.6
2021.8.15,26.9,21.7,32.4,0,2.3,59.6,23.31,30.6,79.6,100,56.2,68.9
2021.8.16,27.3,22.5,32.8,0,2.3,61.1,23.19,33.6,79.6,100,54,69.1
2021.8.17,25.9,21.9,31.3,9.3,2.4,65,17.49,30.6,73.9,100,54.6,64.3
2021.8.18,24.3,20.6,31,5.6,2.8,69.6,17.87,25.1,76.6,100,55.5,67.1
2021.8.19,26,21,31.5,0,2.6,57.1,20.95,29.1,74.5,100,52.5,64.5
2021.8.20,26.6,22.6,30.7,0,2.3,63.6,17.21,28.9,70.2,100,47.4,60.1
2021.8.21,23.8,21,25.5,62.8,2.7,88.1,6.31,25.7,71.5,100,52.6,61.6
2021.8.22,24.4,22.4,27,0,2.1,81.5,8.64,24.7,76.9,100,55.5,66.5
2021.8.23,22.4,21,24,7.4,2,89.3,3.81,22.9,71.5,100,51.9,59
2021.8.24,23.4,21.1,26.4,10.5,2.9,93.6,4.58,24,76.2,100,52.2,64.2
2021.8.25,25,23.5,27.3,0.3,1.8,85.5,8.96,26.7,71.5,100,48.8,58.5
2021.8.26,25.5,22.9,27.9,0.7,2.5,84.9,8.07,25.9,71.8,100,49.5,61.4
2021.8.27,22.4,20.4,25.5,0.9,1.3,83.5,3.01,23.1,79.9,100,53.9,68.1
2021.8.28,23.6,19.7,28.2,0,1.8,80.4,15.44,25.1,77.9,100,54.9,66.3
2021.8.29,23.7,21.9,26.3,0.9,1.6,82.6,9.6,24.3,69.5,100,47.2,57
2021.8.30,24.2,21.2,27.7,0,1.4,77.5,12.46,25.3,67.1,100,48.2,55.9
2021.8.31,20.5,18.1,23.1,77.4,2.3,93.3,2.39,21.2,74.5,100,50.7,62.3
2021.9.1,21.4,18.5,23.9,0.8,2.9,83.1,7.24,22.4,72.2,100,50.8,60.6
2021.9.2,23.5,20.7,26.7,0,2.1,70.3,13.24,24.4,61.7,100,43.5,49.4
2021.9.3,24.3,20.6,29.2,0,2.4,60.3,24.64,26.7,63.1,100,45.6,50
2021.9.4,23.2,18.5,28.6,0,2.7,57,20.58,25.7,70.5,100,49.5,58.5
2021.9.5,23.1,19.4,27.3,0,3.2,61.1,15.83,23.8,70.2,100,49.4,59.3
2021.9.6,22.3,18,26.4,12,3.2,70.1,12.02,23.2,63.1,100,46.4,52.1
2021.9.7,19.6,17.6,20.9,29.6,2.3,98.1,1.8,20.4,66.1,100,47.5,54.5
2021.9.8,22.2,19,26.9,1.6,1.7,81.3,18.18,23.7,61.4,100,45.8,49.5
2021.9.9,23.5,19.1,29.1,0,1.5,76.5,18.9,25.5,60.1,100,42.9,45.7
2021.9.10,23.6,19.5,28.9,0,1.9,76,16.96,25.6,64.8,100,44.9,53
2021.9.11,24,19.9,29.4,0,1.7,73.1,19.54,25.8,65.1,100,46.9,55.1
2021.9.12,24.2,19.2,29.8,0,1.8,64.6,22.15,26.4,66.5,100,47.4,56
2021.9.13,24.8,20.8,30.3,0,2.4,67.1,17.61,26.9,67.8,100,48.2,57.1
2021.9.14,24.6,20,29.5,0,2.6,63.3,21.88,27.8,65.5,100,48.4,54.9
2021.9.15,23.6,19.5,28.9,0,3.6,57.5,22.62,27,70.8,100,49.9,65.6
2021.9.16,22.9,18,27.3,0,2.6,61.1,20.18,26.6,68.1,100,50.1,57.4
2021.9.17,23.5,20.5,28.2,0,3,61.4,18.05,27.6,66.5,100,47.4,56.1
2021.9.18,23.9,18.9,29.8,0,1.6,65.1,19.77,29.4,61.4,100,46.8,50.7
2021.9.19,23.7,20.8,27.8,0,1.9,62.9,13.97,26.8,69.8,100,47.9,58.5
2021.9.20,23.7,19,28.4,0,2.7,63.6,19.86,29,64.4,100,47.4,54
2021.9.21,22,17.4,26.2,68.1,2.9,85.1,11.84,23.9,70.8,100,49,59.4
2021.9.22,20.2,16.8,24.3,4.5,2.7,79,14.89,22,64.8,100,48.3,53.7
2021.9.23,20.9,16.9,25.9,0,2.4,67.3,18.01,22.7,59.4,100,45,47.5
2021.9.24,21.8,16.7,26.9,0,2.2,67.5,18.34,23.1,57.4,100,41.1,44.6
2021.9.25,21.2,18.7,23.1,0,2.3,72.6,7.2,21.1,57.7,100,41.7,52
2021.9.26,22.6,18.4,27.3,0,2.3,63,18.13,23.9,57,100,43.6,45.5
2021.9.27,21.6,18.7,25,0,2.4,66,11.36,21.6,63.8,100,45.8,50.3
2021.9.28,21.5,19.6,24.4,1.3,2.2,75.1,9.29,22.5,62.8,100,45.8,51.2
2021.9.29,20.2,17.8,21.4,13.1,1.7,93.5,2.85,21.1,63.8,100,45,51.2
2021.9.30,20.3,16,25.9,0,1.5,83.9,17.2,22.2,66.8,100,45.4,53.9
2021.10.1,21.1,16.9,27.5,13.3,2.4,75.8,18.42,22.9,60.7,100,44.3,47.6
2021.10.2,20.7,16.4,26.6,0,1.6,77.1,16.92,23.2,54.7,100,39.7,45.1
2021.10.3,22.3,17.1,28.8,0,1.9,69.5,17.47,22.9,57.7,100,40.6,46.5
2021.10.4,22.9,19.2,25.6,3.6,2.9,81,2.97,21.7,56,100,40.2,44.3
2021.10.5,23.6,21.7,26.5,0,3.3,82.4,8.11,23.2,58.4,100,43.2,47.6
2021.10.6,18.8,17.9,21.7,6.4,2.8,91.5,3.26,20.2,65.5,100,48.7,53.1
2021.10.7,19.4,17.9,21.9,4.6,1.9,85.5,4.86,20.6,73.9,100,50.1,61.7
2021.10.8,18.8,17.5,20,3.5,1.7,91.3,2.8,19.8,61.1,100,39.3,47.1
2021.10.9,20.9,18.5,24.1,0.4,2.3,83.5,7.05,20.5,61.1,100,41.1,47.2
2021.10.10,19.9,14.9,24.3,14.2,2.2,89,3.12,20.6,59.7,100,41.2,45
2021.10.11,15.2,12.6,17.8,0.3,2.2,78.6,8.47,18,63.1,100,43.7,50.1
2021.10.12,17.9,15.8,21.3,0,3.3,67.1,11.55,18.2,51,94.8,40.1,38.4
2021.10.13,19.6,14.9,25.2,0,2.4,66.6,17.28,19.3,43.2,82.1,31.5,27.9
2021.10.14,19.7,17.4,23.9,0,2,73.6,12.85,20.9,54,99.8,36.7,40
2021.10.15,19,17,21.4,0,2.1,74.4,7.21,20.1,51,94.8,38.1,38.8
2021.10.16,10.7,4.2,18.1,0,3.4,47.5,8.78,13.8,59.4,100,39.9,52
2021.10.17,5.6,1.3,10.8,0,2.9,37.4,18.7,10.5,58,100,40.3,44.4
2021.10.18,9.6,2.8,16.1,5.6,2,60.4,12.08,11.7,14.9,35.4,16.1,0.4
2021.10.19,10.9,7.1,15,4.4,2.4,72.8,13.34,13.9,5.2,19.3,7,0
2021.10.20,9.5,4.6,15.8,0,1.7,64.9,16.7,12.7,10.2,27.7,14.6,0
2021.10.21,9.8,4.9,16.2,0,1.7,64.1,5.13,12.2,24.7,51.5,20.2,8.6
2021.10.22,10.8,5.2,17.2,0,1.8,58.4,16.45,12.5,16.3,37.6,14.6,0.7
2021.10.23,11.4,5.7,18.4,0,1.6,57.3,16.25,12.5,17.3,39.3,15.1,2
2021.10.24,11.4,6,18.1,0,1.7,63.1,15.97,12.4,18.3,41,17.4,4.4
2021.10.25,11.7,6.3,17.6,0,1.9,64.5,11.74,12.7,20,43.8,18.1,5.5
2021.10.26,13,7.7,19,0,1.7,74.5,13.08,12.9,21,45.4,18.4,7.4
2021.10.27,13.4,9.8,18.1,0,2.2,63.4,14.72,13.9,22,47.1,20,7.1
2021.10.28,12.7,7.1,20,0,1.4,54.6,15.58,12.7,26.7,54.9,22.8,12.3
2021.10.29,14.6,10.5,20.6,0,2,55.9,14.16,13.9,33.8,66.5,25.1,19.1
2021.10.30,13.8,11,18,0,1.6,62.4,6.35,12.9,24.7,51.5,20.7,10.8
2021.10.31,14.1,9.2,20.3,0.7,1.6,73.3,12.25,14,36.2,70.4,26.4,22.8
2021.11.1,12.9,10.3,16.9,0,1.9,77.3,11.32,13.4,37.8,73.2,26.6,23.1
2021.11.2,11.5,7.9,16.9,0,1.7,76.6,12.69,12.4,31.8,63.2,25,18.1
2021.11.3,12.1,7.6,17.1,0,1.5,71.1,13.24,12.3,35.5,69.3,24.8,20
2021.11.4,12.1,8.4,16.3,0,1.3,80.4,6.9,11.5,27.4,56,20.1,13.2
2021.11.5,13,7.8,20.2,0,1.5,68.5,12.76,12.3,26.4,54.3,21.9,11.2
2021.11.6,14.1,8.8,21.3,0,1.6,61.1,12.8,12.7,29.1,58.7,22.8,13.4
2021.11.7,15.3,9.7,21.3,0,2.1,57.5,12.2,13.1,27.1,55.4,21.5,13.2
2021.11.8,8.6,4.5,15.5,25.7,3.2,82.1,2.57,10,30.4,61,23.9,17
2021.11.9,4.9,3,6.5,2,2.4,80.3,3.4,6.8,33.5,66,28,19.9
2021.11.10,4.2,0.7,7.7,0.3,2.5,73.4,8.8,7,16,37.1,11.9,0.3
2021.11.11,5.3,2.1,9.7,0,2.9,60.6,9.68,6.5,10.9,28.8,9.5,0
2021.11.12,4.5,1.3,8.6,0,2.6,55.4,13.47,6,3.2,16,5.8,0
2021.11.13,7.3,0.5,13.4,0,1.5,66.1,9.9,6.5,7.9,23.8,7.2,0
2021.11.14,11.3,7.8,16.4,0,2.2,69.8,10.52,9.8,5.2,19.3,5.8,0
2021.11.15,10.1,5.8,15.7,0,1.6,71.3,11.39,9,2.5,14.9,9.9,0
2021.11.16,8.5,4.4,13.6,0,1.9,65.5,12.07,8,27.1,55.4,20,11.5
2021.11.17,7.5,2.7,12.5,0,1.6,64.1,11,6.7,20.3,44.3,16.7,4.6
2021.11.18,11.9,7.7,16.2,0,2.4,70.8,5.68,10.5,15.6,36.5,13.7,0
2021.11.19,12.9,10.2,16.7,0,1.9,84.8,4.98,11.4,9.9,27.1,11.5,0
2021.11.20,10.4,6.8,15.6,0,1.6,77,8.62,9.7,26.7,54.9,22.2,11.1
2021.11.21,10.4,7.6,13.1,5.9,1.9,74.4,3.3,9.7,35.1,68.7,25,19.5
2021.11.22,2.7,-0.6,7.5,1.3,4.1,61.8,8.99,4.5,23.7,49.9,17.8,7.9
2021.11.23,-0.6,-3.7,2.3,0,3.2,60.9,8.4,1.6,26.4,54.3,20.6,9.4
2021.11.24,4.1,-2.6,9.1,0,1.9,64.3,7.93,2.3,0,8.8,1,0
2021.11.25,5.7,2.6,9.9,0,2.2,55,10.25,5.1,0,0,0,0
2021.11.26,2.9,-0.5,7.2,0,2.2,57.5,7.6,1.9,0,0,3.9,0
2021.11.27,3.4,-1.4,10.1,0,1.6,53,11.85,2.8,9.6,26.5,8.4,0
2021.11.28,5.1,-1.3,12.4,0,1.5,52.4,11.02,3,0,9.3,2,0
2021.11.29,7.6,2.5,13.7,0,1.6,62,7.47,5.4,0,4.3,0.4,0
2021.11.30,5.7,0.7,8.9,27.2,3.7,80.4,0.84,5.7,0,4.9,3.6,0
2021.12.1,-1.3,-3,1.5,0,4.2,51.8,12.23,1.2,9.2,26,10.5,0
2021.12.2,1.3,-4.6,5,0.1,2.1,68.9,6.48,0.4,3.2,16,9.5,0
2021.12.3,1.9,-1.8,4.6,0.4,2.9,53.3,11.85,2.3,0,0,0,0
2021.12.4,1.4,-2.7,7,0,2,48.5,10.46,1.5,0,0,0,0
2021.12.5,2.9,-2.3,9.6,0,1.4,50.4,11.07,1.8,0,2.1,1.5,0
2021.12.6,5.4,-0.7,12.1,0,1.6,61.4,9.37,2.5,0,0,0,0
2021.12.7,6.8,2.6,13.3,0,1.2,68.3,9.35,3.6,0,0,0,0
2021.12.8,6.7,1.9,13.3,0,1.5,70,10.53,3.7,0,8.2,4.9,0
2021.12.9,6.5,2.7,9.7,0,2.2,70.3,4.98,3.8,9.6,26.5,8.3,0
2021.12.10,7,5.8,8.2,0.7,2.1,81.5,1.35,5.2,7.2,22.7,7.9,0
2021.12.11,6,4.4,9.8,0,1.4,83.6,7.34,5.4,9.9,27.1,11.3,0
2021.12.12,1.2,-3.8,5.1,0,3.2,61.8,9.67,2.8,0.8,12.1,0.2,0
2021.12.13,-2.2,-5.9,1.9,0,2.3,43.8,11.43,-0.2,15.6,36.5,9.5,0
2021.12.14,3.7,-0.7,8.2,1.2,2,64.9,6.1,2.3,0,0,0,0
2021.12.15,7.2,5.4,10,2.1,1.7,84.8,4.11,5.4,0,0,0,0
2021.12.16,6.4,3.3,9.8,0,1.8,71.6,7.6,5.4,0,8.2,3.5,0
2021.12.17,-5.6,-10.1,3.2,0,4.6,50.5,10.96,-0.9,19,42.1,13.3,0.9
2021.12.18,-5.7,-11.2,-1.8,2.8,2,64.1,6.79,-2.6,11.9,30.4,10.8,0
2021.12.19,-0.8,-5.8,4.2,0.2,2,63.8,8.82,-0.5,0,0,0,0
2021.12.20,5.2,-0.9,11.1,0,2.1,77.9,8.61,1.4,0,0,0,0
2021.12.21,5.2,0.8,8.9,0,2,70.9,7.93,2.9,0,0,0,0
2021.12.22,2.2,-2.6,8.2,0,1.7,47.4,10.21,0.8,0,7.1,5.4,0
2021.12.23,2.7,-1.5,8.3,0,1.4,53.5,8.85,1,3.5,16.5,7.8,0
2021.12.24,-0.3,-7.3,3.2,0.2,2.6,65.3,2.08,0.3,0,0,0,0
2021.12.25,-11.7,-14.4,-7.3,0,3.9,42.4,11.64,-4.4,0,3.8,0.1,0
2021.12.26,-12.1,-15.5,-7.3,0,3.1,43.5,11.55,-5.8,0,0,0,0
2021.12.27,-7.6,-12.9,-3.9,0,1.7,60.9,6.09,-4.7,0,0,0,0
2021.12.28,-4.1,-8.5,-0.9,0,2.2,73.8,4.32,-3.3,0,0,0,0
2021.12.29,0.4,-3.8,5.9,0.2,2.6,72.9,4.64,-0.7,0,0,0,0
2021.12.30,-3.9,-6.8,0.2,0,3.3,48.5,9.14,-2.7,0,0,0,0
2021.12.31,-6.7,-8.8,-3.9,0,3.5,35.9,11.7,-4.5,0,0,0,0
2022.1.1,-4.3,-10.2,2.3,0,1.5,46.3,10.39,-3.7,0,0,0,0
2022.1.2,-1.3,-5.2,3,0.3,2.3,57.9,8.52,-0.9,0,0,0,0
2022.1.3,-1.9,-8,2.5,0,1.8,58.3,9.35,-2.3,0,0,0,0
2022.1.4,-2.5,-5.6,1,0,2.4,51.8,11.3,-1.8,0,0,0,0
2022.1.5,-2.8,-7.8,1.9,0,1.7,47.6,6.12,-2.8,0,0,0,0
2022.1.6,-2.2,-5.9,3.3,0,2.3,47.1,11.22,-2.3,0,0,0,0
2022.1.7,-1.6,-5.9,4.5,0,1.5,47.1,11.12,-2.3,0,0,0,0
2022.1.8,0.3,-5,3.7,0,1.7,64.3,3.68,-2.1,0,0,0,0
2022.1.9,1.3,-1.2,5.6,0,1.7,71.5,7.16,0.5,0,0,0,0
2022.1.10,0.5,-3.4,4.4,0.9,2,68.3,7.25,-0.9,0,0,0,0
2022.1.11,-7.4,-10.3,0.3,0.2,4,55.5,11.91,-2.3,0,5.4,0,0
2022.1.12,-7.7,-11.3,-3.4,0,2.4,47.8,11.93,-4.1,0,0,0,0
2022.1.13,-6.4,-8.9,-3.1,0,3.3,45.8,11.9,-3.6,0,0,0,0
2022.1.14,-4.8,-10.1,1.3,0,1.7,41.8,12.1,-3.5,0,0,0,0
2022.1.15,-1,-5.3,1.8,0,1.9,48.3,3.76,-1.9,0,0,0,0
2022.1.16,-2,-7.2,2.4,0,3.3,54.5,11.98,-0.3,0,0,0,0
2022.1.17,-5.8,-9.2,0.1,0.5,2.2,59.9,8.07,-4.2,0,0,0,0
2022.1.18,-5.6,-9.9,-0.7,0,2.3,47.9,12.4,-2.8,0,0,0,0
2022.1.19,-5.3,-7.7,-2.7,1.7,2.1,72.3,2.13,-3.4,0,0,0,0
2022.1.20,-5,-9.8,0.9,0,1.8,63.5,12.29,-2.5,0,0,0,0
2022.1.21,-2.7,-8.7,4.6,0,1.8,55.6,12.79,-1.9,0,0,0,0
2022.1.22,0.3,-5,7.1,0,1.7,52.4,9.7,-0.3,0,0,0,0
2022.1.23,2,-0.6,6.7,0,1.7,52.4,7.67,0.4,0.8,12.1,0.2,0
2022.1.24,4.6,1.3,8.4,0,3.5,56,8.71,0.8,0.8,12.1,0.2,0
2022.1.25,2.8,1.9,4.5,0.7,2.3,80,1.7,0.9,0,8.8,0,0
2022.1.26,1.3,-1.9,6.8,0,2.2,62.8,11.54,1.3,5.2,19.3,6.3,0
2022.1.27,-1.1,-4.6,4,0,2.1,50,11.72,0.3,7.2,22.7,4.6,0
2022.1.28,-2.7,-5.9,2.1,0,2.8,51.6,13.65,-0.9,0,1.6,0,0
2022.1.29,-3.6,-7.2,0.9,0,2.4,48.9,14.07,-1.5,0,0,0,0
2022.1.30,-2.8,-8,2.4,0,2.2,45.4,14.1,-1.4,0,0,0,0
2022.1.31,-0.7,-6.8,4.8,1.2,1.9,59,11.47,-0.7,0,0,0,0
2022.2.1,-1.3,-2.7,0.9,1.7,2.6,76.6,9.04,-0.4,0,0,0,0
2022.2.2,-3.4,-6,0,0,2.4,60.5,14.68,-0.6,0,0,0,0
2022.2.3,-3.4,-6.9,0.4,0,2.4,52.4,14.87,-0.8,0,0,0,0
2022.2.4,-5.2,-8.2,-0.7,0,3.1,53.3,12.94,-2.6,0,0,0,0
2022.2.5,-6.6,-9.7,-2,0,3.1,48.8,14.31,-3.1,0,0,0,0
2022.2.6,-3.9,-8.4,1.7,0,2.5,50.3,14.83,-1.5,0,0,0,0
2022.2.7,-2.5,-7.3,1.9,0,1.8,51.3,10.41,-1.6,0,0,0,0
2022.2.8,-0.1,-4.1,5.6,0,1.9,53.8,14.49,1.3,0,0,0,0
2022.2.9,1,-4.3,7.2,0,1.8,52.3,12.8,0.9,0,0,0,0
2022.2.10,1.4,-3.2,6.7,0,2.3,57.8,14.93,2.1,0,0,0,0
2022.2.11,2.9,-2.6,8.8,0,1.8,61.1,13.28,3.3,0,0,0,0
2022.2.12,4.8,-0.1,10.4,0,1.7,50.4,15.11,5.1,0,0,0,0
2022.2.13,4.8,1.6,9.5,0,1.8,44.9,9.29,2.2,0,0,0.2,0
2022.2.14,2.5,-1.3,8.1,1.7,2.9,68.3,7.04,1.4,0.5,11.6,4.8,0
2022.2.15,-4.7,-7.7,-1.3,0,3.8,58,9.99,-1.5,6.2,21,5.8,0
2022.2.16,-7.3,-9.6,-4.1,0,3.7,50.4,16.28,-2.3,0,4.9,0,0
2022.2.17,-6.2,-10.7,-0.5,0,2.5,41.6,17.2,-0.1,0,0,0,0
2022.2.18,-1.2,-8,5.7,0,2,40.4,15.91,1.6,0,0,0,0
2022.2.19,-1.7,-6.2,3.7,0.1,2.9,52.9,9.25,0.1,0,0,0,0
2022.2.20,-4.8,-8.4,-0.5,0,4.1,41.1,18.09,0.3,0,0,0,0
2022.2.21,-3,-8.1,3.6,0.1,2.9,56.3,11.41,-0.1,0,0,0,0
2022.2.22,-4.5,-8,0.5,0,3.2,43.3,15.64,0.5,0,0,0,0
2022.2.23,-5.6,-10,-0.6,0,2.6,38.5,18.78,0.3,0,0,0,0
2022.2.24,-2.4,-8.5,3.7,0,2.2,52.4,18.42,1.9,0,0,0,0
2022.2.25,3,-3.6,8.4,0,2.3,77.5,12.36,3.6,0,0,0,0
2022.2.26,5.4,1,9.3,1.1,3.9,78.4,5.58,3.7,0,0,0,0
2022.2.27,3.7,-1.6,9.1,0,2.8,56.6,18.62,3.9,0,0,1,0
2022.2.28,6.8,2.7,11.5,0,1.5,62.3,10.5,3.4,4.2,17.7,8,0
2022.3.1,5.8,0.3,9.7,2.3,2.3,70.5,6.49,5.7,0,3.2,2.5,0
2022.3.2,3.5,-2.3,8.8,0,2.7,55.9,19.53,4,9.9,27.1,10.3,0
2022.3.3,5.8,0.9,12.4,0,2.1,52.9,19.16,5.5,1.8,13.8,8.9,0
2022.3.4,6.9,0.6,14.6,0,3.6,60.5,10.65,3.7,0,0,2.2,0
2022.3.5,2.3,-0.7,6.7,0,4.3,38.4,20.26,4.4,3.8,17.1,5.9,0
2022.3.6,1.4,-3,6.8,0,2.6,39.5,21,5,2.8,15.4,7.2,0
2022.3.7,2.8,-2.7,8.7,0,2,45.8,14.99,3.9,0,8.2,0.5,0
2022.3.8,6,1.1,12.3,0,2,56.1,16.44,6.8,0,0,0,0
2022.3.9,7.1,1.7,14.8,0,1.9,69.6,18.85,9,0,0,0,0
2022.3.10,9.3,4.2,15.8,0,2.1,51.4,16.75,9.3,4.5,18.2,6.7,0
2022.3.11,11.2,5.1,18.4,0,1.9,58.4,14.49,11.4,6.5,21.5,7.6,0
2022.3.12,12.8,6.3,19.5,2.6,2.7,72.1,12.82,12.1,14.9,35.4,13.9,0
2022.3.13,11.7,10.7,12.6,42.1,1.9,95.5,2.1,11.1,18,40.4,17.4,3.5
2022.3.14,8.2,4.9,13.2,8.7,3.2,90.3,2.18,7.7,22,47.1,21.6,7.9
2022.3.15,7.2,2.3,13.3,0,2,72.6,17.55,9.8,36.8,71.5,25.5,19.4
2022.3.16,10.3,3.6,16.8,0,2.1,62.6,17.67,10.8,17.3,39.3,13.1,0.6
2022.3.17,10.7,7.8,15.1,1.2,2.7,62,9.49,9.7,8.6,24.9,9.6,0
2022.3.18,7.5,5.5,9.6,0,4.4,60.8,5.17,7.2,12.9,32.1,16.2,0
2022.3.19,3.4,0.9,6.1,14.6,3,84.6,4.93,4.6,27.1,55.4,19.4,10.9
2022.3.20,5.4,2.2,9.3,0,2.6,66.1,15.76,8.2,19.3,42.6,14.8,0.9
2022.3.21,5,-0.3,10.9,0,2.4,49.5,16.69,6.2,3.8,17.1,4.9,0
2022.3.22,7.1,1.1,13.6,0,2.2,48.9,21.71,9.5,8.2,24.3,8,0
2022.3.23,6.2,4.9,8.2,0,2.3,56.8,7.05,7,0,10.4,4.9,0
2022.3.24,8.2,3.9,12.4,0,1.8,70.6,6.34,8.5,4.5,18.2,9,0
2022.3.25,12,6.3,17.2,10.9,2.6,70,9.06,10.3,17.3,39.3,11.9,0
2022.3.26,11.8,9.5,14.7,19.8,2.9,80.9,6.39,12,13.9,33.8,14,0
2022.3.27,8.1,5,12.6,0,3,49.1,22.23,10.8,22,47.1,21.4,6.9
2022.3.28,8.2,1.5,15.1,0,2.1,35.6,24.71,10.5,32.8,64.9,23.5,16.4
2022.3.29,9.7,3.3,15.6,0,2.1,52.9,23.32,11.6,17.6,39.9,13.4,0.6
2022.3.30,10.8,5.9,15.7,0.4,1.8,76.5,7.64,9.7,5.9,20.4,11,0
2022.3.31,10.9,7.6,14.7,0,2.5,63.5,13.98,11.9,11.9,30.4,15.5,0
2022.4.1,9.2,4.5,14.9,0,2.6,50.5,23.35,12.2,20.7,44.9,19.1,5
2022.4.2,8.2,3.7,14.2,0,2.3,55,24.09,11.6,26.4,54.3,20.5,10.1
2022.4.3,9.6,3.5,17,0,2.1,55,24.34,12.6,16,37.1,14.6,0
2022.4.4,10.3,5.1,16.4,0,2.3,50.3,24.75,13.4,13.3,32.6,12,0
2022.4.5,10.3,4.9,15.8,0,2.4,41.1,21.21,12.3,12.6,31.5,13.6,0
2022.4.6,11.7,8,17,0,2.5,52.3,21.54,13.8,18,40.4,16.6,2.8
2022.4.7,10.9,7.4,15.7,0,3.3,43.5,24.3,15.1,17.3,39.3,17.3,5.2
2022.4.8,12.9,5.1,20,0,2.1,49,24.92,16.1,27.7,56.5,20.6,13.1
2022.4.9,17.8,12.4,24.2,0.5,3,43.8,21.41,18.1,25.7,53.2,19.4,9.9
2022.4.10,18.2,12.7,25.1,0,2,46,24.18,20.1,18,40.4,21.3,4.2
2022.4.11,19.6,13.4,26.6,0,2.4,60.4,24.04,22.4,42.6,81,33.1,30.2
2022.4.12,19.3,15.9,26.4,0.5,2.8,77.9,18.23,23.6,43.6,82.6,33.5,31.5
2022.4.13,13.1,12,15.9,1.3,4.4,69.3,4.06,13,45.9,86.5,36.5,35.6
2022.4.14,13.2,11.4,15.3,0,4,53.4,9.52,14.2,54.3,100,35.7,42.6
2022.4.15,13.3,7.5,19.3,0,3,46.8,26.31,19,41.2,78.7,26.6,25.1
2022.4.16,13.2,7.1,20.2,0,2.5,48.5,26.64,19.1,39.2,75.4,27.6,22.9
2022.4.17,14,7.2,21.9,0,2.3,53.8,26,19.5,26.1,53.7,23.5,11.8
2022.4.18,15.2,11.4,21.6,0,2.4,46.1,20.59,19.3,24.7,51.5,22.1,10.9
2022.4.19,15.2,8.9,22.1,0,2.4,51.9,25.17,20.5,25,52.1,22.9,12.9
2022.4.20,15.7,9.7,22.1,0,2.3,48.8,26.26,21.3,39.2,75.4,27.3,27.3
2022.4.21,16.3,9.6,22.7,0,2.8,48.4,19.54,19.7,30.8,61.5,26.7,17.7
2022.4.22,15,13.2,16.8,0,3.5,76.8,3.06,15.1,33.5,66,28.4,20.3
2022.4.23,17.7,10.4,25.3,0,1.7,57.3,23.47,22.9,33.1,65.4,29.8,20.2
2022.4.24,18.5,15,24.5,0.3,2.3,72.5,20.45,22.8,45.3,85.4,32,29.5
2022.4.25,20,17,23.6,1.3,1.4,80.5,8.1,20.6,35.8,69.8,31.6,24
2022.4.26,21.9,17,28.7,1,3.1,57.9,24.94,26,51.3,95.4,35.2,38.8
2022.4.27,17.7,12.6,23.9,0,2.7,31.5,26.83,24.1,58,100,41.2,45
2022.4.28,18.2,11.6,25.9,0,2.6,44,22.34,24.4,58,100,41.9,47.2
2022.4.29,13.4,10.7,16.5,15.5,3.4,70.6,13.08,15.1,43.2,82.1,33.1,30.6
2022.4.30,13,10.5,17.8,0,2.9,68,12.52,14.6,39.9,76.5,32.6,28.2
2022.5.1,13.4,7.9,19.2,0,3.1,54.8,27.41,19.1,36.8,71.5,26.9,21.1
2022.5.2,14.2,9.1,19.4,0,2.4,56.5,26.03,20.3,36.2,70.4,24.1,21
2022.5.3,14.8,9.1,20.8,0,2.5,45.9,28.07,21.5,27.4,56,23.9,13.1
2022.5.4,17.8,10,25.2,0,2.7,43.3,27.22,23.3,31.4,62.6,26.4,17.2
2022.5.5,18.9,12.5,25.8,0,2.2,48.1,29.35,26.5,31.4,62.6,26.8,17.7
2022.5.6,19.6,13.7,25.6,0,2.5,67.1,25.6,25.6,34.5,67.6,32,22.6
2022.5.7,18.4,15.3,23.1,0.5,3,52.4,22.57,23.2,42.9,81.5,35.1,31.2
2022.5.8,15.3,11.7,18.2,2,2.8,51.8,6.2,16.2,46.9,88.2,37.6,35.1
2022.5.9,17.9,11,25.3,0,2.2,56.4,29.25,23.6,52.3,97.1,36.4,39.1
2022.5.10,19.9,13.6,26.3,0,2.2,39,27.82,26.7,40.2,77.1,31.4,25.1
2022.5.11,19.7,16.6,25.2,0,2.4,50.4,25.73,28.2,37.8,73.2,32.3,26
2022.5.12,20.9,14.1,28.1,0,1.9,51.5,27.45,28.5,46.6,87.6,37.9,35
2022.5.13,19.4,15,25.2,0,2.2,45.8,19.95,24.2,56.7,100,38.4,44.4
2022.5.14,15.7,11.9,20,0,3.3,45.5,22.58,22,48.3,90.4,39.2,37.4
2022.5.15,16.2,10.5,22.4,0,3.2,39.8,30.01,24.7,51.3,95.4,37.4,39.1
2022.5.16,17.3,10.9,23.7,0,2.8,56.3,28.89,25.5,40.9,78.2,30.8,26.6
2022.5.17,20,13,27.4,0,2.4,60.1,27.56,27.5,36.2,70.4,29.8,23
2022.5.18,20,15.7,25.4,1.5,2.9,59.4,15.71,19.6,37.5,72.6,32,24.9
2022.5.19,19.9,16.1,24.2,0,3,53.6,20.97,24.5,44.6,84.3,37,33.5
2022.5.20,20.6,15.6,25.8,0,2.3,52.8,25.74,26.6,53.7,99.3,39.2,41.6
2022.5.21,20.1,16.1,26,0,2.5,70.8,24.88,27.1,55,100,40.2,42.3
2022.5.22,20.3,15.7,25.8,0,2.5,70.9,24.3,27.6,53.3,98.7,40.8,41.3
2022.5.23,23,17.8,30.7,0,2.3,63.5,26.01,30.2,55,100,38.9,43.1
2022.5.24,22.9,16.7,30.2,0,2.1,56.8,28.86,30.8,53.7,99.3,39.8,42.9
2022.5.25,21,16.7,26.7,3.5,2.6,66.6,22.59,28.7,60.7,100,43.4,50.7
2022.5.26,18.7,14.1,23.5,0,3.7,59.9,28.88,24.7,57,100,43.6,46.9
2022.5.27,20,16,25.6,0,3.3,62.5,28.71,29.1,57,100,41.1,45.3
2022.5.28,22.3,15,29.3,0,2.8,54.1,27.49,27.2,48.3,90.4,37,35.4
2022.5.29,23.1,19.3,29.7,0,2.3,66.4,21.5,27,54.7,100,39,42.6
2022.5.30,20.8,17.2,24.7,0,2.5,71,9.8,23.4,51.3,95.4,42.6,40.9
2022.5.31,20.7,14.2,27.2,0,2.5,42.4,27.48,28.1,65.8,100,44.8,55.2
2022.6.1,22.1,16.2,28.6,0,2.6,41.6,30.79,29.4,58.7,100,42.7,46.1
2022.6.2,21.5,17.1,26.9,0,2.7,67.4,27.13,30.6,48.6,90.9,39.6,37.5
2022.6.3,24.5,18.7,32.6,0,2,62.8,27.2,33.7,55.4,100,42.7,44.5
2022.6.4,25.6,20.3,29.7,0,1.7,57,18.22,30.4,58.4,100,42.6,46.7
2022.6.5,22.7,20.2,27,0,2.3,59.8,8.16,23.8,63.8,100,46.3,54.5
2022.6.6,19.7,16.7,24.5,4.3,3.2,69,21.01,23.4,69.2,100,53.3,58.5
2022.6.7,20.6,15.1,25.1,0,2.7,54.5,17.34,24.8,68.8,100,46.5,57
2022.6.8,21.2,16.2,25.8,0,2.3,61.6,16.97,28.5,57,100,39.2,44.4
2022.6.9,20.9,18.5,24.5,2.6,1.6,76.1,10.66,22.4,51.6,95.9,41.6,39.4
2022.6.10,20.9,17.2,26.6,1.2,1.9,75.8,15.38,22.3,55.4,100,42.8,43.3
2022.6.11,24.6,17.7,32.7,0,2.2,59.6,26.54,27.8,63.1,100,43.2,50.3
2022.6.12,24.6,18.9,31.5,0,2.5,58.9,24.52,32.4,58.7,100,40.9,47.1
2022.6.13,23.6,19.6,29.2,18,2.6,68.5,20.66,25,60.4,100,46.5,51.3
2022.6.14,21.5,17.7,27.1,0,4.2,56.4,18.58,23.1,64.4,100,47.9,54.7
2022.6.15,17.5,14.9,20.1,18.5,2.3,92.4,5.62,18.7,66.8,100,47.1,56
2022.6.16,20.3,17.6,24.8,0.7,2.3,78.4,13,21.1,60.4,100,42.4,48.8
2022.6.17,22.5,16.5,28.1,0,1.9,76.4,17.86,23.5,51,94.8,36.7,36.5
2022.6.18,23.3,22,25.1,0,1.7,79.6,6.07,23.1,60.1,100,40.9,47.5
2022.6.19,23.4,22.3,25.1,0,1.4,81.6,5.06,23.3,56.4,100,44.6,45.6
2022.6.20,25.2,22,29,0,1.3,76.6,12.59,26.4,74.9,100,50.6,62.1
2022.6.21,26.5,21.2,32.6,0,2,72.6,28.94,32.3,75.9,100,51,63.1
2022.6.22,25.9,21.9,31,0,2.1,71.1,22.39,31.5,74.9,100,52.7,63.8
2022.6.23,24.3,23.3,26.4,103,2.8,89.1,3.41,23.3,72.2,100,53.1,62.8
2022.6.24,22.6,20.6,24.9,19.1,3.5,90.9,8.5,23.6,74.5,100,52.8,64.4
2022.6.25,26,21.5,30.5,0,2.8,80.4,17.55,26.7,79.3,100,52.6,66.9
2022.6.26,26.5,24.8,28.1,0,2.6,82.1,3,24.8,70.2,100,48.5,57.4
2022.6.27,26.8,25.4,28.1,6.1,2.8,84.4,4.75,26.1,73.2,100,53.7,62.8
2022.6.28,26.9,25.7,27.9,6.3,5.8,81.9,3.33,25.1,84.3,100,58.1,72.6
2022.6.29,25.1,24.4,26.1,37.8,4.1,95.5,2.94,25.3,86.3,100,59.1,74.6
2022.6.30,22.3,21.2,24.5,176.2,2.3,99.3,2.42,22.6,87.3,100,59.6,75.5
2022.7.1,26.6,21.9,30.9,0,2.1,83.3,21.53,29,83,100,55.6,70.8
2022.7.2,28.8,24,33.8,0,1.7,72.8,25.83,30.8,72.2,100,47.9,59.2
2022.7.3,29.3,24.4,34.2,0,1.7,68.6,26.25,31.6,74.5,100,55.3,64.3
2022.7.4,29.3,26.4,32.6,0,1.8,71.8,14.9,30.8,81.6,100,59.5,72.7
2022.7.5,29.2,26.7,33.1,0,1.7,73.8,15.99,31.4,83,100,60.7,74.1
2022.7.6,29.5,26.2,33.3,16.1,2.1,76,14.49,31.9,89.7,100,62.5,79.9
2022.7.7,28.2,26.4,31,0,2.8,82.3,8.29,28.2,90.7,100,61.6,81.1
2022.7.8,25.8,24,27.9,1.7,2.9,84.4,6.94,26,89,100,62.4,81
2022.7.9,26.9,24,30.9,0.1,1.7,82.1,13.64,27.9,89.7,100,60.6,79.2
2022.7.10,29.2,24.6,35.1,0,1.7,68,23.08,32,81.6,100,55.9,71.4
2022.7.11,27,24.7,30.6,9,1.8,75,13.85,29,81.6,100,56.3,71.3
2022.7.12,26.8,23.2,29.4,0,2.2,73.1,11.82,27.2,83.6,100,59.4,75
2022.7.13,25,24,27.1,114.5,1.8,93.9,1.25,24.6,84,100,57,73.4
2022.7.14,25.7,23.3,29.9,0.9,2.3,84.6,17.21,27.6,78.9,100,57.6,67.9
2022.7.15,26,23,30.3,0,2.3,76.5,24.49,29.1,64.9,100,47,56.9
2022.7.16,24.8,23.2,28.2,34,2,83.4,10.77,26.1,66.8,100,48.4,59.1
2022.7.17,25.5,22.5,29.7,0,1.8,78.9,16.82,28,67.6,100,49,60
2022.7.18,26.8,23.1,30.1,0,2.2,76,21.01,28.2,64.4,100,46.5,56.3
2022.7.19,27.4,24.3,31.1,0,2.3,74.1,23.44,30.7,66.3,100,48,58.5
2022.7.20,27.1,24.3,30.4,1.1,2.2,76.1,17.68,30.4,69.8,100,50.7,62.5
2022.7.21,23.2,20.8,25.2,10.4,2.9,87.6,6.6,25,71.4,100,52,64.4
2022.7.22,25.1,22.9,27.5,5.2,1.9,81.5,13.54,26.1,70.6,100,51.3,63.5
2022.7.23,24.8,22.3,28,9.9,2,83.6,9.09,26.6,60.1,100,43.2,51.3
2022.7.24,25,22,28.4,1.2,2.1,86.9,8.82,25.6,65.2,100,47.2,57.2
2022.7.25,27.5,23.6,32,0,1.9,75,25.49,29.7,64.4,100,46.5,56.3
2022.7.26,28.9,24.4,33.1,0,1.8,72.5,22.31,30.3,64.9,100,47,56.9
2022.7.27,29.3,26.4,33.4,0,2,66.3,19.72,31,71.6,100,52.2,64.7
2022.7.28,29.7,25.1,34.4,0,2.4,63.8,25.2,33.3,75.4,100,55.1,69.1
2022.7.29,30.7,27.3,34.3,0,2.2,68.1,20.28,32.9,76.5,100,55.9,70.4
2022.7.30,30.9,27.3,36.1,1,2.6,68.4,23.53,32.4,77.6,100,56.8,71.6
2022.7.31,27.2,25.4,29,47.2,2.5,85.8,4.93,27.6,80.3,100,58.8,74.7
2022.8.1,28.6,25.4,32.4,30,2.4,82.4,15.09,28.9,80.8,100,59.3,75.4
2022.8.2,26.8,25.5,28.5,33.5,2.8,90,4.37,27.2,70.8,100,51.5,63.8
2022.8.3,27.1,25.2,30,51.1,2.8,90.1,8.74,27.4,74.6,100,54.5,68.2
2022.8.4,28.9,26,32.9,0,2.5,79.3,22.24,31.6,69.8,100,50.7,62.5
2022.8.5,29.4,27,32.7,0,2.6,76.6,19.58,32.6,70.6,100,51.3,63.5
2022.8.6,28.7,27.4,30.3,13.6,1.7,85.3,7.48,29.7,75.4,100,55.1,69.1
2022.8.7,28.9,27.2,31.7,0.9,2.4,82.1,9.26,28.6,76.8,100,56.1,70.7
2022.8.8,26.8,0,28.4,129.6,3.3,91.6,0,26.4,74.9,100,54.7,68.5
2022.8.9,25.1,22,26.5,123.1,2.6,96,2.42,26,75.4,100,55.1,69.1
2022.8.10,24.7,21.4,28.8,7.6,1.6,85.3,16.23,27.3,69.8,100,50.7,62.5
2022.8.11,25,23.4,27.5,38.8,1.6,87.9,8.81,27.6,65.2,100,47.2,57.2
2022.8.12,27,23,32.4,0,1.7,73.8,24.86,28.7,64.1,100,46.3,56
2022.8.13,25.8,24.7,27.5,4,1.3,82.8,5.06,25.8,64.9,100,47,56.9
2022.8.14,27.6,24.5,31.5,3,1.9,83,13.95,28.1,70.3,100,51.1,63.2
2022.8.15,28.1,26.6,29.8,0.9,4.8,83,6.28,27.3,67.1,100,48.6,59.4
2022.8.16,26.7,24.1,30,0,2.6,75.4,23.34,29,71.9,100,52.4,65
2022.8.17,26,22.8,30.5,0,2,76.6,17.1,26.6,73.3,100,53.4,66.6
2022.8.18,25.6,22.4,29.8,0,1.9,75.8,12.57,26.6,69.5,100,50.5,62.2
2022.8.19,26,23.3,27.5,66.1,2.3,86.1,5.56,25.9,67.6,100,49,60
2022.8.20,28.2,25.7,32,0,2.4,80,23.65,30.3,66.5,100,48.2,58.8
2022.8.21,28.1,24.7,32,0,1.7,75.3,16.37,28,67.6,100,49,60
2022.8.22,26.8,22.9,30.2,3.2,2.3,75.6,11.71,27,73.5,100,53.6,66.9
2022.8.23,25.4,22.4,30.2,2.2,2,75,20.42,27.6,73.3,100,53.4,66.6
2022.8.24,24.8,22.4,27.9,0,2.5,66.9,12.34,24.4,69.8,100,50.7,62.5
2022.8.25,22.2,21.1,24,1.6,1.8,78,4.5,22.1,66,100,47.8,58.1
2022.8.26,23.8,19.9,28.4,0,2.4,75.3,19.91,25.8,64.4,100,46.5,56.3
2022.8.27,21.5,17.6,25.5,17.6,2.8,63.1,27.09,24.4,57.4,100,41.1,48.1
2022.8.28,22.6,16.1,28.4,0,1.7,59.4,24.53,24.3,61.7,100,44.5,53.1
2022.8.29,21,19.5,22.5,2.2,2.3,74,5.97,22.1,0,0,0,0
2022.8.30,19.1,17.9,20.3,35.8,2.6,96.3,3.06,20.3,58.5,100,42,49.4
2022.8.31,21.7,19.6,24.9,0,1.8,83.3,10.32,22.2,54.2,100,38.6,44.4
2022.9.1,24,18.3,30.4,0,1.7,70.8,25.02,26.7,49.1,92.5,34.7,38.4
2022.9.2,24.7,20.3,29.8,0,3.1,61.8,24.51,26.9,56.1,100,40.1,46.6
2022.9.3,24.2,20.5,29.2,0,3.4,63,16.39,26.6,62.2,100,44.9,53.8
2022.9.4,22.3,19.8,24,33.8,3.1,88.6,3.54,22.4,64.1,100,46.3,56
2022.9.5,19.2,17.7,22.7,120,3.2,95.9,1.61,19.8,62.8,100,45.3,54.4
2022.9.6,21,17,26.3,25.3,3.6,78,20.76,21.2,57.7,100,41.3,48.4
2022.9.7,22.8,17.9,28.1,0,1.9,65.3,24.4,25.3,49.3,93,34.9,38.7
2022.9.8,23.2,16.7,29.5,0,1.6,65.5,23.96,25.9,54.2,100,38.6,44.4
2022.9.9,24.3,18.9,30.8,0,2,59.1,23.91,27,59,100,42.4,50
2022.9.10,23.6,19,28.4,0,2.6,52.3,18.76,24.1,60.1,100,43.2,51.3
2022.9.11,23.3,20.6,26.4,0.1,2.1,68.6,10.27,24.8,63,100,45.5,54.7
2022.9.12,23.8,20.3,27.5,0,1.6,76.1,13.15,25.2,61.2,100,44,52.5
2022.9.13,24.3,21.8,26.4,0,2.5,73,7.38,24,60.4,100,43.4,51.6
2022.9.14,24.6,22.7,27.9,0,4.6,56.9,10.09,24.4,61.7,100,44.5,53.1
2022.9.15,25.2,22,28.3,0.1,3.6,66.9,12.29,25.3,63,100,45.5,54.7
2022.9.16,25.7,23.4,29.9,14.6,2.9,78.6,10.4,25.9,63.8,100,46.1,55.6
2022.9.17,25.6,23.3,29.4,4.3,1.4,83.1,11.31,26.3,65.5,100,47.4,57.5
2022.9.18,27.1,23,32.5,0,2,75.3,15.9,27.8,66.8,100,48.4,59.1
2022.9.19,24.6,19.5,29.6,0,3.3,63.1,18.62,26.2,66.5,100,48.2,58.8
2022.9.20,19.9,16.1,24.6,0,2.3,57,18.93,23.8,70.6,100,51.3,63.5
2022.9.21,19.4,13,25.6,0,1.8,56.9,22.18,23.1,63.8,100,46.1,55.6
2022.9.22,19.8,14.2,24.7,0,2,60.1,17.9,23.1,51.2,96.6,36.3,40.9
2022.9.23,17.5,14.7,22.2,3.3,3.1,68.9,16.53,19.9,49.9,94,35.3,39.4
2022.9.24,18.5,12.3,24.2,0,1.8,64.6,21.67,21.5,50.9,96.1,36.1,40.6
2022.9.25,19.6,15.4,25.2,0,1.6,63.3,17.94,22.3,44.8,84.3,31.3,33.4
2022.9.26,20,14.8,25.4,0,1.7,58.5,18.48,22.5,47.4,89.4,33.4,36.5
2022.9.27,20.9,14,28,0,1.6,59,21.17,23.5,50.4,95.1,35.7,40
2022.9.28,20.4,16.1,26.1,0,1.8,71,12.51,21.6,51.5,97.1,36.5,41.2
2022.9.29,20.4,16.4,26.5,0,1.4,73.5,17.37,21.9,53.9,100,38.4,44.1
2022.9.30,20.7,14.8,27.7,0,1.6,68,19.27,22.4,52.6,99.2,37.4,42.5
2022.10.1,20.9,14.4,27.6,0,1.6,63.3,17.31,21.8,52.6,99.2,37.4,42.5
2022.10.2,19.4,17.2,21.6,15.8,2.7,78.9,3.8,19.5,53.4,100,38,43.4
2022.10.3,21.4,17.5,23.4,76,2.7,98.5,1.06,20.6,53.9,100,38.4,44.1
2022.10.4,17.9,14.2,23,11.8,2.9,83.8,6.5,19.7,49.9,94,35.3,39.4
2022.10.5,16.6,14.1,21.6,0.1,2.1,74.8,15.62,19.1,55.2,100,39.5,45.6
2022.10.6,15.8,12.7,19.1,0,2.1,76.6,7.74,17.4,45.8,86.4,32.2,34.7
2022.10.7,14.3,11,18.6,0,2.5,69.5,15.08,16.8,42.3,79.7,29.5,30.6
2022.10.8,15.8,11.1,21.6,0,2.5,64.6,18.48,17.4,40.2,75.6,27.8,28.1
2022.10.9,13.1,10.7,14.5,20.4,2.1,85.8,2.4,13.9,36.2,67.9,24.7,23.4
2022.10.10,9.9,8.2,11.9,0,3.8,72.9,9.31,11.9,40.2,75.6,27.8,28.1
2022.10.11,11.1,7.4,16.4,0,2.2,69.1,18.72,14,32.9,61.8,22.2,19.6
2022.10.12,13.5,6.5,20.6,0,1.8,68.1,18.13,14.8,24.3,45.4,15.5,9.6
2022.10.13,16.3,10.7,22.7,0,1.5,69.6,17.98,16.8,27.5,51.5,18,13.4
2022.10.14,17.1,12.4,23,0,1.6,73.4,13.52,17.4,34,63.8,23,20.9
2022.10.15,18.2,12.6,24.4,0,1.4,68.5,16.21,18.8,41.5,78.2,28.8,29.7
2022.10.16,16.9,15.1,20.5,0,1.7,73.9,6.15,16.1,43.7,82.3,30.5,32.2
2022.10.17,11.2,7.4,15.1,0,3.4,50.3,18.79,14.2,46.6,87.9,32.8,35.6
2022.10.18,9.4,5,14.2,0,2.3,52.1,18.27,12,43.1,81.2,30.1,31.5
2022.10.19,10.5,4.4,16.8,0,1.8,57.8,17.78,12.2,27.8,52,18.2,13.7
2022.10.20,12.9,6,19.7,0,1.8,64.4,17.2,14,23,42.8,14.5,8.1
2022.10.21,14,8.8,20.9,0,1.7,68.8,15.16,14.7,25.9,48.4,16.8,11.5
2022.10.22,15.1,10.5,20.8,0,1.9,76.3,14.93,16.4,32.4,60.7,21.8,19
2022.10.23,14,10.4,18.6,0,2.7,65,14.04,15.8,35.3,66.4,24,22.5
2022.10.24,10.6,7.5,14.8,0,2.8,52.6,16.88,12.9,38.3,72,26.3,25.9
2022.10.25,11.3,5.9,17.6,0,2,56.5,16.37,12.7,35.3,66.4,24,22.5
2022.10.26,12.9,8,17.8,0,1.9,58.3,12.66,12.7,26.2,49,17,11.8
2022.10.27,13.2,8.6,18.9,0,1.7,71.8,14.31,14.1,28.1,52.5,18.4,14
2022.10.28,13.6,8.2,20.6,0,1.7,70.1,14.35,14.2,32.4,60.7,21.8,19
2022.10.29,14.8,10.2,21.3,0,1.8,65.9,14.64,15.1,33.2,62.3,22.4,20
2022.10.30,14.9,10.4,21.3,0,1.9,64.5,13.64,15,34.3,64.3,23.2,21.2
2022.10.31,14.9,11.2,21.1,0,2.1,69.8,13.19,14.6,37.5,70.5,25.7,25
2022.11.1,13.1,9.4,17.8,0,1.8,73.5,9.52,13.9,37.8,71,25.9,25.3
2022.11.2,11.1,5.5,17.9,0,1.7,57.1,15.45,11.9,37.8,71,25.9,25.3
2022.11.3,9.3,5.6,13.4,0,2,58.1,5.36,8.9,32.9,61.8,22.2,19.6
2022.11.4,4.9,1.6,9.8,0,2.9,41.8,15.6,7.4,27.5,51.5,18,13.4
2022.11.5,6.5,0.8,13.6,0,1.7,51.3,15.06,7.4,22.7,42.3,14.3,7.8
2022.11.6,9.6,3.7,16.4,0,1.8,60.5,14.19,9.7,10.9,19.8,5.1,0
2022.11.7,11.4,6.1,16.6,0,1.7,64.5,8.35,11.3,15.2,27.9,8.4,0
2022.11.8,12.9,9.7,17.9,0,1.5,68.3,11.55,13.1,23.5,43.8,14.9,8.7
2022.11.9,11.4,6.7,16,0,1.5,76,9.82,10.7,28.4,53.1,18.6,14.3
2022.11.10,13.5,8.8,19.1,0,1.3,74.5,10.6,12.8,32.4,60.7,21.8,19
2022.11.11,15.6,10.9,22.1,0,1.8,62.5,11.75,13.7,28.4,53.1,18.6,14.3
2022.11.12,16.3,11.6,22,57.9,2.2,80,6.93,13.9,34,63.8,23,20.9
2022.11.13,10.3,8.7,17.3,0,2.6,85.6,3.61,12.4,39.6,74.6,27.4,27.5
2022.11.14,9.7,5.9,13.8,0,2.3,74.8,8.25,10.8,41.5,78.2,28.8,29.7
2022.11.15,8.1,4,12.3,1.6,2,77.4,6.96,8.4,25.4,47.4,16.3,10.9
2022.11.16,8.5,5.5,13,0,1.7,71.3,12.11,8.1,23.8,44.3,15.1,9
2022.11.17,10.2,5.4,16.6,0,1.6,64.6,11.46,8.6,19.5,36.1,11.8,4
2022.11.18,11,5.3,18.1,0,1.6,69.6,12.08,8.8,20.6,38.2,12.6,5.2
2022.11.19,12.9,8.7,19.2,0,2.3,55.8,11.5,9.8,25.1,46.9,16.1,10.6
2022.11.20,13.7,9.5,20.2,0,1.7,58.3,11.85,11,27.3,51,17.8,13.1
2022.11.21,11.8,9.3,16.2,0,1.6,70.5,6.36,9.3,32.4,60.7,21.8,19
2022.11.22,10.7,7,13.7,0,1.9,69.9,5.55,9.1,34.5,64.8,23.4,21.5
2022.11.23,10.8,6.8,15.2,0,2.1,56,11.6,9.8,29.4,55.1,19.5,15.6
2022.11.24,9.4,5.9,14.1,0,1.5,65.6,9.32,7.8,26.5,49.5,17.2,12.1
2022.11.25,12.3,7.1,17.8,1.7,3,67.1,10.66,9.7,26.7,50,17.4,12.4
2022.11.26,6.7,1,12.9,0,3,52.4,11.75,5.9,23,42.8,14.5,8.1
2022.11.27,5.4,-1.1,11.5,0,2.4,43.1,10.15,3.2,30.8,57.7,20.5,17.1
2022.11.28,12.3,7.5,15,19.5,2.7,65.5,3.87,9.2,15.7,29,8.8,0
2022.11.29,6.9,-1.6,15,3.8,3.5,67,5.34,8.6,12.2,22.3,6.1,0
2022.11.30,-5.4,-8.1,-1.6,0,3.9,49.1,12.17,-0.6,30.8,57.7,20.5,17.1
2022.12.1,-5.4,-9.4,-1.2,0,2.4,43.4,10.23,-2.4,16.3,30,9.3,0.2
2022.12.2,-2.5,-7.6,3,0,1.7,42,11.87,-1.8,0,0,0,0
2022.12.3,2.1,-0.3,7,1.1,2.6,70.5,6.28,1.3,0,0,0,0
2022.12.4,-3.5,-5.2,-0.2,0,2.8,38.9,6.13,-1.1,0,0,0,0
2022.12.5,-3.1,-7,1.9,0,2.4,41.9,11.74,-2,0,0,0,0
2022.12.6,0.9,-3.9,5.3,0.1,2.4,62.8,9.16,-0.2,0,0,0,0
2022.12.7,4.9,1.2,9,0.1,2.7,60.4,9.89,1.6,0,0,0,0
2022.12.8,3.7,0.1,9.1,0,1.4,57.5,9.97,1.4,0.1,0,0,0
2022.12.9,4.5,0.9,10.2,0,2,60.8,7.22,2.5,10.9,19.8,5.1,0
2022.12.10,2.6,-0.6,6.7,0,1.3,46.5,6.71,1,7.6,13.6,2.6,0
2022.12.11,1.6,-1.5,6.8,0,1.8,52.5,11.11,0.6,9.8,17.7,4.3,0
2022.12.12,2,-2,6.3,5.4,1.7,73.4,5.05,0.3,4.7,8,0.3,0
2022.12.13,0,-6.4,3.1,0.6,3.5,70.8,4.85,1,2,2.8,0,0
2022.12.14,-8.4,-11,-4.9,0,3.2,50.1,11.41,-3.7,3.1,4.9,0,0
2022.12.15,-4.5,-8.5,-1.3,2.4,2.5,79.1,2.17,-1.7,0,0,0,0
2022.12.16,-6.3,-9.6,-2.2,0,2,56.9,10.44,-2,0,0,0,0
2022.12.17,-7,-9.8,-3.2,0.2,2.7,52,10.46,-3.5,0,0,0,0
2022.12.18,-9.5,-12.4,-5.6,0,2.6,47.1,11.42,-5.1,0,0,0,0
2022.12.19,-7,-12,-2.5,0,1.7,55.6,8.93,-4.3,0,0,0,0
2022.12.20,-3.2,-9.5,2.9,0,2.2,55.8,10.1,-3,0,0,0,0
2022.12.21,-0.1,-2.6,2.6,3.6,2.7,82.4,2.48,-0.6,0,0,0,0
2022.12.22,-7.8,-11.3,-2.6,0,4.4,60.5,10.05,-2.6,0,0,0,0
2022.12.23,-11.8,-13.7,-8.6,0,4.3,60.5,10.76,-4.4,0,0,0,0
2022.12.24,-8.4,-13.5,-2,0,1.8,54.9,10.92,-4.3,0,0,0,0
2022.12.25,-5.4,-9.6,0.2,0,1.7,66.5,10.89,-4.6,0,0,0,0