1,이상해씨,0.7,6.9,45,45,49,49,45,65,65,풀,독,1,0
2,이상해풀,1,13,45,60,62,63,60,80,80,풀,독,1,0
3,이상해꽃,2,100,45,80,100,123,80,122,120,풀,독,1,0
4,파이리,0.6,8.5,45,39,52,43,65,60,50,불꽃,없음,1,0
5,리자드,1.1,19,45,58,64,58,80,80,65,불꽃,없음,1,0
6,리자몽,1.7,90.5,45,78,104,78,100,159,115,불꽃,비행,1,0
7,꼬부기,0.5,9,45,44,48,65,43,50,64,물,없음,1,0
8,어니부기,1,22.5,45,59,63,80,58,65,80,물,없음,1,0
9,거북왕,1.6,85.5,45,79,103,120,78,135,115,물,없음,1,0
10,캐터피,0.3,2.9,255,45,30,35,45,20,20,벌레,없음,1,0
11,단데기,0.7,9.9,120,50,20,55,30,25,25,벌레,없음,1,0
12,버터플,1.1,32,45,60,45,50,70,90,80,벌레,비행,1,0
13,뿔충이,0.3,3.2,255,40,35,30,50,20,20,벌레,독,1,0
14,딱충이,0.6,10,120,45,25,50,35,25,25,벌레,독,1,0
15,독침붕,1,29.5,45,65,150,40,145,15,80,벌레,독,1,0
16,구구,0.3,1.8,255,40,45,40,56,35,35,노말,비행,1,0
17,피죤,1.1,30,120,63,60,55,71,50,50,노말,비행,1,0
18,피죤투,1.5,39.5,45,83,80,80,121,135,80,노말,비행,1,0
19,꼬렛,0.3,3.5,255,30,56,35,72,25,35,노말,악,1,0
20,레트라,0.7,25.5,127,75,71,70,77,40,80,노말,악,1,0
21,깨비참,0.3,2,255,40,60,30,70,31,31,노말,비행,1,0
22,깨비드릴조,1.2,38,90,65,90,65,100,61,61,노말,비행,1,0
23,아보,2,6.9,255,35,60,44,55,40,54,독,없음,1,0
24,아보크,3.5,65,90,60,95,69,80,65,79,독,없음,1,0
25,피카츄,0.4,6,190,35,55,40,90,50,50,전기,없음,1,0
26,라이츄,0.8,30,75,60,85,50,110,95,85,전기,전기,1,0
27,모래두지,0.6,12,255,50,75,90,40,10,35,땅,얼음,1,0
28,고지,1,29.5,90,75,100,120,65,25,65,땅,얼음,1,0
29,니드런♀,0.4,7,235,55,47,52,41,40,40,독,없음,1,0
30,니드리나,0.8,20,120,70,62,67,56,55,55,독,없음,1,0
31,니드퀸,1.3,60,45,90,92,87,76,75,85,독,땅,1,0
32,니드런♂,0.5,9,235,46,57,40,50,40,40,독,없음,1,0
33,니드리노,0.9,19.5,120,61,72,57,65,55,55,독,없음,1,0
34,니드킹,1.4,62,45,81,102,77,85,85,75,독,땅,1,0
35,삐삐,0.6,7.5,150,70,45,48,35,60,65,페어리,없음,1,0
36,픽시,1.3,40,25,95,70,73,60,95,90,페어리,없음,1,0
37,식스테일,0.6,9.9,190,38,41,40,65,50,65,불꽃,얼음,1,0
38,나인테일,1.1,19.9,75,73,67,75,109,81,100,불꽃,얼음,1,0
39,푸린,0.5,5.5,170,115,45,20,20,45,25,노말,페어리,1,0
40,푸크린,1,12,50,140,70,45,45,85,50,노말,페어리,1,0
41,주뱃,0.8,7.5,255,40,45,35,55,30,40,독,비행,1,0
42,골뱃,1.6,55,90,75,80,70,90,65,75,독,비행,1,0
43,뚜벅쵸,0.5,5.4,255,45,50,55,30,75,65,풀,독,1,0
44,냄새꼬,0.8,8.6,120,60,65,70,40,85,75,풀,독,1,0
45,라플레시아,1.2,18.6,45,75,80,85,50,110,90,풀,독,1,0
46,파라스,0.3,5.4,190,35,70,55,25,45,55,벌레,풀,1,0
47,파라섹트,1,29.5,75,60,95,80,30,60,80,벌레,풀,1,0
48,콘팡,1,30,190,60,55,50,45,40,55,벌레,독,1,0
49,도나리,1.5,12.5,75,70,65,60,90,90,75,벌레,독,1,0
50,디그다,0.2,0.8,255,10,55,30,90,35,45,땅,땅,1,0
51,닥트리오,0.7,33.3,50,35,100,60,110,50,70,땅,땅,1,0
52,나옹,0.4,4.2,255,40,35,35,90,50,40,노말,악,1,0
53,페르시온,1,32,90,65,60,60,115,75,65,노말,악,1,0
54,고라파덕,0.8,19.6,190,50,52,48,55,65,50,물,없음,1,0
55,골덕,1.7,76.6,75,80,82,78,85,95,80,물,없음,1,0
56,망키,0.5,28,190,40,80,35,70,35,45,격투,없음,1,0
57,성원숭,1,32,75,65,105,60,95,60,70,격투,없음,1,0
58,가디,0.7,19,190,55,70,45,60,70,50,불꽃,없음,1,0
59,윈디,1.9,155,75,90,110,80,95,100,80,불꽃,없음,1,0
60,발챙이,0.6,12.4,255,40,50,40,90,40,40,물,없음,1,0
61,슈륙챙이,1,20,120,65,65,65,90,50,50,물,없음,1,0
62,강챙이,1.3,54,45,90,95,95,70,70,90,물,격투,1,0
63,캐이시,0.9,19.5,200,25,20,15,90,105,55,에스퍼,없음,1,0
64,윤겔라,1.3,56.5,100,40,35,30,105,120,70,에스퍼,없음,1,0
65,후딘,1.5,48,50,55,50,65,150,175,105,에스퍼,없음,1,0
66,알통몬,0.8,19.5,180,70,80,50,35,35,35,격투,없음,1,0
67,근육몬,1.5,70.5,90,80,100,70,45,50,60,격투,없음,1,0
68,괴력몬,1.6,130,45,90,130,80,55,65,85,격투,없음,1,0
69,모다피,0.7,4,255,50,75,35,40,70,30,풀,독,1,0
70,우츠동,1,6.4,120,65,90,50,55,85,45,풀,독,1,0
71,우츠보트,1.7,15.5,45,80,105,65,70,100,70,풀,독,1,0
72,왕눈해,0.9,45.5,190,40,40,35,70,50,100,물,독,1,0
73,독파리,1.6,55,60,80,70,65,100,80,120,물,독,1,0
74,꼬마돌,0.4,20,255,40,80,100,20,30,30,바위,땅,1,0
75,데구리,1,105,120,55,95,115,35,45,45,바위,땅,1,0
76,딱구리,0.4,300,45,80,120,130,45,55,65,바위,땅,1,0
77,포니타,1,30,190,50,85,55,90,65,65,불꽃,없음,1,0
78,날쌩마,1.7,95,60,65,100,70,105,80,80,불꽃,없음,1,0
79,야돈,1.2,36,190,90,65,65,15,40,40,물,에스퍼,1,0
80,야도란,1.6,78.5,75,95,75,180,30,130,80,물,에스퍼,1,0
81,코일,0.3,6,190,25,35,70,45,95,55,전기,강철,1,0
82,레어코일,1,60,60,50,60,95,70,120,70,전기,강철,1,0
83,파오리,0.8,15,45,52,90,55,60,58,62,노말,비행,1,0
84,두두,1.4,39.2,190,35,85,45,75,35,35,노말,비행,1,0
85,두트리오,1.8,85.2,45,60,110,70,110,60,60,노말,비행,1,0
86,쥬쥬,1.1,90,190,65,45,55,45,45,70,물,없음,1,0
87,쥬레곤,1.7,120,75,90,70,80,70,70,95,물,얼음,1,0
88,질퍽이,0.9,30,190,80,80,50,25,40,50,독,독,1,0
89,질뻐기,1.2,30,75,105,105,75,50,65,100,독,독,1,0
90,셀러,0.3,4,190,30,65,100,40,45,25,물,없음,1,0
91,파르셀,1.5,132.5,60,50,95,180,70,85,45,물,얼음,1,0
92,고오스,1.3,0.1,190,30,35,30,80,100,35,고스트,독,1,0
93,고우스트,1.6,0.1,90,45,50,45,95,115,55,고스트,독,1,0
94,팬텀,1.5,40.5,45,60,65,80,130,170,95,고스트,독,1,0
95,롱스톤,8.8,210,45,35,45,160,70,30,45,바위,땅,1,0
96,슬리프,1,32.4,190,60,48,45,42,43,90,에스퍼,없음,1,0
97,슬리퍼,1.6,75.6,75,85,73,70,67,73,115,에스퍼,없음,1,0
98,크랩,0.4,6.5,225,30,105,90,50,25,25,물,없음,1,0
99,킹크랩,1.3,60,60,55,130,115,75,50,50,물,없음,1,0
100,찌리리공,0.5,10.4,190,40,30,50,100,55,55,전기,없음,1,0
101,붐볼,1.2,66.6,60,60,50,70,150,80,80,전기,없음,1,0
102,아라리,0.4,2.5,90,60,40,80,40,60,45,풀,에스퍼,1,0
103,나시,2,120,45,95,105,85,45,125,75,풀,에스퍼,1,0
104,탕구리,0.4,6.5,190,50,50,95,35,40,50,땅,없음,1,0
105,텅구리,1,45,75,60,80,110,45,50,80,땅,불꽃,1,0
106,시라소몬,1.5,49.8,45,50,120,53,87,35,110,격투,없음,1,0
107,홍수몬,1.4,50.2,45,50,105,79,76,35,110,격투,없음,1,0
108,내루미,1.2,65.5,45,90,55,75,30,60,75,노말,없음,1,0
109,또가스,0.6,1,190,40,65,95,35,60,45,독,없음,1,0
110,또도가스,1.2,9.5,60,65,90,120,60,85,70,독,없음,1,0
111,뿔카노,1,115,120,80,85,95,25,30,30,땅,바위,1,0
112,코뿌리,1.9,120,60,105,130,120,40,45,45,땅,바위,1,0
113,럭키,1.1,34.6,30,250,5,5,50,35,105,노말,없음,1,0
114,덩쿠리,1,35,45,65,55,115,60,100,40,풀,없음,1,0
115,캥카,2.2,80,45,105,125,100,100,60,100,노말,없음,1,0
116,쏘드라,0.4,8,225,30,40,70,60,70,25,물,없음,1,0
117,시드라,1.2,25,75,55,65,95,85,95,45,물,없음,1,0
118,콘치,0.6,15,225,45,67,60,63,35,50,물,없음,1,0
119,왕콘치,1.3,39,60,80,92,65,68,65,80,물,없음,1,0
120,별가사리,0.8,34.5,225,30,45,55,85,70,55,물,없음,1,0
121,아쿠스타,1.1,80,60,60,75,85,115,100,85,물,에스퍼,1,0
122,마임맨,1.3,54.5,45,40,45,65,90,100,120,에스퍼,페어리,1,0
123,스라크,1.5,56,45,70,110,80,105,55,80,벌레,비행,1,0
124,루주라,1.4,40.6,45,65,50,35,95,115,95,얼음,에스퍼,1,0
125,에레브,1.1,30,45,65,83,57,105,95,85,전기,없음,1,0
126,마그마,1.3,44.5,45,65,95,57,93,100,85,불꽃,없음,1,0
127,쁘사이저,1.5,55,45,65,155,120,105,65,90,벌레,없음,1,0
128,켄타로스,1.4,88.4,45,75,100,95,110,40,70,노말,없음,1,0
129,잉어킹,0.9,10,255,20,10,55,80,15,20,물,없음,1,0
130,갸라도스,6.5,235,45,95,155,109,81,70,130,물,비행,1,0
131,라프라스,2.5,220,45,130,85,80,60,85,95,물,얼음,1,0
132,메타몽,0.3,4,35,48,48,48,48,48,48,노말,없음,1,0
133,이브이,0.3,6.5,45,55,55,50,55,45,65,노말,없음,1,0
134,샤미드,1,29,45,130,65,60,65,110,95,물,없음,1,0
135,쥬피썬더,0.8,24.5,45,65,65,60,130,110,95,전기,없음,1,0
136,부스터,0.9,25,45,65,130,60,65,95,110,불꽃,없음,1,0
137,폴리곤,0.8,36.5,45,65,60,70,40,85,75,노말,없음,1,0
138,암나이트,0.4,7.5,45,35,40,100,35,90,55,바위,물,1,0
139,암스타,1,35,45,70,60,125,55,115,70,바위,물,1,0
140,투구,0.5,11.5,45,30,80,90,55,55,45,바위,물,1,0
141,투구푸스,1.3,40.5,45,60,115,105,80,65,70,바위,물,1,0
142,프테라,1.8,59,45,80,135,85,150,70,95,바위,비행,1,0
143,잠만보,2.1,460,25,160,110,65,30,65,110,노말,없음,1,0
144,프리져,1.7,55.4,3,90,85,100,85,95,125,얼음,비행,1,1
145,썬더,1.6,52.6,3,90,90,85,100,125,90,전기,비행,1,1
146,파이어,2,60,3,90,100,90,90,125,85,불꽃,비행,1,1
147,미뇽,1.8,3.3,45,41,64,45,50,50,50,드래곤,없음,1,0
148,신뇽,4,16.5,45,61,84,65,70,70,70,드래곤,없음,1,0
149,망나뇽,2.2,210,45,91,134,95,80,100,100,드래곤,비행,1,0
150,뮤츠,2,122,3,106,150,70,140,194,120,에스퍼,없음,1,1
151,뮤,0.4,4,45,100,100,100,100,100,100,에스퍼,없음,1,1
152,치코리타,0.9,6.4,45,45,49,65,45,49,65,풀,없음,2,0
153,베이리프,1.2,15.8,45,60,62,80,60,63,80,풀,없음,2,0
154,메가니움,1.8,100.5,45,80,82,100,80,83,100,풀,없음,2,0
155,브케인,0.5,7.9,45,39,52,43,65,60,50,불꽃,없음,2,0
156,마그케인,0.9,19,45,58,64,58,80,80,65,불꽃,없음,2,0
157,블레이범,1.7,79.5,45,78,84,78,100,109,85,불꽃,없음,2,0
158,리아코,0.6,9.5,45,50,65,64,43,44,48,물,없음,2,0
159,엘리게이,1.1,25,45,65,80,80,58,59,63,물,없음,2,0
160,장크로다일,2.3,88.8,45,85,105,100,78,79,83,물,없음,2,0
161,꼬리선,0.8,6,255,35,46,34,20,35,45,노말,없음,2,0
162,다꼬리,1.8,32.5,90,85,76,64,90,45,55,노말,없음,2,0
163,부우부,0.7,21.2,255,60,30,30,50,36,56,노말,비행,2,0
164,야부엉,1.6,40.8,90,100,50,50,70,86,96,노말,비행,2,0
165,레디바,1,10.8,255,40,20,30,55,40,80,벌레,비행,2,0
166,레디안,1.4,35.6,90,55,35,50,85,55,110,벌레,비행,2,0
167,페이검,0.5,8.5,255,40,60,40,30,40,40,벌레,독,2,0
168,아리아도스,1.1,33.5,90,70,90,70,40,60,70,벌레,독,2,0
169,크로뱃,1.8,75,90,85,90,80,130,70,80,독,비행,2,0
170,초라기,0.5,12,190,75,38,38,67,56,56,물,전기,2,0
171,랜턴,1.2,22.5,75,125,58,58,67,76,76,물,전기,2,0
172,피츄,0.3,2,190,20,40,15,60,35,35,전기,없음,2,0
173,삐,0.3,3,150,50,25,28,15,45,55,페어리,없음,2,0
174,푸푸린,0.3,1,170,90,30,15,15,40,20,노말,페어리,2,0
175,토게피,0.3,1.5,190,35,20,65,20,40,65,페어리,없음,2,0
176,토게틱,0.6,3.2,75,55,40,85,40,80,105,페어리,비행,2,0
177,네이티,0.2,2,190,40,50,45,70,70,45,에스퍼,비행,2,0
178,네이티오,1.5,15,75,65,75,70,95,95,70,에스퍼,비행,2,0
179,메리프,0.6,7.8,235,55,40,40,35,65,45,전기,없음,2,0
180,보송송,0.8,13.3,120,70,55,55,45,80,60,전기,없음,2,0
181,전룡,1.4,61.5,45,90,95,105,45,165,110,전기,없음,2,0
182,아르코,0.4,5.8,45,75,80,95,50,90,100,풀,없음,2,0
183,마릴,0.4,8.5,190,70,20,50,40,20,50,물,페어리,2,0
184,마릴리,0.8,28.5,75,100,50,80,50,60,80,물,페어리,2,0
185,꼬지모,1.2,38,65,70,100,115,30,30,65,바위,없음,2,0
186,왕구리,1.1,33.9,45,90,75,75,70,90,100,물,없음,2,0
187,통통코,0.4,0.5,255,35,35,40,50,35,55,풀,비행,2,0
188,두코,0.6,1,120,55,45,50,80,45,65,풀,비행,2,0
189,솜솜코,0.8,3,45,75,55,70,110,55,95,풀,비행,2,0
190,에이팜,0.8,11.5,45,55,70,55,85,40,55,노말,없음,2,0
191,해너츠,0.3,1.8,235,30,30,30,30,30,30,풀,없음,2,0
192,해루미,0.8,8.5,120,75,75,55,30,105,85,풀,없음,2,0
193,왕자리,1.2,38,75,65,65,45,95,75,45,벌레,비행,2,0
194,우파,0.4,8.5,255,55,45,45,15,25,25,물,땅,2,0
195,누오,1.4,75,90,95,85,85,35,65,65,물,땅,2,0
196,에브이,0.9,26.5,45,65,65,60,110,130,95,에스퍼,없음,2,0
197,블래키,1,27,45,95,65,110,65,60,130,악,없음,2,0
198,니로우,0.5,2.1,30,60,85,42,91,85,42,악,비행,2,0
199,야도킹,2,79.5,70,95,75,80,30,100,110,물,에스퍼,2,0
200,무우마,0.7,1,45,60,60,60,85,85,85,고스트,없음,2,0
201,안농,0.5,5,225,48,72,48,48,72,48,에스퍼,없음,2,0
202,마자용,1.3,28.5,45,190,33,58,33,33,58,에스퍼,없음,2,0
203,키링키,1.5,41.5,60,70,80,65,85,90,65,노말,에스퍼,2,0
204,피콘,0.6,7.2,190,50,65,90,15,35,35,벌레,없음,2,0
205,쏘콘,1.2,125.8,75,75,90,140,40,60,60,벌레,강철,2,0
206,노고치,1.5,14,190,100,70,70,45,65,65,노말,없음,2,0
207,글라이거,1.1,64.8,60,65,75,105,85,35,65,땅,비행,2,0
208,강철톤,9.2,400,25,75,125,230,30,55,95,강철,땅,2,0
209,블루,0.6,7.8,190,60,80,50,30,40,40,페어리,없음,2,0
210,그랑블루,1.4,48.7,75,90,120,75,45,60,60,페어리,없음,2,0
211,침바루,0.5,3.9,45,65,95,85,85,55,55,물,독,2,0
212,핫삼,1.8,118,25,70,150,140,75,65,100,벌레,강철,2,0
213,단단지,0.6,20.5,190,20,10,230,5,10,230,벌레,바위,2,0
214,헤라크로스,1.5,54,45,80,185,115,75,40,105,벌레,격투,2,0
215,포푸니,0.9,28,60,55,95,55,115,35,75,악,얼음,2,0
216,깜지곰,0.6,8.8,120,60,80,50,40,50,50,노말,없음,2,0
217,링곰,1.8,125.8,60,90,130,75,55,75,75,노말,없음,2,0
218,마그마그,0.7,35,190,40,40,40,20,70,40,불꽃,없음,2,0
219,마그카르고,0.8,55,75,60,50,120,30,90,80,불꽃,바위,2,0
220,꾸꾸리,0.4,6.5,225,50,50,40,50,30,30,얼음,땅,2,0
221,메꾸리,1.1,55.8,75,100,100,80,50,60,60,얼음,땅,2,0
222,코산호,0.6,5,60,65,55,95,35,65,95,물,바위,2,0
223,총어,0.6,12,190,35,65,35,65,65,35,물,없음,2,0
224,대포무노,0.9,28.5,75,75,105,75,45,105,75,물,없음,2,0
225,딜리버드,0.9,16,45,45,55,45,75,65,45,얼음,비행,2,0
226,만타인,2.1,220,25,85,40,70,70,80,140,물,비행,2,0
227,무장조,1.7,50.5,25,65,80,140,70,40,70,강철,비행,2,0
228,델빌,0.6,10.8,120,45,60,30,65,80,50,악,불꽃,2,0
229,헬가,1.4,35,45,75,90,90,115,140,90,악,불꽃,2,0
230,킹드라,1.8,152,45,75,95,95,85,95,95,물,드래곤,2,0
231,코코리,0.5,33.5,120,90,60,60,40,40,40,땅,없음,2,0
232,코리갑,1.1,120,60,90,120,120,50,60,60,땅,없음,2,0
233,폴리곤2,0.6,32.5,45,85,80,90,60,105,95,노말,없음,2,0
234,노라키,1.4,71.2,45,73,95,62,85,85,65,노말,없음,2,0
235,루브도,1.2,58,45,55,20,35,75,20,45,노말,없음,2,0
236,배루키,0.7,21,75,35,35,35,35,35,35,격투,없음,2,0
237,카포에라,1.4,48,45,50,95,95,70,35,110,격투,없음,2,0
238,뽀뽀라,0.4,6,45,45,30,15,65,85,65,얼음,에스퍼,2,0
239,에레키드,0.6,23.5,45,45,63,37,95,65,55,전기,없음,2,0
240,마그비,0.7,21.4,45,45,75,37,83,70,55,불꽃,없음,2,0
241,밀탱크,1.2,75.5,45,95,80,105,100,40,70,노말,없음,2,0
242,해피너스,1.5,46.8,30,255,10,10,55,75,135,노말,없음,2,0
243,라이코,1.9,178,3,90,85,75,115,115,100,전기,없음,2,1
244,앤테이,2.1,198,3,115,115,85,100,90,75,불꽃,없음,2,1
245,스이쿤,2,187,3,100,75,115,85,90,115,물,없음,2,1
246,애버라스,0.6,72,45,50,64,50,41,45,50,바위,땅,2,0
247,데기라스,1.2,152,45,70,84,70,51,65,70,바위,땅,2,0
248,마기라스,2,202,45,100,164,150,71,95,120,바위,악,2,0
249,루기아,5.2,216,3,106,90,130,110,90,154,에스퍼,비행,2,1
250,칠색조,3.8,199,3,106,130,90,90,110,154,불꽃,비행,2,1
251,세레비,0.6,5,45,100,100,100,100,100,100,에스퍼,풀,2,1
252,나무지기,0.5,5,45,40,45,35,70,65,55,풀,없음,3,0
253,나무돌이,0.9,21.6,45,50,65,45,95,85,65,풀,없음,3,0
254,나무킹,1.7,52.2,45,70,110,75,145,145,85,풀,없음,3,0
255,아차모,0.4,2.5,45,45,60,40,45,70,50,불꽃,없음,3,0
256,영치코,0.9,19.5,45,60,85,60,55,85,60,불꽃,격투,3,0
257,번치코,1.9,52,45,80,160,80,100,130,80,불꽃,격투,3,0
258,물짱이,0.4,7.6,45,50,70,50,40,50,50,물,없음,3,0
259,늪짱이,0.7,28,45,70,85,70,50,60,70,물,땅,3,0
260,대짱이,1.5,81.9,45,100,150,110,70,95,110,물,땅,3,0
261,포챠나,0.5,13.6,255,35,55,35,35,30,30,악,없음,3,0
262,그라에나,1,37,127,70,90,70,70,60,60,악,없음,3,0
263,지그제구리,0.4,17.5,255,38,30,41,60,30,41,노말,없음,3,0
264,직구리,0.5,32.5,90,78,70,61,100,50,61,노말,없음,3,0
265,개무소,0.3,3.6,255,45,45,35,20,20,30,벌레,없음,3,0
266,실쿤,0.6,10,120,50,35,55,15,25,25,벌레,없음,3,0
267,뷰티플라이,1,28.4,45,60,70,50,65,100,50,벌레,비행,3,0
268,카스쿤,0.7,11.5,120,50,35,55,15,25,25,벌레,없음,3,0
269,독케일,1.2,31.6,45,60,50,70,65,50,90,벌레,독,3,0
270,연꽃몬,0.5,2.6,255,40,30,30,30,40,50,물,풀,3,0
271,로토스,1.2,32.5,120,60,50,50,50,60,70,물,풀,3,0
272,로파파,1.5,55,45,80,70,70,70,90,100,물,풀,3,0
273,도토링,0.5,4,255,40,40,50,30,30,30,풀,없음,3,0
274,잎새코,1,28,120,70,70,40,60,60,40,풀,악,3,0
275,다탱구,1.3,59.6,45,90,100,60,80,90,60,풀,악,3,0
276,테일로,0.3,2.3,200,40,55,30,85,30,30,노말,비행,3,0
277,스왈로,0.7,19.8,45,60,85,60,125,75,50,노말,비행,3,0
278,갈모매,0.6,9.5,190,40,30,30,85,55,30,물,비행,3,0
279,패리퍼,1.2,28,45,60,50,100,65,95,70,물,비행,3,0
280,랄토스,0.4,6.6,235,28,25,25,40,45,35,에스퍼,페어리,3,0
281,킬리아,0.8,20.2,120,38,35,35,50,65,55,에스퍼,페어리,3,0
282,가디안,1.6,48.4,45,68,85,65,100,165,135,에스퍼,페어리,3,0
283,비구술,0.5,1.7,200,40,30,32,65,50,52,벌레,물,3,0
284,비나방,0.8,3.6,75,70,60,62,80,100,82,벌레,비행,3,0
285,버섯꼬,0.4,4.5,255,60,40,60,35,40,60,풀,없음,3,0
286,버섯모,1.2,39.2,90,60,130,80,70,60,60,풀,격투,3,0
287,게을로,0.8,24,255,60,60,60,30,35,35,노말,없음,3,0
288,발바로,1.4,46.5,120,80,80,80,90,55,55,노말,없음,3,0
289,게을킹,2,130.5,45,150,160,100,100,95,65,노말,없음,3,0
290,토중몬,0.5,5.5,255,31,45,90,40,30,30,벌레,땅,3,0
291,아이스크,0.8,12,120,61,90,45,160,50,50,벌레,비행,3,0
292,껍질몬,0.8,1.2,45,1,90,45,40,30,30,벌레,고스트,3,0
293,소곤룡,0.6,16.3,190,64,51,23,28,51,23,노말,없음,3,0
294,노공룡,1,40.5,120,84,71,43,48,71,43,노말,없음,3,0
295,폭음룡,1.5,84,45,104,91,63,68,91,73,노말,없음,3,0
296,마크탕,1,86.4,180,72,60,30,25,20,30,격투,없음,3,0
297,하리뭉,2.3,253.8,200,144,120,60,50,40,60,격투,없음,3,0
298,루리리,0.2,2,150,50,20,40,20,20,40,노말,페어리,3,0
299,코코파스,1,97,255,30,45,135,30,45,90,바위,없음,3,0
300,에나비,0.6,11,255,50,45,45,50,35,35,노말,없음,3,0
301,델케티,1.1,32.6,60,70,65,65,90,55,55,노말,없음,3,0
302,깜까미,0.5,11,45,50,85,125,20,85,115,악,고스트,3,0
303,입치트,0.6,11.5,45,50,105,125,50,55,95,강철,페어리,3,0
304,가보리,0.4,60,180,50,70,100,30,40,40,강철,바위,3,0
305,갱도라,0.9,120,90,60,90,140,40,50,50,강철,바위,3,0
306,보스로라,2.1,360,45,70,140,230,50,60,80,강철,바위,3,0
307,요가랑,0.6,11.2,180,30,40,55,60,40,55,격투,에스퍼,3,0
308,요가램,1.3,31.5,90,60,100,85,100,80,85,격투,에스퍼,3,0
309,썬더라이,0.6,15.2,120,40,45,40,65,65,40,전기,없음,3,0
310,썬더볼트,1.5,40.2,45,70,75,80,135,135,80,전기,없음,3,0
311,플러시,0.4,4.2,200,60,50,40,95,85,75,전기,없음,3,0
312,마이농,0.4,4.2,200,60,40,50,95,75,85,전기,없음,3,0
313,볼비트,0.7,17.7,150,65,73,75,85,47,85,벌레,없음,3,0
314,네오비트,0.6,17.7,150,65,47,75,85,73,85,벌레,없음,3,0
315,로젤리아,0.3,2,150,50,60,45,65,100,80,풀,독,3,0
316,꼴깍몬,0.4,10.3,225,70,43,53,40,43,53,독,없음,3,0
317,꿀꺽몬,1.7,80,75,100,73,83,55,73,83,독,없음,3,0
318,샤프니아,0.8,20.8,225,45,90,20,65,65,20,물,악,3,0
319,샤크니아,1.8,88.8,60,70,140,70,105,110,65,물,악,3,0
320,고래왕자,2,130,125,130,70,35,60,70,35,물,없음,3,0
321,고래왕,14.5,398,60,170,90,45,60,90,45,물,없음,3,0
322,둔타,0.7,24,255,60,60,40,35,65,45,불꽃,땅,3,0
323,폭타,1.9,220,150,70,120,100,20,145,105,불꽃,땅,3,0
324,코터스,0.5,80.4,90,70,85,140,20,85,70,불꽃,없음,3,0
325,피그점프,0.7,30.6,255,60,25,35,60,70,80,에스퍼,없음,3,0
326,피그킹,0.9,71.5,60,80,45,65,80,90,110,에스퍼,없음,3,0
327,얼루기,1.1,5,255,60,60,60,60,60,60,노말,없음,3,0
328,톱치,0.7,15,255,45,100,45,10,45,45,땅,없음,3,0
329,비브라바,1.1,15.3,120,50,70,50,70,50,50,땅,드래곤,3,0
330,플라이곤,2,82,45,80,100,80,100,80,80,땅,드래곤,3,0
331,선인왕,0.4,51.3,190,50,85,40,35,85,40,풀,없음,3,0
332,밤선인,1.3,77.4,60,70,115,60,55,115,60,풀,악,3,0
333,파비코,0.4,1.2,255,45,40,60,50,40,75,노말,비행,3,0
334,파비코리,1.1,20.6,45,75,110,110,80,110,105,드래곤,비행,3,0
335,쟝고,1.3,40.3,90,73,115,60,90,60,60,노말,없음,3,0
336,세비퍼,2.7,52.5,90,73,100,60,65,100,60,독,없음,3,0
337,루나톤,1,168,45,90,55,65,70,95,85,바위,에스퍼,3,0
338,솔록,1.2,154,45,90,95,85,70,55,65,바위,에스퍼,3,0
339,미꾸리,0.4,1.9,190,50,48,43,60,46,41,물,땅,3,0
340,메깅,0.9,23.6,75,110,78,73,60,76,71,물,땅,3,0
341,가재군,0.6,11.5,205,43,80,65,35,50,35,물,없음,3,0
342,가재장군,1.1,32.8,155,63,120,85,55,90,55,물,악,3,0
343,오뚝군,0.5,21.5,255,40,40,55,55,40,70,땅,에스퍼,3,0
344,점토도리,1.5,108,90,60,70,105,75,70,120,땅,에스퍼,3,0
345,릴링,1,23.8,45,66,41,77,23,61,87,바위,풀,3,0
346,릴리요,1.5,60.4,45,86,81,97,43,81,107,바위,풀,3,0
347,아노딥스,0.7,12.5,45,45,95,50,75,40,50,바위,벌레,3,0
348,아말도,1.5,68.2,45,75,125,100,45,70,80,바위,벌레,3,0
349,빈티나,0.6,7.4,255,20,15,20,80,10,55,물,없음,3,0
350,밀로틱,6.2,162,60,95,60,79,81,100,125,물,없음,3,0
351,캐스퐁,0.3,0.8,45,70,70,70,70,70,70,노말,없음,3,0
352,켈리몬,1,22,200,60,90,70,40,60,120,노말,없음,3,0
353,어둠대신,0.6,2.3,225,44,75,35,45,63,33,고스트,없음,3,0
354,다크펫,1.1,12.5,45,64,165,75,75,93,83,고스트,없음,3,0
355,해골몽,0.8,15,190,20,40,90,25,30,90,고스트,없음,3,0
356,미라몽,1.6,30.6,90,40,70,130,25,60,130,고스트,없음,3,0
357,트로피우스,2,100,200,99,68,83,51,72,87,풀,비행,3,0
358,치렁,0.6,1,45,75,50,80,65,95,90,에스퍼,없음,3,0
359,앱솔,1.2,47,30,65,150,60,115,115,60,악,없음,3,0
360,마자,0.6,14,125,95,23,48,23,23,48,에스퍼,없음,3,0
361,눈꼬마,0.7,16.8,190,50,50,50,50,50,50,얼음,없음,3,0
362,얼음귀신,1.5,256.5,75,80,120,80,100,120,80,얼음,없음,3,0
363,대굴레오,0.8,39.5,255,70,40,50,25,55,50,얼음,물,3,0
364,씨레오,1.1,87.6,120,90,60,70,45,75,70,얼음,물,3,0
365,씨카이저,1.4,150.6,45,110,80,90,65,95,90,얼음,물,3,0
366,진주몽,0.4,52.5,255,35,64,85,32,74,55,물,없음,3,0
367,헌테일,1.7,27,60,55,104,105,52,94,75,물,없음,3,0
368,분홍장이,1.8,22.6,60,55,84,105,52,114,75,물,없음,3,0
369,시라칸,1,23.4,25,100,90,130,55,45,65,물,바위,3,0
370,사랑동이,0.6,8.7,225,43,30,55,97,40,65,물,없음,3,0
371,아공이,0.6,42.1,45,45,75,60,50,40,30,드래곤,없음,3,0
372,쉘곤,1.1,110.5,45,65,95,100,50,60,50,드래곤,없음,3,0
373,보만다,1.5,102.6,45,95,145,130,120,120,90,드래곤,비행,3,0
374,메탕,0.6,95.2,3,40,55,80,30,35,60,강철,에스퍼,3,0
375,메탕구,1.2,202.5,3,60,75,100,50,55,80,강철,에스퍼,3,0
376,메타그로스,1.6,550,3,80,145,150,110,105,110,강철,에스퍼,3,0
377,레지락,1.7,230,3,80,100,200,50,50,100,바위,없음,3,1
378,레지아이스,1.8,175,3,80,50,100,50,100,200,얼음,없음,3,1
379,레지스틸,1.9,205,3,80,75,150,50,75,150,강철,없음,3,1
380,라티아스,1.4,40,3,80,100,120,110,140,150,드래곤,에스퍼,3,1
381,라티오스,2,60,3,80,130,100,110,160,120,드래곤,에스퍼,3,1
382,가이오가,4.5,352,3,100,150,90,90,180,160,물,없음,3,1
383,그란돈,3.5,950,3,100,180,160,90,150,90,땅,없음,3,1
384,레쿠쟈,7,206.5,45,105,180,100,115,180,100,드래곤,비행,3,1
385,지라치,0.3,1.1,3,100,100,100,100,100,100,강철,에스퍼,3,1
386,테오키스,1.7,60.8,3,50,95,90,180,95,90,에스퍼,없음,3,1
387,모부기,0.4,10.2,45,55,68,64,31,45,55,풀,없음,4,0
388,수풀부기,1.1,97,45,75,89,85,36,55,65,풀,없음,4,0
389,토대부기,2.2,310,45,95,109,105,56,75,85,풀,땅,4,0
390,불꽃숭이,0.5,6.2,45,44,58,44,61,58,44,불꽃,없음,4,0
391,파이숭이,0.9,22,45,64,78,52,81,78,52,불꽃,격투,4,0
392,초염몽,1.2,55,45,76,104,71,108,104,71,불꽃,격투,4,0
393,팽도리,0.4,5.2,45,53,51,53,40,61,56,물,없음,4,0
394,팽태자,0.8,23,45,64,66,68,50,81,76,물,없음,4,0
395,엠페르트,1.7,84.5,45,84,86,88,60,111,101,물,강철,4,0
396,찌르꼬,0.3,2,255,40,55,30,60,30,30,노말,비행,4,0
397,찌르버드,0.6,15.5,120,55,75,50,80,40,40,노말,비행,4,0
398,찌르호크,1.2,24.9,45,85,120,70,100,50,60,노말,비행,4,0
399,비버니,0.5,20,255,59,45,40,31,35,40,노말,없음,4,0
400,비버통,1,31.5,127,79,85,60,71,55,60,노말,물,4,0
401,귀뚤뚜기,0.3,2.2,255,37,25,41,25,25,41,벌레,없음,4,0
402,귀뚤톡크,1,25.5,45,77,85,51,65,55,51,벌레,없음,4,0
403,꼬링크,0.5,9.5,235,45,65,34,45,40,34,전기,없음,4,0
404,럭시오,0.9,30.5,120,60,85,49,60,60,49,전기,없음,4,0
405,렌트라,1.4,42,45,80,120,79,70,95,79,전기,없음,4,0
406,꼬몽울,0.2,1.2,255,40,30,35,55,50,70,풀,독,4,0
407,로즈레이드,0.9,14.5,75,60,70,65,90,125,105,풀,독,4,0
408,두개도스,0.9,31.5,45,67,125,40,58,30,30,바위,없음,4,0
409,램펄드,1.6,102.5,45,97,165,60,58,65,50,바위,없음,4,0
410,방패톱스,0.5,57,45,30,42,118,30,42,88,바위,강철,4,0
411,바리톱스,1.3,149.5,45,60,52,168,30,47,138,바위,강철,4,0
412,도롱충이,0.2,3.4,120,40,29,45,36,29,45,벌레,없음,4,0
413,도롱마담,0.5,6.5,45,60,69,95,36,69,95,벌레,풀,4,0
414,나메일,0.9,23.3,45,70,94,50,66,94,50,벌레,비행,4,0
415,세꿀버리,0.3,5.5,120,30,30,42,70,30,42,벌레,비행,4,0
416,비퀸,1.2,38.5,45,70,80,102,40,80,102,벌레,비행,4,0
417,파치리스,0.4,3.9,200,60,45,70,95,45,90,전기,없음,4,0
418,브이젤,0.7,29.5,190,55,65,35,85,60,30,물,없음,4,0
419,플로젤,1.1,33.5,75,85,105,55,115,85,50,물,없음,4,0
420,체리버,0.4,3.3,190,45,35,45,35,62,53,풀,없음,4,0
421,체리꼬,0.5,9.3,75,70,60,70,85,87,78,풀,없음,4,0
422,깝질무,0.3,6.3,190,76,48,48,34,57,62,물,없음,4,0
423,트리토돈,0.9,29.9,75,111,83,68,39,92,82,물,땅,4,0
424,겟핸보숭,1.2,20.3,45,75,100,66,115,60,66,노말,없음,4,0
425,흔들풍손,0.4,1.2,125,90,50,34,70,60,44,고스트,비행,4,0
426,둥실라이드,1.2,15,60,150,80,44,80,90,54,고스트,비행,4,0
427,이어롤,0.4,5.5,190,55,66,44,85,44,56,노말,없음,4,0
428,이어롭,1.2,33.3,60,65,136,94,135,54,96,노말,없음,4,0
429,무우마직,0.9,4.4,45,60,60,60,105,105,105,고스트,없음,4,0
430,돈크로우,0.9,27.3,30,100,125,52,71,105,52,악,비행,4,0
431,나옹마,0.5,3.9,190,49,55,42,85,42,37,노말,없음,4,0
432,몬냥이,1,43.8,75,71,82,64,112,64,59,노말,없음,4,0
433,랑딸랑,0.2,0.6,120,45,30,50,45,65,50,에스퍼,없음,4,0
434,스컹뿡,0.4,19.2,225,63,63,47,74,41,41,독,악,4,0
435,스컹탱크,1,38,60,103,93,67,84,71,61,독,악,4,0
436,동미러,0.5,60.5,255,57,24,86,23,24,86,강철,에스퍼,4,0
437,동탁군,1.3,187,90,67,89,116,33,79,116,강철,에스퍼,4,0
438,꼬지지,0.5,15,255,50,80,95,10,10,45,바위,없음,4,0
439,흉내내,0.6,13,145,20,25,45,60,70,90,에스퍼,페어리,4,0
440,핑복,0.6,24.4,130,100,5,5,30,15,65,노말,없음,4,0
441,페라페,0.5,1.9,30,76,65,45,91,92,42,노말,비행,4,0
442,화강돌,1,108,100,50,92,108,35,92,108,고스트,악,4,0
443,딥상어동,0.7,20.5,45,58,70,45,42,40,45,드래곤,땅,4,0
444,한바이트,1.4,56,45,68,90,65,82,50,55,드래곤,땅,4,0
445,한카리아스,1.9,95,45,108,170,115,92,120,95,드래곤,땅,4,0
446,먹고자,0.6,105,50,135,85,40,5,40,85,노말,없음,4,0
447,리오르,0.7,20.2,75,40,70,40,60,35,40,격투,없음,4,0
448,루카리오,1.2,54,45,70,145,88,112,140,70,격투,강철,4,0
449,히포포타스,0.8,49.5,140,68,72,78,32,38,42,땅,없음,4,0
450,하마돈,2,300,60,108,112,118,47,68,72,땅,없음,4,0
451,스콜피,0.8,12,120,40,50,90,65,30,55,독,벌레,4,0
452,드래피온,1.3,61.5,45,70,90,110,95,60,75,독,악,4,0
453,삐딱구리,0.7,23,140,48,61,40,50,61,40,독,격투,4,0
454,독개굴,1.3,44.4,75,83,106,65,85,86,65,독,격투,4,0
455,무스틈니,1.4,27,200,74,100,72,46,90,72,풀,없음,4,0
456,형광어,0.4,7,190,49,49,56,66,49,61,물,없음,4,0
457,네오라이트,1.2,24,75,69,69,76,91,69,86,물,없음,4,0
458,타만타,1,65,25,45,20,50,50,60,120,물,비행,4,0
459,눈쓰개,1,50.5,120,60,62,50,40,62,60,풀,얼음,4,0
460,눈설왕,2.2,135.5,60,90,132,105,30,132,105,풀,얼음,4,0
461,포푸니라,1.1,34,45,70,120,65,125,45,85,악,얼음,4,0
462,자포코일,1.2,180,30,70,70,115,60,130,90,전기,강철,4,0
463,내룸벨트,1.7,140,30,110,85,95,50,80,95,노말,없음,4,0
464,거대코뿌리,2.4,282.8,30,115,140,130,40,55,55,땅,바위,4,0
465,덩쿠림보,2,128.6,30,100,100,125,50,110,50,풀,없음,4,0
466,에레키블,1.8,138.6,30,75,123,67,95,95,85,전기,없음,4,0
467,마그마번,1.6,68,30,75,95,67,83,125,95,불꽃,없음,4,0
468,토게키스,1.5,38,30,85,50,95,80,120,115,페어리,비행,4,0
469,메가자리,1.9,51.5,30,86,76,86,95,116,56,벌레,비행,4,0
470,리피아,1,25.5,45,65,110,130,95,60,65,풀,없음,4,0
471,글레이시아,0.8,25.9,45,65,60,110,65,130,95,얼음,없음,4,0
472,글라이온,2,42.5,30,75,95,125,95,45,75,땅,비행,4,0
473,맘모꾸리,2.5,291,50,110,130,80,80,70,60,얼음,땅,4,0
474,폴리곤Z,0.9,34,30,85,80,70,90,135,75,노말,없음,4,0
475,엘레이드,1.6,52,45,68,165,95,110,65,115,에스퍼,격투,4,0
476,대코파스,1.4,340,60,60,55,145,40,75,150,바위,강철,4,0
477,야느와르몽,2.2,106.6,45,45,100,135,45,65,135,고스트,없음,4,0
478,눈여아,1.3,26.6,75,70,80,70,110,80,70,얼음,고스트,4,0
479,로토무,0.3,0.3,45,50,65,107,86,105,107,전기,고스트,4,0
480,유크시,0.3,0.3,3,75,75,130,95,75,130,에스퍼,없음,4,1
481,엠라이트,0.3,0.3,3,80,105,105,80,105,105,에스퍼,없음,4,1
482,아그놈,0.3,0.3,3,75,125,70,115,125,70,에스퍼,없음,4,1
483,디아루가,5.4,683,3,100,120,120,90,150,100,강철,드래곤,4,1
484,펄기아,4.2,336,3,90,120,100,100,150,120,물,드래곤,4,1
485,히드런,1.7,430,3,91,90,106,77,130,106,불꽃,강철,4,1
486,레지기가스,3.7,420,3,110,160,110,100,80,110,노말,없음,4,1
487,기라티나,4.5,750,3,150,120,100,90,120,100,고스트,드래곤,4,1
488,크레세리아,1.5,85.6,3,120,70,120,85,75,130,에스퍼,없음,4,1
489,피오네,0.4,3.1,30,80,80,80,80,80,80,물,없음,4,0
490,마나피,0.3,1.4,3,100,100,100,100,100,100,물,없음,4,1
491,다크라이,1.5,50.5,3,70,90,90,125,135,90,악,없음,4,1
492,쉐이미,0.2,2.1,45,100,103,75,127,120,75,풀,풀,4,1
493,아르세우스,3.2,320,3,120,120,120,120,120,120,노말,없음,4,1
494,비크티니,0.4,4,3,100,100,100,100,100,100,에스퍼,불꽃,5,1
495,주리비얀,0.6,8.1,45,45,45,55,63,45,55,풀,없음,5,0
496,샤비,0.8,16,45,60,60,75,83,60,75,풀,없음,5,0
497,샤로다,3.3,63,45,75,75,95,113,75,95,풀,없음,5,0
498,뚜꾸리,0.5,9.9,45,65,63,45,45,45,45,불꽃,없음,5,0
499,챠오꿀,1,55.5,45,90,93,55,55,70,55,불꽃,격투,5,0
500,염무왕,1.6,150,45,110,123,65,65,100,65,불꽃,격투,5,0
501,수댕이,0.5,5.9,45,55,55,45,45,63,45,물,없음,5,0
502,쌍검자비,0.8,24.5,45,75,75,60,60,83,60,물,없음,5,0
503,대검귀,1.5,94.6,45,95,100,85,70,108,70,물,없음,5,0
504,보르쥐,0.5,11.6,255,45,55,39,42,35,39,노말,없음,5,0
505,보르그,1.1,27,255,60,85,69,77,60,69,노말,없음,5,0
506,요테리,0.4,4.1,255,45,60,45,55,25,45,노말,없음,5,0
507,하데리어,0.9,14.7,120,65,80,65,60,35,65,노말,없음,5,0
508,바랜드,1.2,61,45,85,110,90,80,45,90,노말,없음,5,0
509,쌔비냥,0.4,10.1,255,41,50,37,66,50,37,악,없음,5,0
510,레파르다스,1.1,37.5,90,64,88,50,106,88,50,악,없음,5,0
511,야나프,0.6,10.5,190,50,53,48,64,53,48,풀,없음,5,0
512,야나키,1.1,30.5,75,75,98,63,101,98,63,풀,없음,5,0
513,바오프,0.6,11,190,50,53,48,64,53,48,불꽃,없음,5,0
514,바오키,1,28,75,75,98,63,101,98,63,불꽃,없음,5,0
515,앗차프,0.6,13.5,190,50,53,48,64,53,48,물,없음,5,0
516,앗차키,1,29,75,75,98,63,101,98,63,물,없음,5,0
517,몽나,0.6,23.3,190,76,25,45,24,67,55,에스퍼,없음,5,0
518,몽얌나,1.1,60.5,75,116,55,85,29,107,95,에스퍼,없음,5,0
519,콩둘기,0.3,2.1,255,50,55,50,43,36,30,노말,비행,5,0
520,유토브,0.6,15,120,62,77,62,65,50,42,노말,비행,5,0
521,켄호로우,1.2,29,45,80,115,80,93,65,55,노말,비행,5,0
522,줄뮤마,0.8,29.8,190,45,60,32,76,50,32,전기,없음,5,0
523,제브라이카,1.6,79.5,75,75,100,63,116,80,63,전기,없음,5,0
524,단굴,0.4,18,255,55,75,85,15,25,25,바위,없음,5,0
525,암트르,0.9,102,120,70,105,105,20,50,40,바위,없음,5,0
526,기가이어스,1.7,260,45,85,135,130,25,60,80,바위,없음,5,0
527,또르박쥐,0.4,2.1,190,65,45,43,72,55,43,에스퍼,비행,5,0
528,맘박쥐,0.9,10.5,45,67,57,55,114,77,55,에스퍼,비행,5,0
529,두더류,0.3,8.5,120,60,85,40,68,30,45,땅,없음,5,0
530,몰드류,0.7,40.4,60,110,135,60,88,50,65,땅,강철,5,0
531,다부니,1.1,31,255,103,60,126,50,80,126,노말,없음,5,0
532,으랏차,0.6,12.5,180,75,80,55,35,25,35,격투,없음,5,0
533,토쇠골,1.2,40,90,85,105,85,40,40,50,격투,없음,5,0
534,노보청,1.4,87,45,105,140,95,45,55,65,격투,없음,5,0
535,동챙이,0.5,4.5,255,50,50,40,64,50,40,물,없음,5,0
536,두까비,0.8,17,120,75,65,55,69,65,55,물,땅,5,0
537,두빅굴,1.5,62,45,105,95,75,74,85,75,물,땅,5,0
538,던지미,1.3,55.5,45,120,100,85,45,30,85,격투,없음,5,0
539,타격귀,1.4,51,45,75,125,75,85,30,75,격투,없음,5,0
540,두르보,0.3,2.5,255,45,53,70,42,40,60,벌레,풀,5,0
541,두르쿤,0.5,7.3,120,55,63,90,42,50,80,벌레,풀,5,0
542,모아머,1.2,20.5,45,75,103,80,92,70,80,벌레,풀,5,0
543,마디네,0.4,5.3,255,30,45,59,57,30,39,벌레,독,5,0
544,휠구,1.2,58.5,120,40,55,99,47,40,79,벌레,독,5,0
545,펜드라,2.5,200.5,45,60,100,89,112,55,69,벌레,독,5,0
546,소미안,0.3,0.6,190,40,27,60,66,37,50,풀,페어리,5,0
547,엘풍,0.7,6.6,75,60,67,85,116,77,75,풀,페어리,5,0
548,치릴리,0.5,6.6,190,45,35,50,30,70,50,풀,없음,5,0
549,드레디어,1.1,16.3,75,70,60,75,90,110,75,풀,없음,5,0
550,배쓰나이,1,18,25,70,92,65,98,80,55,물,없음,5,0
551,깜눈크,0.7,15.2,180,50,72,35,65,35,35,땅,악,5,0
552,악비르,1,33.4,90,60,82,45,74,45,45,땅,악,5,0
553,악비아르,1.5,96.3,45,95,117,80,92,65,70,땅,악,5,0
554,달막화,0.6,37.5,120,70,90,45,50,15,45,불꽃,없음,5,0
555,불비달마,1.3,92.9,60,105,30,105,55,140,105,불꽃,불꽃,5,0
556,마라카치,1,28,255,75,86,67,60,106,67,풀,없음,5,0
557,돌살이,0.3,14.5,190,50,65,85,55,35,35,벌레,바위,5,0
558,암팰리스,1.4,200,75,70,105,125,45,65,75,벌레,바위,5,0
559,곤율랭,0.6,11.8,180,50,75,70,48,35,70,악,격투,5,0
560,곤율거니,1.1,30,90,65,90,115,58,45,115,악,격투,5,0
561,심보러,1.4,14,45,72,58,80,97,103,80,에스퍼,비행,5,0
562,데스마스,0.5,1.5,190,38,30,85,30,55,65,고스트,없음,5,0
563,데스니칸,1.7,76.5,90,58,50,145,30,95,105,고스트,없음,5,0
564,프로토가,0.7,16.5,45,54,78,103,22,53,45,물,바위,5,0
565,늑골라,1.2,81,45,74,108,133,32,83,65,물,바위,5,0
566,아켄,0.5,9.5,45,55,112,45,70,74,45,바위,비행,5,0
567,아케오스,1.4,32,45,75,140,65,110,112,65,바위,비행,5,0
568,깨봉이,0.6,31,190,50,50,62,65,40,62,독,없음,5,0
569,더스트나,1.9,107.3,60,80,95,82,75,60,82,독,없음,5,0
570,조로아,0.7,12.5,75,40,65,40,65,80,40,악,없음,5,0
571,조로아크,1.6,81.1,45,60,105,60,105,120,60,악,없음,5,0
572,치라미,0.4,5.8,255,55,50,40,75,40,40,노말,없음,5,0
573,치라치노,0.5,7.5,60,75,95,60,115,65,60,노말,없음,5,0
574,고디탱,0.4,5.8,200,45,30,50,45,55,65,에스퍼,없음,5,0
575,고디보미,0.7,18,100,60,45,70,55,75,85,에스퍼,없음,5,0
576,고디모아젤,1.5,44,50,70,55,95,65,95,110,에스퍼,없음,5,0
577,유니란,0.3,1,200,45,30,40,20,105,50,에스퍼,없음,5,0
578,듀란,0.6,8,100,65,40,50,30,125,60,에스퍼,없음,5,0
579,란쿨루스,1,20.1,50,110,65,75,30,125,85,에스퍼,없음,5,0
580,꼬지보리,0.5,5.5,190,62,44,50,55,44,50,물,비행,5,0
581,스완나,1.3,24.2,45,75,87,63,98,87,63,물,비행,5,0
582,바닐프티,0.4,5.7,255,36,50,50,44,65,60,얼음,없음,5,0
583,바닐리치,1.1,41,120,51,65,65,59,80,75,얼음,없음,5,0
584,배바닐라,1.3,57.5,45,71,95,85,79,110,95,얼음,없음,5,0
585,사철록,0.6,19.5,190,60,60,50,75,40,50,노말,풀,5,0
586,바라철록,1.9,92.5,75,80,100,70,95,60,70,노말,풀,5,0
587,에몽가,0.4,5,200,55,75,60,103,75,60,전기,비행,5,0
588,딱정곤,0.5,5.9,200,50,75,45,60,40,45,벌레,없음,5,0
589,슈바르고,1,33,75,70,135,105,20,60,105,벌레,강철,5,0
590,깜놀버슬,0.2,1,190,69,55,45,15,55,55,풀,독,5,0
591,뽀록나,0.6,10.5,75,114,85,70,30,85,80,풀,독,5,0
592,탱그릴,1.2,33,190,55,40,50,40,65,85,물,고스트,5,0
593,탱탱겔,2.2,135,60,100,60,70,60,85,105,물,고스트,5,0
594,맘복치,1.2,31.6,75,165,75,80,65,40,45,물,없음,5,0
595,파쪼옥,0.1,0.6,190,50,47,50,65,57,50,벌레,전기,5,0
596,전툴라,0.8,14.3,75,70,77,60,108,97,60,벌레,전기,5,0
597,철시드,0.6,18.8,255,44,50,91,10,24,86,풀,강철,5,0
598,너트령,1,110,90,74,94,131,20,54,116,풀,강철,5,0
599,기어르,0.3,21,130,40,55,70,30,45,60,강철,없음,5,0
600,기기어르,0.6,51,60,60,80,95,50,70,85,강철,없음,5,0
601,기기기어르,0.6,81,30,60,100,115,90,70,85,강철,없음,5,0
602,저리어,0.2,0.3,190,35,55,40,60,45,40,전기,없음,5,0
603,저리릴,1.2,22,60,65,85,70,40,75,70,전기,없음,5,0
604,저리더프,2.1,80.5,30,85,115,80,50,105,80,전기,없음,5,0
605,리그레,0.5,9,255,55,55,55,30,85,55,에스퍼,없음,5,0
606,벰크,1,34.5,90,75,75,75,40,125,95,에스퍼,없음,5,0
607,불켜미,0.3,3.1,190,50,30,55,20,65,55,고스트,불꽃,5,0
608,램프라,0.6,13,90,60,40,60,55,95,60,고스트,불꽃,5,0
609,샹델라,1,34.3,45,60,55,90,80,145,90,고스트,불꽃,5,0
610,터검니,0.6,18,75,46,87,60,57,30,40,드래곤,없음,5,0
611,액슨도,1,36,60,66,117,70,67,40,50,드래곤,없음,5,0
612,액스라이즈,1.8,105.5,45,76,147,90,97,60,70,드래곤,없음,5,0
613,코고미,0.5,8.5,120,55,70,40,40,60,40,얼음,없음,5,0
614,툰베어,2.6,260,60,95,130,80,50,70,80,얼음,없음,5,0
615,프리지오,1.1,148,25,80,50,50,105,95,135,얼음,없음,5,0
616,쪼마리,0.4,7.7,200,50,40,85,25,40,65,벌레,없음,5,0
617,어지리더,0.8,25.3,75,80,70,40,145,100,60,벌레,없음,5,0
618,메더,0.7,11,75,109,66,84,32,81,99,땅,전기,5,0
619,비조푸,0.9,20,180,45,85,50,65,55,50,격투,없음,5,0
620,비조도,1.4,35.5,45,65,125,60,105,95,60,격투,없음,5,0
621,크리만,1.6,139,45,77,120,90,48,60,90,드래곤,없음,5,0
622,골비람,1,92,190,59,74,50,35,35,50,땅,고스트,5,0
623,골루그,2.8,330,90,89,124,80,55,55,80,땅,고스트,5,0
624,자망칼,0.5,10.2,120,45,85,70,60,40,40,악,강철,5,0
625,절각참,1.6,70,45,65,125,100,70,60,70,악,강철,5,0
626,버프론,1.6,94.6,45,95,110,95,55,40,95,노말,없음,5,0
627,수리둥보,0.5,10.5,190,70,83,50,60,37,50,노말,비행,5,0
628,워글,1.5,41,60,100,123,75,80,57,75,노말,비행,5,0
629,벌차이,0.5,9,190,70,55,75,60,45,65,악,비행,5,0
630,버랜지나,1.2,39.5,60,110,65,105,80,55,95,악,비행,5,0
631,앤티골,1.4,58,90,85,97,66,65,105,66,불꽃,없음,5,0
632,아이앤트,0.3,33,90,58,109,112,109,48,48,벌레,강철,5,0
633,모노두,0.8,17.3,45,52,65,50,38,45,50,악,드래곤,5,0
634,디헤드,1.4,50,45,72,85,70,58,65,70,악,드래곤,5,0
635,삼삼드래,1.8,160,45,92,105,90,98,125,90,악,드래곤,5,0
636,활화르바,1.1,28.8,45,55,85,55,60,50,55,벌레,불꽃,5,0
637,불카모스,1.6,46,15,85,60,65,100,135,105,벌레,불꽃,5,0
638,코바르온,2.1,250,3,91,90,129,108,90,72,강철,격투,5,1
639,테라키온,1.9,260,3,91,129,90,108,72,90,바위,격투,5,1
640,비리디온,2,200,3,91,90,72,108,90,129,풀,격투,5,1
641,토네로스,1.5,63,3,79,100,80,121,110,90,비행,없음,5,1
642,볼트로스,1.5,61,3,79,105,70,101,145,80,전기,비행,5,1
643,레시라무,3.2,330,3,100,120,100,90,150,120,드래곤,불꽃,5,1
644,제크로무,2.9,345,3,100,150,120,90,120,100,드래곤,전기,5,1
645,랜드로스,1.5,68,3,89,145,90,91,105,80,땅,비행,5,1
646,큐레무,3,325,3,125,120,90,95,170,100,드래곤,얼음,5,1
647,케르디오,1.4,48.5,3,91,72,90,108,129,90,물,격투,5,1
648,메로엣타,0.6,6.5,3,100,128,90,128,77,77,노말,에스퍼,5,1
649,게노세크트,1.5,82.5,3,71,120,95,99,120,95,벌레,강철,5,1
650,도치마론,0.4,9,45,56,61,65,38,48,45,풀,없음,6,0
651,도치보구,0.7,29,45,61,78,95,57,56,58,풀,없음,6,0
652,브리가론,1.6,90,45,88,107,122,64,74,75,풀,격투,6,0
653,푸호꼬,0.4,9.4,45,40,45,40,60,62,60,불꽃,없음,6,0
654,테르나,1,14.5,45,59,59,58,73,90,70,불꽃,없음,6,0
655,마폭시,1.5,39,45,75,69,72,104,114,100,불꽃,에스퍼,6,0
656,개구마르,0.3,7,45,41,56,40,71,62,44,물,없음,6,0
657,개굴반장,0.6,10.9,45,54,63,52,97,83,56,물,없음,6,0
658,개굴닌자,1.5,40,45,72,145,67,132,153,71,물,악,6,0
659,파르빗,0.4,5,255,38,36,38,57,32,36,노말,없음,6,0
660,파르토,1,42.4,127,85,56,77,78,50,77,노말,땅,6,0
661,화살꼬빈,0.3,1.7,255,45,50,43,62,40,38,노말,비행,6,0
662,불화살빈,0.7,16,120,62,73,55,84,56,52,불꽃,비행,6,0
663,파이어로,1.2,24.5,45,78,81,71,126,74,69,불꽃,비행,6,0
664,분이벌레,0.3,2.5,255,38,35,40,35,27,25,벌레,없음,6,0
665,분떠도리,0.3,8.4,120,45,22,60,29,27,30,벌레,없음,6,0
666,비비용,1.2,17,45,80,52,50,89,90,50,벌레,비행,6,0
667,레오꼬,0.6,13.5,220,62,50,58,72,73,54,불꽃,노말,6,0
668,화염레오,1.5,81.5,65,86,68,72,106,109,66,불꽃,노말,6,0
669,플라베베,0.1,0.1,225,44,38,39,42,61,79,페어리,없음,6,0
670,플라엣테,0.2,0.9,120,74,65,67,92,125,128,페어리,없음,6,0
671,플라제스,1.1,10,45,78,65,68,75,112,154,페어리,없음,6,0
672,메이클,0.9,31,200,66,65,48,52,62,57,풀,없음,6,0
673,고고트,1.7,91,45,123,100,62,68,97,81,풀,없음,6,0
674,판짱,0.6,8,220,67,82,62,43,46,48,격투,없음,6,0
675,부란다,2.1,136,65,95,124,78,58,69,71,격투,악,6,0
676,트리미앙,1.2,28,160,75,80,60,102,65,90,노말,없음,6,0
677,냐스퍼,0.3,3.5,190,62,48,54,68,63,60,에스퍼,없음,6,0
678,냐오닉스,0.6,8.5,75,74,48,76,104,83,81,에스퍼,없음,6,0
679,단칼빙,0.8,2,180,45,80,100,28,35,37,강철,고스트,6,0
680,쌍검킬,0.8,4.5,90,59,110,150,35,45,49,강철,고스트,6,0
681,킬가르도,1.7,53,45,60,150,50,60,150,50,강철,고스트,6,0
682,슈쁘,0.2,0.5,200,78,52,60,23,63,65,페어리,없음,6,0
683,프레프티르,0.8,15.5,140,101,72,72,29,99,89,페어리,없음,6,0
684,나룸퍼프,0.4,3.5,200,62,48,66,49,59,57,페어리,없음,6,0
685,나루림,0.8,5,140,82,80,86,72,85,75,페어리,없음,6,0
686,오케이징,0.4,3.5,190,53,54,53,45,37,46,악,에스퍼,6,0
687,칼라마네로,1.5,47,80,86,92,88,73,68,75,악,에스퍼,6,0
688,거북손손,0.5,31,120,42,52,67,50,39,56,바위,물,6,0
689,거북손데스,1.3,96,45,72,105,115,68,54,86,바위,물,6,0
690,수레기,0.5,7.3,225,50,60,60,30,60,60,독,물,6,0
691,드래캄,1.8,81.5,55,65,75,90,44,97,123,독,드래곤,6,0
692,완철포,0.5,8.3,225,50,53,62,44,58,63,물,없음,6,0
693,블로스터,1.3,35.3,55,71,73,88,59,120,89,물,없음,6,0
694,목도리키텔,0.5,6,190,44,38,33,70,61,43,전기,노말,6,0
695,일레도리자드,1,21,75,62,55,52,109,109,94,전기,노말,6,0
696,티고라스,0.8,26,45,58,89,77,48,45,45,바위,드래곤,6,0
697,견고라스,2.5,270,45,82,121,119,71,69,59,바위,드래곤,6,0
698,아마루스,1.3,25.2,45,77,59,50,46,67,63,바위,얼음,6,0
699,아마루르가,2.7,225,45,123,77,72,58,99,92,바위,얼음,6,0
700,님피아,1,23.5,45,95,65,65,60,110,130,페어리,없음,6,0
701,루차불,0.8,21.5,100,78,92,75,118,74,63,격투,비행,6,0
702,데덴네,0.2,2.2,180,67,58,57,101,81,67,전기,페어리,6,0
703,멜리시,0.3,5.7,60,50,50,150,50,50,150,바위,페어리,6,0
704,미끄메라,0.3,2.8,45,45,50,35,40,55,75,드래곤,없음,6,0
705,미끄네일,0.8,17.5,45,68,75,53,60,83,113,드래곤,없음,6,0
706,미끄래곤,2,150.5,45,90,100,70,80,110,150,드래곤,없음,6,0
707,클레피,0.2,3,75,57,80,91,75,80,87,강철,페어리,6,0
708,나목령,0.4,7,120,43,70,48,38,50,60,고스트,풀,6,0
709,대로트,1.5,71,60,85,110,76,56,65,82,고스트,풀,6,0
710,호바귀,0.8,15,120,59,66,70,41,44,55,고스트,풀,6,0
711,펌킨인,1.7,39,60,85,100,122,54,58,75,고스트,풀,6,0
712,꽁어름,1,99.5,190,55,69,85,28,32,35,얼음,없음,6,0
713,크레베이스,2,505,55,95,117,184,28,44,46,얼음,없음,6,0
714,음뱃,0.5,8,190,40,30,35,55,45,40,비행,드래곤,6,0
715,음번,1.5,85,45,85,70,80,123,97,80,비행,드래곤,6,0
716,제르네아스,3,215,45,126,131,95,99,131,98,페어리,없음,6,1
717,이벨타르,5.8,203,45,126,131,95,99,131,98,악,비행,6,1
718,지가르데,5,284.6,3,216,100,121,85,91,95,드래곤,땅,6,1
719,디안시,0.7,8.8,3,50,160,110,110,160,110,바위,페어리,6,1
720,후파,0.5,9,3,80,160,60,80,170,130,에스퍼,고스트,6,1
721,볼케니온,1.7,195,3,80,110,120,70,130,90,불꽃,물,6,1
722,나몰빼미,0.3,1.5,45,68,55,55,42,50,50,풀,비행,7,0
723,빼미스로우,0.7,16,45,78,75,75,52,70,70,풀,비행,7,0
724,모크나이퍼,1.6,36.6,45,78,107,75,70,100,100,풀,고스트,7,0
725,냐오불,0.4,4.3,45,45,65,40,70,60,40,불꽃,없음,7,0
726,냐오히트,0.7,25,45,65,85,50,90,80,50,불꽃,없음,7,0
727,어흥염,1.8,83,45,95,115,90,60,80,90,불꽃,악,7,0
728,누리공,0.4,7.5,45,50,54,54,40,66,56,물,없음,7,0
729,키요공,0.6,17.5,45,60,69,69,50,91,81,물,없음,7,0
730,누리레느,1.8,44,45,80,74,74,60,126,116,물,페어리,7,0
731,콕코구리,0.3,1.2,255,35,75,30,65,30,30,노말,비행,7,0
732,크라파,0.6,14.8,120,55,85,50,75,40,50,노말,비행,7,0
733,왕큰부리,1.1,26,45,80,120,75,60,75,75,노말,비행,7,0
734,영구스,0.4,6,255,48,70,30,45,30,30,노말,없음,7,0
735,형사구스,0.7,14.2,127,88,110,60,45,55,60,노말,없음,7,0
736,턱지충이,0.4,4.4,255,47,62,45,46,55,45,벌레,없음,7,0
737,전지충이,0.5,10.5,120,57,82,95,36,55,75,벌레,전기,7,0
738,투구뿌논,1.5,45,45,77,70,90,43,145,75,벌레,전기,7,0
739,오기지게,0.6,7,225,47,82,57,63,42,47,격투,없음,7,0
740,모단단게,1.7,180,60,97,132,77,43,62,67,격투,얼음,7,0
741,춤추새,0.6,3.4,45,75,70,70,93,98,70,불꽃,비행,7,0
742,에블리,0.1,0.2,190,40,45,40,84,55,40,벌레,페어리,7,0
743,에리본,0.2,0.5,75,60,55,60,124,95,70,벌레,페어리,7,0
744,암멍이,0.5,9.2,190,45,65,40,60,30,40,바위,없음,7,0
745,루가루암,0.8,25,90,85,115,75,82,55,75,바위,없음,7,0
746,약어리,0.2,0.3,60,45,140,130,30,140,135,물,없음,7,0
747,시마사리,0.4,8,190,50,53,62,45,43,52,독,물,7,0
748,더시마사리,0.7,14.5,75,50,63,152,35,53,142,독,물,7,0
749,머드나기,1,110,190,70,100,70,45,45,55,땅,없음,7,0
750,만마드,2.5,920,60,100,125,100,35,55,85,땅,없음,7,0
751,물거미,0.3,4,200,38,40,52,27,40,72,물,벌레,7,0
752,깨비물거미,1.8,82,100,68,70,92,42,50,132,물,벌레,7,0
753,짜랑랑,0.3,1.5,190,40,55,35,35,50,35,풀,없음,7,0
754,라란티스,0.9,18.5,75,70,105,90,45,80,90,풀,없음,7,0
755,자마슈,0.2,1.5,190,40,35,55,15,65,75,풀,페어리,7,0
756,마셰이드,1,11.5,75,60,45,80,30,90,100,풀,페어리,7,0
757,야도뇽,0.6,4.8,120,48,44,40,77,71,40,독,불꽃,7,0
758,염뉴트,1.2,22.2,45,68,64,60,117,111,60,독,불꽃,7,0
759,포곰곰,0.5,6.8,140,70,75,50,50,45,50,노말,격투,7,0
760,이븐곰,2.1,135,70,120,125,80,60,55,60,노말,격투,7,0
761,달콤아,0.3,3.2,235,42,30,38,32,30,38,풀,없음,7,0
762,달무리나,0.7,8.2,120,52,40,48,62,40,48,풀,없음,7,0
763,달코퀸,1.2,21.4,45,72,120,98,72,50,98,풀,없음,7,0
764,큐아링,0.1,0.3,60,51,52,90,100,82,110,페어리,없음,7,0
765,하랑우탄,1.5,76,45,90,60,80,60,90,110,노말,에스퍼,7,0
766,내던숭이,2,82.8,45,100,120,90,80,40,60,격투,없음,7,0
767,꼬시레,0.5,12,90,25,35,40,80,20,30,벌레,물,7,0
768,갑주무사,2,108,45,75,125,140,40,60,90,벌레,물,7,0
769,모래꿍,0.5,70,140,55,55,80,15,70,45,고스트,땅,7,0
770,모래성이당,1.3,250,60,85,75,110,35,100,75,고스트,땅,7,0
771,해무기,0.3,1.2,60,55,60,130,5,30,130,물,없음,7,0
772,타입:널,1.9,120.5,3,95,95,95,59,95,95,노말,없음,7,0
773,실버디,2.3,100.5,3,95,95,95,95,95,95,노말,없음,7,0
774,메테노,0.3,40,30,60,100,60,120,100,60,바위,비행,7,0
775,자말라,0.4,19.9,45,65,115,65,65,75,95,노말,없음,7,0
776,폭거북스,2,212,70,60,78,135,36,91,85,불꽃,드래곤,7,0
777,토게데마루,0.3,3.3,180,65,98,63,96,40,73,전기,강철,7,0
778,따라큐,0.2,0.7,45,55,90,80,96,50,105,고스트,페어리,7,0
779,치갈기,0.9,19,80,68,105,70,92,70,70,물,에스퍼,7,0
780,할비롱,3,185,70,78,60,85,36,135,91,노말,드래곤,7,0
781,타타륜,3.9,210,25,70,131,100,40,86,90,고스트,풀,7,0
782,짜랑꼬,0.6,29.7,45,45,55,65,45,45,45,드래곤,없음,7,0
783,짜랑고우,1.2,47,45,55,75,90,65,65,70,드래곤,격투,7,0
784,짜랑고우거,1.6,78.2,45,75,110,125,85,100,105,드래곤,격투,7,0
785,카푸꼬꼬꼭,1.8,20.5,3,70,115,85,130,95,75,전기,페어리,7,1
786,카푸나비나,1.2,18.6,3,70,85,75,95,130,115,에스퍼,페어리,7,1
787,카푸브루루,1.9,45.5,3,70,130,115,75,85,95,풀,페어리,7,1
788,카푸느지느,1.3,21.2,3,70,75,115,85,95,130,물,페어리,7,1
789,코스모그,0.2,0.1,45,43,29,31,37,29,31,에스퍼,없음,7,1
790,코스모움,0.1,999.9,45,43,29,131,37,29,131,에스퍼,없음,7,1
791,솔가레오,3.4,230,45,137,137,107,97,113,89,에스퍼,강철,7,1
792,루나아라,4,120,45,137,113,89,97,137,107,에스퍼,고스트,7,1
793,텅비드,1.2,55.5,45,109,53,47,103,127,131,바위,독,7,1
794,매시붕,2.4,333.6,25,107,139,139,79,53,53,벌레,격투,7,1
795,페로코체,1.8,25,255,71,137,37,151,137,37,벌레,격투,7,1
796,전수목,3.8,100,30,83,89,71,83,173,71,전기,없음,7,1
797,철화구야,9.2,999.9,25,97,101,103,61,107,101,강철,비행,7,1
798,종이신도,0.3,0.1,255,59,181,131,109,59,31,풀,강철,7,1
799,악식킹,5.5,888,15,223,101,53,43,97,53,악,드래곤,7,1
800,네크로즈마,2.4,230,3,97,107,101,79,127,89,에스퍼,없음,7,1
801,마기아나,1,80.5,3,80,95,115,65,130,115,강철,페어리,7,1