2019.5.1,22,45.9,21.9,20.2,0,2.3,24.41,1.9
2019.5.2,25,20.9,22.2,21.3,0,2.3,27.27,0
2019.5.3,26.1,22.6,23.4,21.9,0,1.6,25.59,0
2019.5.4,27.3,27,25,22.3,0,1.7,22.12,4.9
2019.5.5,26.2,20.2,23.2,23.9,0,2.2,25.14,5.1
2019.5.6,18.4,25.7,16.9,22.8,0,3.1,28.25,0.3
2019.5.7,21.9,21.6,19.6,22.1,0,2.3,27.02,0
2019.5.8,21.1,35.2,20.2,21.3,0,2.3,23.39,6.1
2019.5.9,22.9,22,20.5,23.9,0,2.2,25.46,3.1
2019.5.10,26.7,30.4,24.9,24.4,0,1.9,25.19,3.5
2019.5.11,28,30.8,26.1,26.4,0,1.8,25.19,2
2019.5.12,28.8,26.9,26.4,26.8,0,1.5,21.82,4.3
2019.5.13,22.7,34.8,21.6,19.2,0,1.6,8.51,8.3
2019.5.14,26.8,28.7,24.8,25.8,0,1.6,25.35,1.6
2019.5.15,27.8,28.6,25.7,26.8,0,1.7,21.24,4.5
2019.5.16,29.9,30.1,27.8,29.9,0,1.5,25.19,2.5
2019.5.17,28.3,33.7,26.8,26.1,0,1.2,14.72,7.5
2019.5.18,25.9,40.3,25.2,28.2,0,2.1,16.28,8.5
2019.5.19,21.1,92.2,24.3,20.4,22,1.2,5.22,10
2019.5.20,20,91.5,23.2,18.6,8.7,3.4,24.95,4.5
2019.5.21,23.1,31.1,21.7,21.8,0,2.9,28.89,0
2019.5.22,26.3,22.6,23.6,25.1,0,2.4,27.5,1.4
2019.5.23,28.8,28.2,26.6,28.5,0,1.7,27.36,0
2019.5.24,33.2,30.7,31,30.6,0,1.7,26.13,1.4
2019.5.25,27.6,30.3,25.7,26.7,0,1.6,18.83,7.9
2019.5.26,30.7,26.5,28.1,30.5,0,1.8,25.81,6
2019.5.27,19.6,94,22.9,18.2,7.1,2.4,2.33,8.6
2019.5.28,24.5,27,22.5,21.8,0,2.6,28.01,2.1
2019.5.29,26.5,28.7,24.5,26.2,0,2,28.48,0.4
2019.5.30,24.3,36.4,23.3,23.8,0,2.4,18.28,7.9
2019.5.31,23.3,37.6,22.4,26.5,0,2.8,27.46,2.3
2019.6.1,23.7,44.3,23.4,24.8,0,1.9,21.1,5.5
2019.6.2,27.5,30,25.6,27.8,0,1.7,26.48,0.6
2019.6.3,29.5,33.6,27.9,30.1,0,1.8,25.57,0.6
2019.6.4,29,35.1,27.6,29.9,0,2.2,26.21,3
2019.6.5,29.3,47.9,29.1,31.4,0,1.8,24.14,5.4
2019.6.6,25.1,58.5,26,22.4,7.5,1.2,5.33,9.1
2019.6.7,24.6,54.7,25.2,21,35.3,1.9,13.41,7.4
2019.6.8,27.3,44.8,26.9,22.8,0,1.4,21.14,5.9
2019.6.9,26.3,52.8,26.7,23.7,2.5,1.8,16.87,8.9
2019.6.10,21.9,53.1,22.4,19.7,9.5,1.6,11.01,8
2019.6.11,25.9,37.5,24.9,21.9,0,1.4,21.58,3.5
2019.6.12,26.4,50,26.5,24.4,0,1.8,25.26,1.1
2019.6.13,28.4,39.5,27.5,27.2,0,1.7,27.4,3.1
2019.6.14,28.2,36.7,27,27,0,1.8,19.46,6.1
2019.6.15,27.4,44,26.9,26,2.1,2.4,25.94,3.1
2019.6.16,27.1,42.6,26.5,24.7,0,1.6,22.45,3.9
2019.6.17,26.1,43.4,25.7,28.2,0,2.3,25.36,4.5
2019.6.18,24.5,65.7,25.9,22.5,13.8,1.5,11.26,9.5
2019.6.19,25.3,60.4,26.3,23,0.2,1.9,11.24,9.4
2019.6.20,27.5,52.3,27.8,25.9,0,1.9,20.91,8
2019.6.21,26.1,58.3,26.9,25.2,0.2,1.7,12.51,7.3
2019.6.22,30.4,30.3,28.3,28.8,0,1.5,27.01,2.1
2019.6.23,30.9,31.6,28.9,30.7,0,1.8,26.05,3
2019.6.24,30.7,34.4,29.1,32.4,0,2,27.57,1.6
2019.6.25,32.7,29,30.3,32.6,0,1.6,27.13,1.3
2019.6.26,29.1,44,28.6,29.3,0,1.3,12.11,9.5
2019.6.27,31.1,47.9,30.9,29.5,1.4,1.4,14.79,8.3
2019.6.28,28.8,54.8,29.3,29.6,0,1.7,10.92,8.5
2019.6.29,27.7,48.6,27.7,24.4,1.5,1.2,12.49,8.1
2019.6.30,28.5,51.1,28.7,28.3,0,2.3,16.32,6.9
2019.7.1,28.8,41.6,28.1,29.6,0,2.3,20.33,4.9
2019.7.2,29.5,43,28.9,30,0,2.3,21.13,4
2019.7.3,27.4,52,27.7,26.9,0,1.7,12.62,6.4
2019.7.4,32.8,31.2,30.7,32.8,0,1.9,27.41,2.4
2019.7.5,34.9,31.9,32.7,32,0,1.5,24.78,3.8
2019.7.6,35.9,25.9,32.8,37.1,0,1.7,25.87,3.4
2019.7.7,32.4,28.8,30,33.8,0,2.2,22.4,7.5
2019.7.8,31,32.8,29.2,32.9,0,2,20.54,6
2019.7.9,29.8,35.7,28.4,29.8,0,1.8,18.2,4.9
2019.7.10,27.3,42.8,26.8,26.8,8.5,2,13.4,8.4
2019.7.11,25.8,62.5,27,23.2,2.9,1.3,8.59,9.9
2019.7.12,28.5,50.9,28.7,26.1,0,2,18.43,6.8
2019.7.13,29.2,50.9,29.4,28.3,0,1.7,15,6.4
2019.7.14,31.5,41.3,30.6,29.4,0,1.6,20.36,4.5
2019.7.15,27.2,62.6,28.4,24.6,7.7,1.1,7.32,7.5
2019.7.16,28.5,61.3,29.6,25.7,6.3,1.3,13.41,7.3
2019.7.17,29.1,56.9,29.8,26.4,0.7,1.2,11.19,9
2019.7.18,31.6,46.8,31.3,26.5,0,1.2,12.78,6.4
2019.7.19,34.9,39.4,33.7,30.9,0,1.5,21.8,4.6
2019.7.20,31.8,52.4,32,28.4,1.1,2.1,10.92,9.5
2019.7.21,27,79.7,29.5,26.6,6.2,2.2,6.18,9.4
2019.7.22,31,56,31.6,26.9,0.1,2.2,13.12,7.5
2019.7.23,32.9,52.2,33.1,29.3,0,1.7,13.34,8.6
2019.7.24,27,82.5,29.7,26.5,1,1.6,3.17,9.6
2019.7.25,26.9,94.3,30.5,26.6,9.7,1.2,3.47,9.9
2019.7.26,25.9,92.8,29.3,25.4,60,1.7,2.35,9.9
2019.7.27,33.2,53.9,33.6,29.6,0.6,1.3,15.31,7.6
2019.7.28,28.2,77.7,30.6,26.4,25.6,2.2,2.87,9.8
2019.7.29,29.7,70,31.5,27.5,0.5,2.6,9.43,8
2019.7.30,30.7,67.6,32.3,27.2,1.2,3.4,8.26,8.8
2019.7.31,26.6,92.8,30.1,25.7,62.3,2.2,3.01,9.8
2019.8.1,30,72.3,32,26.7,26.9,1.7,13.55,7.8
2019.8.2,33,57.4,33.7,28.8,0,1.2,15.74,3.5
2019.8.3,35.2,53,35.5,30.5,3,1.3,21.04,3.6
2019.8.4,34.3,52.7,34.5,29.6,8.6,1.2,17.53,5.8
2019.8.5,35.8,48.3,35.5,30.5,0,1.1,20.66,2.5
2019.8.6,36.4,39.9,35.2,31.7,0,1.5,22.91,6.8
2019.8.7,30.3,65.5,31.7,27.5,8,1.2,6.91,8
2019.8.8,32.6,58.1,33.4,29.7,0,1.6,15.87,6.6
2019.8.9,34.4,54.6,34.9,30.3,0,1.3,19.37,4.9
2019.8.10,36.5,43.8,35.8,33.1,0,1.5,22.69,5.1
2019.8.11,35.6,37.6,34.1,33.2,6.7,2.5,21.52,6.8
2019.8.12,28.5,89.5,31.8,26.8,56.2,1.3,4.8,8.9
2019.8.13,35.3,47.5,35,30.7,6.4,1.5,16.91,7.4
2019.8.14,35.7,45.5,35.2,30.5,0,1.5,20.99,4
2019.8.15,28.6,62.1,29.7,27,16.2,1.3,5.51,9.1
2019.8.16,29.5,64,30.8,27.3,0.1,2.2,14.1,6.3
2019.8.17,28.4,63.9,29.7,26.9,0,2.5,13.25,5
2019.8.18,30.6,45.5,30.2,28.1,0,1.7,18.61,4.5
2019.8.19,30.8,46.7,30.5,27.2,0,1.1,18.16,4.6
2019.8.20,32.6,48.3,32.4,30.2,0,1.5,21.06,2.6
2019.8.21,30.3,57.2,31,29.2,1.3,1.2,11.43,7.6
2019.8.22,31.3,45.3,30.8,31.5,0,1.7,23.16,6.3
2019.8.23,30.3,36.1,28.9,31.7,0,2.1,23.84,4.4
2019.8.24,27.2,59,28.1,26.7,0,1.5,8.25,5.5
2019.8.25,29.9,48.8,29.8,30.9,0,1.5,17.85,3.4
2019.8.26,32.1,38.9,30.9,31.5,0,1.2,18.4,6.4
2019.8.27,29.3,51.7,29.5,26.4,20,1,13.22,8.1
2019.8.30,27,47.4,26.9,24.1,0.2,2.4,17.84,5.3
2019.8.31,28.9,41.6,28.2,25,0,1.9,21.07,2.3
2019.9.1,27.5,51.1,27.7,23.8,0,1.4,15.17,6.1
2019.9.2,29.6,40.5,28.7,24.8,0,1.6,16.85,6.1
2019.9.3,27.8,58.2,28.6,26.3,0,2.3,11.6,8.5
2019.9.4,25.5,82.5,28.2,23.5,22.7,2.5,5.68,9.3
2019.9.5,27.5,70,29.3,23.7,36.4,2,6.07,9
2019.9.6,29.1,66.8,30.6,25.5,2.4,2.1,9.29,10
2019.9.7,29.5,59,30.4,24.1,2.8,6,2.95,10
2019.9.8,27.2,68,28.8,25.1,0,1.9,9.31,9.3
2019.9.9,28,64.2,29.3,25.2,0,1.7,10.04,9.3
2019.9.10,26.5,79.6,29,24.4,63.2,2.4,5.74,9.8
2019.9.11,28.6,56.8,29.3,24.9,7.6,3.1,16.56,7.9
2019.9.12,22.9,63.7,24.1,21.9,3.9,2.6,4.09,9.8
2019.9.13,29,40.8,28.2,24.4,0.1,1.7,21.35,4.3
2019.9.14,23,93.4,26.4,22.9,0.3,1.2,3.34,8.8
2019.9.15,29.9,47.3,29.7,25.2,0,1.7,18.19,5.5
2019.9.16,30.4,36.5,29,27.4,0,2.1,19.91,3.6
2019.9.17,28.8,33.3,27.2,25.4,0,2.1,20.01,6.4
2019.9.18,24.7,45.4,24.5,25.4,0,3.1,21.9,1.1
2019.9.19,25.9,41.7,25.3,23.3,0,1.9,19.83,3.5
2019.9.20,24.2,41.8,23.7,21.5,0,2.1,8.64,9.4
2019.9.21,22,55.3,22.7,20.8,0,2,4.44,9.6
2019.9.22,18.9,72.5,20.8,18.5,0.4,3.8,3.2,9.4
2019.9.23,24.2,42.7,23.8,20.2,0,2.2,16.92,3.1
2019.9.24,26.5,39.7,25.7,23,0,1.8,20.17,0
2019.9.25,27.4,41,26.6,23.4,0,1.4,16.44,5.9
2019.9.26,28.4,43.1,27.8,25.1,0,1.9,15.5,8.4
2019.9.27,26.9,47,26.7,24.4,0,1.9,10.42,8.6
2019.9.28,28.8,47.1,28.6,25.8,0,1.7,15.97,3.8
2019.9.29,28.5,34.3,27,24.7,0,1.7,18.83,0.3
2019.9.30,29.7,32.4,27.9,24.3,0,1.6,18.37,0
2019.12.1,6.2,83.5,8.7,5.2,3.3,1.6,1.89,9.3
2019.12.2,2.3,79.8,4.6,2,0,3.1,10.42,2.4
2019.12.3,3.3,83.7,5.8,1.4,0.6,1.6,5.01,6.3
2019.12.4,7.2,30.1,7.2,2.5,0,1.8,10.18,1
2019.12.5,-0.3,52.6,1.1,-0.4,0,3.2,11.34,0
2019.12.6,-1,24.8,-0.1,-2.9,0,1.7,11.24,0.6
2019.12.7,0.4,69.9,2.3,-1.3,0.1,1.7,2.86,6.6
2019.12.8,4.9,33.4,5.3,-1,0,1.4,10.65,1.1
2019.12.9,8,63.9,9.5,0.7,0,2.5,3.46,7.9
2019.12.10,9.9,72.3,11.8,5.9,1.7,1.2,5.03,8.9
2019.12.11,9.8,85.7,12.4,5.8,0.2,3.4,5.75,5.9
2019.12.12,3.4,25.5,3.7,0.6,0,1.8,10.73,0
2019.12.13,5.8,60.3,7.2,1.1,1,2,6.07,6.8
2019.12.14,4.9,86.1,7.5,3.1,0,2.3,10.07,3
2019.12.15,9.9,39.2,10.1,3.1,0,2,8.91,2.9
2019.12.16,10,46.4,10.6,4.6,0,1.9,7.71,6.1
2019.12.17,9.9,96.7,13.1,6.9,9.8,2.3,1.17,8.6
2019.12.18,5.2,50.3,6.2,2.4,0,2.5,9.83,3.5
2019.12.19,3.1,32.4,3.6,0.5,0,2.4,9.96,1.8
2019.12.20,1.9,23.7,2.4,0.3,0,2.3,10.45,1.4
2019.12.21,1,88,3.7,-1.4,0.6,1.7,3.35,5.5
2019.12.22,8.4,49.2,9.2,2.2,0.3,1.7,7.2,7.8
2019.12.23,5.1,77,7.3,3.4,2.9,2,5.1,6.1
2019.12.24,6.4,47.1,7.2,1.4,0,1.4,9.43,0.8
2019.12.25,6.4,37.2,6.8,1.5,0,1,6.64,5.9
2019.12.26,3.4,77.2,5.6,2.4,0.3,2.4,3.72,5.4
2019.12.27,2.6,23.7,3,-0.9,0,2.1,10.36,0
2019.12.28,5.9,36,6.3,-0.7,0,2,8.09,3.5
2019.12.29,6.2,37.1,6.6,1.7,1.4,2.9,3.28,9
2019.12.30,6.8,71.7,8.7,3.3,0.4,2.9,2.24,7.5
2020.1.1,-0.7,70,1.3,-0.9,0.1,0.6,4.53,8.9
2020.1.2,3.8,58.2,5.2,0.1,0,1.2,3.47,7.9
2020.1.3,4.5,29.6,4.8,-0.4,0,1.7,10.1,0
2020.1.4,5.9,39.1,6.4,0,0,1.9,9.29,2.1
2020.1.5,6.2,31,6.4,-0.5,0,1.1,9.1,3.9
2020.1.6,4.2,94.5,7.2,1,1.8,3.1,2.03,9.8
2020.1.7,7.6,95.6,10.7,5.1,46.3,4,0.75,10
2020.1.8,8.9,96.7,12.1,4,11.6,3.3,1.84,9.6
2020.1.9,2,48.9,3.2,1.3,0,2.3,9.14,1.6
2020.1.10,4.2,42.1,4.9,0.2,0,1.5,9.39,3.1
2020.1.11,3.8,41.9,4.6,0.1,0,1.9,10.13,3.6
2020.1.12,2.8,42.4,3.7,0.4,0,2.4,10.33,3.6
2020.1.13,0.2,33,1.1,-1.3,0,2.3,11.15,1.4
2020.1.14,2.6,28.8,3.1,-1.6,0,1.6,10.06,1
2020.1.15,2.2,27.5,2.7,-2,0,1.9,11.6,0.1
2020.1.16,3.2,24,3.5,-1.6,0,1.6,10.75,5
2020.1.17,4.9,28.4,5.1,-0.8,0,1.5,9.85,4.8
2020.1.18,5.8,25.4,5.8,-0.6,0,1.8,11.38,2.1
2020.1.19,4.7,64.1,6.3,0.5,0.6,2.2,6.08,4.8
2020.1.20,4.8,51.9,5.9,-0.1,0,2.5,10.24,2.3
2020.1.21,5.5,21.9,5.4,-0.8,0,1.4,11.55,2.9
2020.1.22,7.7,26.8,7.5,1.3,0,1.7,6.8,7.8
2020.1.23,9.8,32.8,9.7,2.2,0,2,10.73,3.4
2020.1.24,7.3,46.2,8,1.9,0,1.7,10.53,3
2020.1.25,8.8,51.5,9.7,2.4,0,1.5,7.86,7.4
2020.1.26,10,38.7,10.2,3.5,0,2.7,11.21,5.8
2020.1.27,7.5,36.8,7.8,3.6,0.1,4.6,2.76,9.5
2020.1.28,9.8,38.1,10,4.6,0,2.6,3.98,7.3
2020.1.29,9.6,39.3,9.8,3.7,0,2.1,7.3,6.6
2020.1.30,10,34.1,9.9,3,0,1.8,9.24,4
2020.2.1,7.6,45.8,8.3,2.3,0,1.7,7.17,3.4
2020.2.2,5.3,29.9,5.5,1.9,0,1.8,8.39,6.1
2020.2.3,2.9,24.9,3.3,2.3,0,3.1,13.56,1.5
2020.2.4,3.9,42.3,4.7,0.3,1.7,2.8,10.01,3.9
2020.2.5,-4.9,29.2,-3.4,-2.5,0,3.3,14.82,0
2020.2.6,0.4,22.5,1.1,-2.7,0,1.9,13.97,0.9
2020.2.7,2.2,35.6,2.9,-0.4,0,2,10.14,8.9
2020.2.8,3.7,29.1,4.1,1.4,0,3,13.89,2.5
2020.2.9,4,36,4.6,0.5,0,2,14.33,2.8
2020.2.10,9.6,26.8,9.2,3.4,0,1.7,14.22,1.1
2020.2.11,10,28.1,9.6,0.6,0,1.6,10.91,2.3
2020.2.12,8.2,94.3,11.2,5.8,6.7,2.2,2.86,9.9
2020.2.13,7.8,96.2,10.9,6.6,0,1.7,6.43,9.1
2020.2.14,10,62.5,11.4,6.9,0,1.2,13.13,2.1
2020.2.15,10,62,11.3,6.6,2,2.7,8.77,5.8
2020.2.16,7.7,93.4,10.7,2.2,13.4,4,4.14,8.9
2020.2.17,-3.9,82.7,-1.4,0.3,1,3.4,7.08,6.5
2020.2.18,1.2,29.8,1.9,-0.1,0,2.3,16.78,0
2020.2.19,6.3,46.5,7.1,1.8,0,1.5,12.13,6
2020.2.20,9.9,42.7,10.3,4,0,1.7,13.71,2.5
2020.2.21,10,58.2,11.2,4.4,4.2,2.2,6.5,9.3
2020.2.22,7,93.1,10,4.2,3.1,4,9.06,5.9
2020.2.23,8,31.7,8,3.6,0,2,17.37,0.9
2020.2.24,10,45.6,10.5,6.1,0,1.6,13.21,7
2020.2.25,9.4,59.9,10.7,6,16.6,4.2,4.11,7.5
2020.2.26,10,46.5,10.6,5.4,0,2.1,10.45,5.3
2020.2.27,10,43.6,10.4,6,0,2,16.77,2.6
2020.2.28,4.7,94,7.7,4.7,3.9,1.4,2.41,9.8
2020.3.1,10,60.3,11.3,5.5,0.2,2,5.4,8.1
2020.3.2,7.5,34.9,7.7,5,0,2.7,17.08,1.6
2020.3.3,10,45.9,10.5,3.7,0,2.6,10.62,6.5
2020.3.4,4.2,70.3,6.1,4,0,3.7,10.41,5.1
2020.3.5,6.3,31.3,6.5,3.8,0,2.5,19.25,0
2020.3.6,10,19.2,9.1,4.5,0,1.6,16.82,2.5
2020.3.7,10,31.3,9.8,7,0,2,13,5.4
2020.3.8,9.9,38.6,10.1,8.6,0,1.6,18.27,0.3
2020.3.9,9.7,40.3,10,9.7,0,1.8,14.19,6.5
2020.3.10,10,53.6,10.9,6.5,11.8,2.8,2.72,7.5
2020.3.11,8.3,28.2,8.1,4.8,0,3.3,20.72,0
2020.3.12,10,29.3,9.6,5.5,0,2.5,14.32,4
2020.3.13,7.6,77.1,9.8,7.7,0.5,3.3,17.82,6.6
2020.3.14,8.6,37.4,8.8,5.6,0,3,18.6,2.1
2020.3.15,8.5,22.6,8,6.2,0,3.6,17.29,3.1
2020.3.16,9.1,18.5,8.3,6.1,0,2.8,21.18,1
2020.3.17,10,56,11.1,7.5,0,2.1,6.89,4.8
2020.3.18,10,48.7,10.7,9.8,0,1.8,20.66,0
2020.3.19,10,72.5,11.9,9.9,0,4.8,15.51,3.4
2020.3.20,10,48.4,10.7,9.9,0,3.1,20.58,0.4
2020.3.21,9.9,58.1,11.1,13.9,0,2,14.83,6.9
2020.3.22,10,90.4,12.9,13.6,0,3,22.54,0.1
2020.3.23,10,46.2,10.6,12.6,0,1.9,20.72,0
2020.3.24,10,33.4,9.9,13.2,0,1.8,21.06,0
2020.3.25,9.9,33.7,9.8,13.9,0,1.9,19.29,4
2020.3.26,9.7,47.6,10.3,13.5,1.8,1.9,11.97,6.9
2020.3.27,10,29.9,9.7,14.4,2,3.3,17.04,5.1
2020.3.28,10,15.8,8.8,10.8,0,3.2,19.87,5.1
2020.3.29,10,32.9,9.8,11.8,0,2,23.12,1.5
2020.3.30,10,33.1,9.9,13.3,0,1.8,22.73,0.9
2020.5.1,26.1,55.2,26.7,25.7,0,2.7,18.96,6.6
2020.5.2,23.5,70.4,25.3,22.7,0,2.3,9.43,9
2020.5.3,27.3,49,27.3,26.7,0,2,19.41,7
2020.5.4,25.1,53.8,25.6,28.9,0,2.7,25.42,3.4
2020.5.5,19.3,64.7,20.7,17.1,0,1.9,9.41,5.4
2020.5.6,27.3,25.5,24.9,26.5,0,2.1,28.51,1.8
2020.5.7,26.5,21.4,23.6,25.7,0,2.5,23.93,6.8
2020.5.8,27.2,14.2,23.1,27.3,2.3,2.4,23.26,7.4
2020.5.9,16.7,96.3,20.1,15.1,24.4,3.6,3,10
2020.5.10,16.5,83.5,19.1,15.7,1.3,2.5,6.77,9
2020.5.11,20.8,45.5,20.8,20.2,3.4,3,22.98,8.1
2020.5.12,18.9,61.1,20,17.6,0.7,2.9,13.6,3.3
2020.5.13,21.2,35.2,20.3,20.5,0,2.8,29.7,0.6
2020.5.14,25.2,23.5,22.7,21.8,0,2,20.64,8.3
2020.5.15,19.2,50.6,19.6,15.9,12,3,3.43,10
2020.5.16,20.3,76.9,22.5,18.3,2.5,1.6,7.6,9.5
2020.5.17,24.8,60.5,25.8,21.2,0,1.7,15.26,7.1
2020.5.18,26.7,52.5,27,21.6,29.8,2.4,14.07,8.5
2020.5.19,16.1,78.9,18.4,16.1,19,3.2,15.29,7.6
2020.5.20,20.1,48.5,20.3,17.3,0,1.9,20.91,6
2020.5.21,22.9,44,22.6,20.5,0,2.1,24.35,4.8
2020.5.22,22.5,59.4,23.5,20,0,1.9,13.07,8.6
2020.5.23,24.9,48,24.9,23.3,0,2.2,23.24,7.4
2020.5.24,20.2,75.5,22.3,19,14.5,2.9,10.59,8.4
2020.5.25,21.3,68.4,22.9,20.3,0,2.1,16.88,8.1
2020.5.26,22.4,58.6,23.3,19.2,1.5,2.1,18.49,7.8
2020.5.27,23.5,51,23.8,21.4,0,2.6,30.06,1.5
2020.5.28,23.4,45.9,23.3,20.5,0,1.9,22.83,3.9
2020.5.29,27.5,40.2,26.7,24.3,0,2,28.09,1.3
2020.5.30,30,31.6,28.1,27.6,0,1.9,26.5,1.1
2020.5.31,27.9,42.9,27.3,25.7,1,2.3,19.15,8.5
2020.6.1,24.4,39.9,23.7,26.6,0.4,3.4,30.35,3.8
2020.6.2,21.6,52.7,22.1,18.3,2,2.2,5.89,9.3
2020.6.3,28.2,51.1,28.4,27.1,0,2.4,24.64,5.8
2020.6.4,26.5,60.3,27.5,26.8,0.2,2.7,19.77,8.4
2020.6.5,28.7,48.5,28.6,29.8,0,1.8,23.36,5.5
2020.6.6,30.4,44.1,29.9,31.4,0,2,23.38,2.3
2020.6.7,29,49.4,29,30.2,0,2.3,26.04,3.3
2020.6.8,32,43,31.3,32.7,0,2.1,26.13,3
2020.6.9,32.6,40.7,31.6,34.1,0,2.3,28.36,3
2020.6.10,31.9,45.6,31.5,32.8,6.2,2,18.85,9
2020.6.11,31.6,45.7,31.2,30.1,0,2.2,26.03,5.8
2020.6.12,27.5,56.2,28.2,25.8,0,1.7,11.51,8.1
2020.6.13,33.2,38.9,32,34.6,0,1.9,28.11,5.5
2020.6.14,28.7,52.6,29,29.6,1.1,2.9,22.52,4.4
2020.6.15,27.1,52.9,27.5,31.1,0,2.8,26.53,6
2020.6.16,30.5,43.1,29.9,32.2,0,2.2,24.74,6
2020.6.17,30.3,45.2,29.9,31.1,0,2,21.25,7.4
2020.6.18,27.2,48.8,27.2,26.7,0,1.6,11,9
2020.6.19,29.9,48,29.8,29.6,0.1,2.1,19.6,6.3
2020.6.20,29.7,50.1,29.8,31.9,0,2.1,24.75,0.9
2020.6.21,32.6,39.6,31.5,34.1,0,2,27.82,0.1
2020.6.22,35.3,30.7,32.9,36.3,0,2,28.95,1.6
2020.6.23,31,44.1,30.4,32.1,0,1.9,16.97,7.5
2020.6.24,26.1,66.7,27.6,22.7,37.6,2.7,2.91,10
2020.6.25,22.6,91.1,25.8,23,13.3,2.2,6.11,10
2020.6.26,25.6,67.8,27.2,22.9,2.1,3.2,13.03,8.3
2020.6.27,29.5,55.1,30,25.2,0,2,22.18,6.1
2020.6.28,30,52.3,30.3,28.6,0,2.4,28.6,1.9
2020.6.29,26.5,67.4,28.1,23.9,11.9,2.4,8.4,8.6
2020.6.30,23,70.8,24.8,20.8,64.7,4,6.2,10
2020.7.1,24.2,69,25.9,21.3,0,1.9,9.47,7.6
2020.7.2,29.8,54.1,30.2,24.5,0,1.9,19.15,6.6
2020.7.3,29.6,56.5,30.3,28.6,0.1,2.6,27.47,6.8
2020.7.4,29.4,43.8,28.9,28.2,1.6,2.1,26.88,7.6
2020.7.5,27.6,54.4,28.1,26.7,0,1.9,20.85,5.3
2020.7.6,30.9,50.9,31,28.5,0,2.1,19.28,7.4
2020.7.7,28,62.4,29.2,28.3,0,2.5,15.15,6.3
2020.7.8,30.3,57,31,30.5,0,2,25.81,2.9
2020.7.9,32.9,42.5,32.1,31.9,0,1.7,23.1,4.8
2020.7.10,27.2,67.2,28.7,25.2,2.2,2.8,12.3,6.6
2020.7.11,30.2,52.2,30.5,29.7,0,2.6,21.82,7.3
2020.7.12,26,64.1,27.3,25.3,2.9,2.4,7.67,9.1
2020.7.13,21.7,88.7,24.7,20.1,47.6,4,4.58,10
2020.7.14,24.1,68.2,25.7,22.6,11.5,2.8,12.46,9.9
2020.7.15,28.6,46,28.3,26.4,0,2,26.6,5.1
2020.7.16,29.6,60.1,30.6,27.4,0,1.8,25.76,4.1
2020.7.17,31.6,54.1,32,28.3,0,1.9,22.28,4.5
2020.7.18,31,55.7,31.6,27.9,0,1.6,15.49,5.4
2020.7.19,26.5,79.3,29,22.9,29.1,2.7,4.92,9.9
2020.7.20,26.6,83.5,29.4,23.8,3.6,3.7,5.15,9.6
2020.7.21,30.3,56.1,30.9,25.6,0,1.6,17.83,6.3
2020.7.22,25.6,84,28.4,24,11.5,1.6,4.5,9.8
2020.7.23,22.5,94.1,25.9,21.8,103.1,3.6,2.72,10
2020.7.24,26.7,64.6,28,21.2,2.9,4.6,10.46,9.3
2020.7.25,28.9,57.8,29.7,23.9,0,3.1,15.59,7.8
2020.7.26,29.4,60.5,30.4,25.6,0,2,18.14,7.4
2020.7.27,25.3,88.5,28.4,25.2,2.2,2.2,7.72,10
2020.7.28,26.4,76,28.6,25,0.4,2,8.38,9.9
2020.7.29,24.9,95.6,28.5,23.9,50.1,2,3.18,10
2020.7.30,28.2,75.7,30.4,26.9,0.1,2.1,15.34,8.3
2020.7.31,29.6,72.2,31.6,27.2,1.5,2,14.5,6.9
2020.8.1,26.8,88.6,30,25.7,39.1,1.7,5.31,9.8
2020.8.2,26.3,95.8,29.9,25.2,31.4,2.3,2.55,10
2020.8.3,26.3,89.4,29.5,25.1,102.6,3,3.09,10
2020.8.4,29.2,80.1,31.8,26.9,3.9,3.5,8.06,9.6
2020.8.5,29.1,84.1,32,26.7,18.5,1.9,5.02,9.8
2020.8.6,25.4,96.5,29.1,24.8,75.7,3.3,6.74,8
2020.8.7,26.1,82,28.8,24.8,0,1.8,6.7,9
2020.8.8,26,85.3,28.9,24.9,19.1,2.3,6.96,9.1
2020.8.9,25.8,90.6,29.1,24.3,50.3,2.6,1.43,9.8
2020.8.10,29.5,81,32.2,26.4,44.6,2,7.77,9.9
2020.8.11,27.3,82.1,30,25.2,97,2.2,7.44,9.5
2020.8.12,31.3,70.6,33.2,28.3,0,1.9,13.62,8.3
2020.8.13,30.3,74.9,32.5,27.4,0,2.5,7.96,8.5
2020.8.14,27.9,85.8,30.9,26.3,0.4,3.5,4.14,9.3
2020.8.15,27,95.1,30.6,25.9,69,1.9,3.25,9.3
2020.8.16,30.6,72.6,32.6,27.9,0,3,14.3,8.3
2020.8.17,32.2,63.4,33.5,29,0,2.3,18.44,4.4
2020.8.18,31.9,63.6,33.2,29.1,0,1.6,19.81,2.8
2020.8.19,31.4,63.9,32.7,28.6,0,2,22.54,2.3
2020.8.20,31.6,62.8,32.8,27.6,0,1.7,15.16,6.4
2020.8.21,29.2,77.1,31.5,27.6,2.5,1.6,8.74,8.8
2020.8.22,27.6,79,30.1,25.2,42.6,2.1,7.56,9
2020.8.23,29.9,61.8,31,27.2,0,1.9,18.72,6
2020.8.24,31.9,61,33,28.6,0,2.2,20.25,5.9
2020.8.25,34.3,53.5,34.6,30.5,0,2.1,21.21,5.9
2020.8.26,34.2,57.8,35,29.3,0.6,3.4,19.68,6.4
2020.8.27,28.6,78.9,31.1,27.2,8.7,3.6,5.5,9.9
2020.8.28,29.5,81.1,32.2,28.1,13.6,1.6,10.18,8.9
2020.8.29,28.9,81.3,31.6,28.7,13.6,1.3,8.7,8.4
2020.8.30,30.6,77.3,33,28.1,42.5,2.1,12.89,7.9
2020.8.31,30,70,31.8,27.2,0,2.8,12.25,8.8
2020.9.1,29.5,65.7,31,27,0,1.9,11.35,8.8
2020.9.2,26.4,80.1,28.9,25.3,33.3,2.3,3.34,9.6
2020.9.3,25.6,65.2,27,24,29.8,4.8,13.51,7.4
2020.9.4,26.7,53.1,27.1,23.7,0,2.7,21.21,1.6
2020.9.5,27.2,59.3,28.1,23.4,0,2,14.49,8
2020.9.6,24.4,66.4,25.9,22.7,6.4,2.7,7.13,9.4
2020.9.7,20.2,98.8,23.8,20.1,61,4.2,3.37,10
2020.9.8,26.4,60,27.4,23.1,0,4.2,21.87,5.4
2020.9.9,25.1,73,27.1,22.2,1.3,2.1,12.29,7.6
2020.9.10,27,59.1,27.9,24.4,3.9,2,19.17,6.3
2020.9.11,26.9,57.3,27.6,22.7,1.2,2.8,12.87,7.6
2020.9.12,23.2,79,25.6,21.5,5.7,2,7.34,9.5
2020.9.13,26.6,53.1,27,24.1,0,1.9,20.53,2.8
2020.9.14,24.9,64.1,26.2,22.8,0,1.8,13.86,4.6
2020.9.15,27.1,62.6,28.3,23.9,0,1.6,16.56,7.5
2020.9.16,24.8,74.2,26.8,22.2,0.3,1.9,6.21,9.4
2020.9.17,21.2,87.5,24.1,21.5,0,2.1,9.35,8.4
2020.9.18,24.5,58.4,25.3,22.4,0,2.8,21.24,3.1
2020.9.19,24.6,48.7,24.7,21.8,0.3,2.2,21.25,1.5
2020.9.20,24.7,43.2,24.3,21.2,0,2,22.19,0
2020.9.21,25.2,37.7,24.3,20.6,0,1.7,19.54,4.5
2020.9.22,25.4,41.8,24.8,21.8,0,2.8,21.71,3.1
2020.9.23,23.7,53.2,24.2,20.8,0,3.3,16.99,7.6
2020.9.24,25.4,50.2,25.6,22,0,3.7,18.54,6.6
2020.9.25,25.4,50.1,25.6,21.5,0,2.5,13.39,4.9
2020.9.26,24.7,48.1,24.7,20.4,0,2.4,15.92,4
2020.9.27,25.8,47.8,25.7,21.4,0,2,18.7,1.1
2020.9.28,26.2,47.8,26.1,22,0,2,19.29,1.1
2020.9.29,23.8,52.2,24.2,20.7,0,1.9,14.84,6.8
2020.9.30,25.6,51.7,25.9,21.1,38.3,1.7,14,7.1
2020.12.1,6.6,30.3,6.7,0.3,0,1.9,10.69,4.4
2020.12.2,6.1,27.3,6.1,2.2,0,1.8,6.38,6.6
2020.12.3,4.2,38.1,4.8,1.2,0,2.7,11.52,1
2020.12.4,4.4,32.1,4.8,-0.3,0,1.8,11.62,0.9
2020.12.5,6.6,52.3,7.6,0.5,0,1.7,8.18,5.6
2020.12.6,9,50.2,9.8,2.1,0,1.8,8.37,4.3
2020.12.7,5.2,73.5,7.2,3.1,0,2.6,8.93,3.8
2020.12.8,4.1,30.6,4.4,0.1,0,2,11.4,0.4
2020.12.9,6.2,41.4,6.8,-0.3,0,1.5,8.48,4.5
2020.12.10,9.3,65.6,10.8,3.9,0,1.7,4.74,7.8
2020.12.11,9.4,58.8,10.6,3.3,0,1.8,5.85,6.5
2020.12.12,4.4,79.4,6.7,1.8,0,2.1,10.22,1.8
2020.12.13,1.2,93.3,4.1,0.5,2.9,2.9,1.9,5.4
2020.12.14,-5,32.9,-3.5,-1.9,0,3.4,11.44,0
2020.12.15,-4.7,31,-3.2,-3.7,0,2.8,11.61,0
2020.12.16,-3.9,30.6,-2.5,-4.3,0,2.6,11.44,0
2020.12.17,0.8,26.4,1.5,-3.7,0,1.7,11.15,2.3
2020.12.18,1.8,43,2.8,-1.3,0.2,3,8.45,4.1
2020.12.19,-1.2,33.8,-0.2,-3.5,0,2.4,11.27,1.4
2020.12.20,1.1,32.4,1.8,-3.3,0,2,11,0
2020.12.21,4.7,47.4,5.6,-2.4,0,1.6,9.99,0.9
2020.12.22,7.2,43.5,7.8,-0.4,0,2,7.83,4.8
2020.12.23,8.4,65.4,10,0.4,0,2.3,4.6,7.8
2020.12.24,6,89.7,8.8,0.7,0,2.9,9.82,1.3
2020.12.25,3.5,35.3,4.1,-1.4,0,2.1,10.88,0.1
2020.12.26,7.9,53.1,8.9,-0.6,0,1.8,8.99,3
2020.12.27,10,50.7,10.8,1.4,0,1.8,8.12,7.5
2020.12.28,10,67.3,11.6,2.7,1.3,1.4,9.12,5.3
2020.12.29,4.3,73.4,6.3,-0.1,0.2,2.9,1.98,8.5
2020.12.30,-6.2,53.4,-4.4,-4.4,0,4.1,11.36,0.8
2020.12.31,-5,47.6,-3.4,-5,0,2.4,9.06,0.4
2021.1.1,1.6,52.8,2.9,-3.4,0,2,9.54,3.9
2021.1.2,-1.4,31.4,-0.4,-3.9,0,2.6,11.34,0
2021.1.3,-2,32.5,-0.9,-4.9,0,2,8.8,2.9
2021.1.4,0.3,42,1.4,-3.3,0,1.7,7.44,4.8
2021.1.5,-2.1,72.5,0,-3.2,0,2.9,10.46,2.6
2021.1.6,-1.9,27.6,-0.9,-4,2.3,2.4,11.78,3.6
2021.1.8,-10.7,36.3,-8.6,-9.3,0,3.3,12.38,0
2021.1.9,-7.5,39.4,-5.7,-8.4,0,2.6,11.59,0.8
2021.1.10,-2.8,38.7,-1.5,-6.1,0,1.3,9.84,3
2021.1.11,-4,51.6,-2.4,-5.5,0,1.9,4.47,6.9
2021.1.12,-0.7,91.3,2.1,-4.1,2.6,1.8,6.13,6.1
2021.1.13,8.3,65.7,9.9,0,0,2.4,8.27,3
2021.1.14,7,30,7,-0.2,0,2.3,10.21,0
2021.1.15,9.9,81.5,12.3,0.7,0.2,3,2.11,8.5
2021.1.16,-0.7,73.8,1.4,-1.6,0,3.3,11.86,0.8
2021.1.17,-1.3,39.3,-0.1,-3.9,0,2.3,10.83,2.3
2021.1.18,-0.4,85.8,2.2,-3.3,0.3,3.2,4.54,4.3
2021.1.19,-0.2,21,0.6,-4.8,0,1.8,12.48,0
2021.1.20,6.7,25.7,6.6,-2,0,2.2,11.92,1.9
2021.1.21,6.6,60.2,8,0.7,9.2,2.3,2.77,9.6
2021.1.22,6.6,91,9.5,1.9,0.1,1.7,2.34,9.5
2021.1.23,9.9,58.8,11.1,3.6,0,4.2,9.72,6.5
2021.1.24,9.9,56.1,11,3,0,2.1,12.4,3.4
2021.1.25,10,57.7,11.1,3.3,0,1.9,10.74,6.3
2021.1.26,6.9,86,9.5,2,1.7,1.9,1.95,8.4
2021.1.27,6.5,23.8,6.3,1.6,0,2.2,12.4,6.4
2021.1.28,0.7,93.3,3.6,-0.3,2,4,6.14,5.1
2021.1.29,-4.9,33.3,-3.4,-1.7,0,3.5,14.42,0.3
2021.1.30,5.1,47.1,6,-0.3,0.5,2.5,10.46,3.9
2021.2.1,9.5,73.9,11.5,1.6,0.7,2.7,5.8,7.6
2021.2.2,-2.4,47.8,-1,-0.6,0,3.9,14.69,1.8
2021.2.3,0.1,95.4,3.1,-1.4,3.4,2.2,11.7,5
2021.2.4,0.3,97.7,3.4,-0.3,0.1,2.5,15.33,0.1
2021.2.5,6.7,64.9,8.3,0.2,0,2.4,7.95,6
2021.2.6,9.5,74.2,11.5,2.2,0,2.2,4.77,9
2021.2.7,7.3,88.9,10.1,3.2,0,2.9,11.38,4.4
2021.2.8,0.2,30.4,1,0.2,0,3.4,15.91,0
2021.2.9,4.7,34.6,5.1,0.5,0,2,15.46,0.1
2021.2.10,7.2,65.5,8.8,0.7,0,2.1,6.15,6.3
2021.2.11,10,54,10.9,2.8,0,1.3,11.22,5.3
2021.2.12,10,53.9,10.9,4.2,0,1.7,14.72,4
2021.2.13,10,38.6,10.2,4.5,0,1.5,14.36,1.1
2021.2.14,10,50.7,10.8,5.6,0,1.7,7.21,8.1
2021.2.15,8.2,59.6,9.5,3.7,1.4,4,9.69,5.8
2021.2.16,-1.5,56.3,0.1,-1.7,1.5,3.2,7.31,4
2021.2.17,-5.2,34.7,-3.7,-2.1,0,5,17.28,1.6
2021.2.18,-0.5,35.7,0.5,-1.3,0,3.1,17.05,0
2021.2.19,8.9,58.6,10.1,0.5,0,2.9,14.8,3.3
2021.2.20,10,67.9,11.7,4,0,2.1,15.25,2.4
2021.2.21,10,69.9,11.8,5.5,0,2.8,15.34,0.8
2021.2.22,9.9,79.9,12.2,6.5,0,2.9,13.04,2.6
2021.2.23,4.3,23.4,4.4,2.9,0,2.9,17.53,3.3
2021.2.24,10,23.7,9.4,3.6,0,1.8,16.1,6.5
2021.2.25,8.2,28.8,8,1.6,0,1.4,5.22,8.1
2021.2.26,10,37.6,10.1,5.1,0,2.3,18.2,4.5
2021.2.27,10,50.6,10.8,7,0,3.4,17.96,3.5
2021.3.1,6.9,100,10.2,4.7,67.5,3.5,1.4,10
2021.3.2,6.9,52.2,7.9,5.4,0.1,1.9,12.9,5.5
2021.3.3,9.7,43.3,10.1,4.5,0,1.8,16.52,4.5
2021.3.4,10,57.2,11.1,6.2,0,1.9,9.85,6.3
2021.3.5,10,70.9,11.8,9.1,0,2.1,18.95,1.3
2021.3.6,10,64.7,11.5,7.1,0,3.3,12.71,4.9
2021.3.7,10,55.1,11,7.9,0,2.8,18.17,3.5
2021.3.8,9.9,53.2,10.8,8.1,0,1.8,19.12,0
2021.3.9,9.9,43,10.3,6.9,0,2.2,15.57,4.3
2021.3.10,10,59.1,11.2,9,0,1.8,19.1,0.4
2021.3.11,10,61.2,11.3,9.8,0,1.8,16.6,6.4
2021.3.12,10,64.6,11.5,8.7,0,2.2,7.41,7
2021.3.13,10,61.5,11.3,9.9,0,2.2,14.87,5
2021.3.14,10,73.5,11.9,10.9,0,2.2,17.99,3.5
2021.3.15,10,68.8,11.7,10.3,1.7,2.4,12.75,8.9
2021.3.16,10,95.2,13.1,11.8,1.3,3.2,21.13,1.9
2021.3.17,10,46.5,10.6,10.4,0,1.8,20.79,0.3
2021.3.18,10,56.3,11.1,11.6,0,1.8,16.63,5
2021.3.20,9.5,87.7,12.2,9.8,5.1,2.2,2,9.8
2021.3.21,7.4,89.7,10.2,7.6,0.3,4,10.42,6.8
2021.3.22,10,38,10.1,9,0,3.2,22.58,0.4
2021.3.23,10,63.3,11.4,10.6,0,2.5,20.89,0.3
2021.3.24,9.8,70.6,11.6,11.7,0,2.4,19.53,4.3
2021.3.25,10,77.5,12.2,13.5,0,2.2,20.86,2.4
2021.3.26,10,79,12.2,13.4,0,1.4,16.98,5.5
2021.3.28,10,95.9,13.1,10.2,9.2,3.3,2.35,10
2021.3.29,9,99.3,12.3,11.4,0.2,3.3,18.24,5.5
2021.3.30,10,48.5,10.7,12.6,0,2.2,24.53,0.6
2021.5.1,15.2,52.9,15.9,12.4,8,2.7,11.89,9.4
2021.5.2,18.7,49.8,19.1,16.8,1.7,3.1,27.71,2.6
2021.5.3,20.2,33.1,19.2,17.3,0,2.1,27.7,3.8
2021.5.4,15.8,98.9,19.3,13.5,19.6,2.1,3.68,9.6
2021.5.5,18,48.4,18.3,17.6,0.1,3.5,28.34,2.6
2021.5.6,23,40,22.4,16.8,0,2.4,23.81,4.8
2021.5.7,16.4,72,18.3,15.5,8.8,3.4,17.12,3.1
2021.5.8,21,41,20.6,16.9,0,3.4,23.01,1.1
2021.5.9,21.7,28.4,20.1,18.2,0,3.5,30.44,0.3
2021.5.10,14.6,69.2,16.3,13.5,0,1.8,4.69,8.6
2021.5.11,25.5,32,24,18.7,0,2.7,27.17,6
2021.5.12,27.6,33.3,26,21.7,0,2.2,26.51,4.5
2021.5.13,29.5,39.3,28.5,24.6,0,1.9,27.3,0
2021.5.14,30.7,39.3,29.6,25.2,0,1.7,24.38,7.1
2021.5.15,26.2,60,27.2,22.9,15,1.7,9.42,9.8
2021.5.16,20.8,98.6,24.4,19.6,66.9,2.5,3.05,10
2021.5.17,16.7,90.5,19.7,17.4,3.1,1.6,5.21,9
2021.5.18,24.3,57.2,25.1,20.2,0,1.7,24.12,4.4
2021.5.19,26,41.6,25.4,22.3,0,1.8,29.93,2.6
2021.5.20,22.9,52.4,23.3,17.9,0.9,2.5,6.8,9.9
2021.5.21,17.5,88.2,20.4,17.4,6.9,1.7,7.35,9.5
2021.5.22,23.7,57.9,24.5,21.8,0.2,2.5,28.69,1.5
2021.5.23,25.1,50.6,25.3,21,0,1.7,19.28,6.9
2021.5.24,24.4,47.2,24.4,22.8,0,2.7,26.9,3.3
2021.5.25,19.3,60.8,20.4,17.9,8.3,3.2,19.29,5.3
2021.5.26,22.9,38.8,22.2,18.8,0,2.9,17.95,7.6
2021.5.27,18.7,81.6,21.2,16.4,8.9,2.8,5.08,6.5
2021.5.28,19.6,73.8,21.6,17.4,12.3,2.6,11.26,8.6
2021.5.29,19.1,67.2,20.6,18.1,0.3,2.2,10.45,5.1
2021.5.30,26.2,43.5,25.8,21.9,18.1,2.1,29.45,3.9
2021.5.31,23.8,65.2,25.2,21.1,4,1.8,12.52,7.4
2021.6.1,23.9,62.5,25.1,21.1,3.2,2.2,13.01,8.1
2021.6.2,29.5,42.2,28.8,25,0,2.1,26.82,3.4
2021.6.3,21.9,76.2,24.1,20.4,18.1,1.8,5.11,9.6
2021.6.4,23.2,47.2,23.2,22.7,0,2.9,29.01,2.6
2021.6.5,24.9,61.1,26,22.2,0,3.3,23.11,3
2021.6.6,28.2,51,28.4,25,0,2.2,23.46,3.8
2021.6.7,24,60.2,25,21.1,0,1.7,7.02,7.8
2021.6.8,29.3,52.1,29.6,25.4,0.1,1.7,21.25,5.4
2021.6.9,31.6,41.2,30.7,26.5,0,1.6,24.78,3.4
2021.6.10,29.8,46.8,29.6,25.5,6.1,2.2,14.13,8.5
2021.6.11,24.4,73.4,26.3,23.8,4.6,2.8,10.08,6.4
2021.6.12,30.1,56.7,30.7,27.3,0,1.8,26.92,5
2021.6.13,29.7,55.5,30.3,27.9,0,2,26.48,3.5
2021.6.14,30.2,56,30.8,27.8,0,2.1,22.29,6.8
2021.6.15,25.3,69.7,27,23.3,1.9,2.3,7.61,7
2021.6.16,28.9,48.9,28.9,27.3,0,3.6,27.3,2.5
2021.6.17,24.9,61,26,23.4,0,2.4,9.59,9.4
2021.6.18,21.1,88.8,24.1,21.6,6.3,2.5,4.5,9.8
2021.6.19,27.3,58.7,28.2,26.1,0,1.8,26.47,4.1
2021.6.20,29,51.4,29.2,26.9,0,2.8,25.87,3.1
2021.6.21,28.4,49.8,28.5,28.1,0,2.2,25.72,3.3
2021.6.22,28.5,47.1,28.3,25.8,0,2.1,20.23,6.8
2021.6.23,27.7,52.3,28,26.9,7.5,2.4,19.49,4.4
2021.6.24,27.9,57.8,28.7,25.2,0,1.9,17.8,3
2021.6.25,29.4,51.2,29.6,28,0,2,24.74,4
2021.6.26,26.7,66,28.1,25,4.5,1.8,14.24,7.3
2021.6.27,30.8,48.5,30.7,27.8,38.2,2,22.48,5.4
2021.6.28,29.2,60.9,30.2,25,0.1,1.9,13.52,8.1
2021.6.29,28.3,60,29.3,26.4,8,1.8,14.1,6.5
2021.6.30,28.7,60.2,29.7,26.3,6,1.3,16.22,6.1
2021.7.1,30.6,56.7,31.3,27.4,0,1.8,20.59,2.3
2021.7.2,31.6,53,31.9,27.2,0,2.3,22.19,5.8
2021.7.3,25.7,66.4,27.2,23.5,60,3.6,7.51,8.5
2021.7.4,23.1,98.2,26.8,22.2,21.4,2.3,2.69,9.9
2021.7.5,26.7,69.7,28.4,24.6,0,1.4,12.59,8.9
2021.7.6,30,57.5,30.7,26.8,0,1.6,19.15,7
2021.7.7,29.1,69.1,30.8,26.6,12.7,1.5,11.81,9.4
2021.7.8,29.7,69.8,31.5,27,2.9,2,14.1,7.1
2021.7.9,29.2,64.9,30.6,27,0,1.9,14.49,6.5
2021.7.10,29.1,66.7,30.6,26.9,0.5,2.4,17.4,7.4
2021.7.11,27.5,83.5,30.3,26.3,0.4,2.2,7.53,7.8
2021.7.12,32.3,63.6,33.6,29,0,1.6,19.1,6.6
2021.7.13,31.4,66.1,32.9,28.5,0,1.7,11.59,6.8
2021.7.14,33.4,60.5,34.4,30.6,0,2.2,22.48,7
2021.7.15,34.5,55.5,35,31.8,0,2.1,22.77,5.1
2021.7.16,35.1,51.3,35.2,32.5,0,2.2,26.76,3.5
2021.7.17,32.8,53.6,33.2,32.4,0,2.3,22.58,4.8
2021.7.18,34,49.4,33.9,33.1,0,2.1,23.37,5.6
2021.7.19,30.5,62.7,31.7,28,67.4,1.9,10.07,6.9
2021.7.20,31.8,62.1,33,28.9,0,1.5,14.62,7.6
2021.7.21,35.1,49,35,30.5,0,1.7,24.1,3.5
2021.7.22,35.7,41.5,34.7,31.4,0,2,27.69,4
2021.7.23,35.4,49.2,35.3,32.2,0,1.8,26.91,2.3
2021.7.24,36.5,41.6,35.5,32.6,0,1.7,27.78,3
2021.7.25,35.8,44.3,35.1,34.2,0,2,27.63,4.9
2021.7.26,35.3,46.2,34.9,35.3,0,2.4,29.3,1.6
2021.7.27,35.7,47.5,35.4,33.3,0,2.1,17.22,3.9
2021.7.28,34.4,56.9,35.1,33.5,0,1.9,16.37,3.8
2021.7.29,33.3,60.7,34.3,31.3,0,2,14.86,6.8
2021.7.30,35.3,46.1,34.9,33.5,0,2.1,21.86,6.5
2021.7.31,34,57.8,34.7,31.6,3,2.5,21.19,6.9
2021.8.1,28.8,81.7,31.5,28.3,21,1.3,6.56,9.8
2021.8.2,28.6,71.1,30.5,27.8,1.7,1.6,8.42,9
2021.8.3,31.4,66.1,32.9,29,0,1.8,13.25,6.1
2021.8.4,33,58.2,33.8,29.9,0,2,19.55,5.9
2021.8.5,33.7,54.8,34.2,30.7,0,2.1,20.51,4.6
2021.8.6,32.2,61.3,33.3,33.8,0,2.1,18.13,7.4
2021.8.7,32.3,50.8,32.4,35.3,0,2.1,23.48,3.3
2021.8.8,32,60.1,33,28.9,12.7,1.7,11.91,8.1
2021.8.9,33.6,45.2,33.1,31.7,0,2.3,24.73,5.6
2021.8.10,32.1,50.9,32.2,31.1,0,2.3,20.07,4.5
2021.8.11,31.5,57.8,32.3,31.5,0,2,16.55,5.8
2021.8.12,31.7,57,32.4,29.6,0,1.8,14.8,5.9
2021.8.13,30.1,60.6,31.1,28.8,0,2,12.03,8
2021.8.14,30.4,52.7,30.7,29.6,0,3,15.6,6.5
2021.8.15,32.2,45.6,31.8,30.6,0,2.3,23.31,1.8
2021.8.16,32.6,43.8,31.9,33.6,0,2.3,23.19,3.8
2021.8.17,31.2,49.4,31.1,30.6,9.3,2.4,17.49,5.5
2021.8.18,31,48.6,30.9,25.1,5.6,2.8,17.87,5.3
2021.8.19,31.4,44.8,30.9,29.1,0,2.6,20.95,4
2021.8.20,30.6,52.6,30.9,28.9,0,2.3,17.21,6.9
2021.8.21,25.4,83.1,28.1,25.7,62.8,2.7,6.31,8.8
2021.8.22,26.8,69.6,28.5,24.7,0,2.1,8.64,8.6
2021.8.23,23.9,87.3,26.9,22.9,7.4,2,3.81,9.5
2021.8.24,26.4,93,29.8,24,10.5,2.9,4.58,10
2021.8.25,27.3,76.2,29.5,26.7,0.3,1.8,8.96,8.4
2021.8.26,27.7,81.9,30.4,25.9,0.7,2.5,8.07,8.1
2021.8.27,25.5,87.3,28.5,23.1,0.9,1.3,3.01,9.1
2021.8.28,28.2,60.7,29.2,25.1,0,1.8,15.44,8.4
2021.8.29,26.3,70.2,28.1,24.3,0.9,1.6,9.6,8.6
2021.8.30,27.7,63.2,28.9,25.3,0,1.4,12.46,8.3
2021.8.31,23,89.7,26.1,21.2,77.4,2.3,2.39,9.9
2021.9.1,23.9,74.7,26,22.4,0.8,2.9,7.24,9.3
2021.9.2,26.5,61.5,27.6,24.4,0,2.1,13.24,8.3
2021.9.3,29.2,43,28.6,26.7,0,2.4,24.64,1.9
2021.9.4,28.6,48.7,28.6,25.7,0,2.7,20.58,4.4
2021.9.5,27.2,55.3,27.7,23.8,0,3.2,15.83,5.8
2021.9.6,26.4,52.9,26.8,23.2,12,3.2,12.02,8.9
2021.9.7,20.9,98.9,24.6,20.4,29.6,2.3,1.8,10
2021.9.8,26.7,63.5,28,23.7,1.6,1.7,18.18,4.5
2021.9.9,29.1,52.2,29.4,25.5,0,1.5,18.9,6.5
2021.9.10,28.9,52.7,29.2,25.6,0,1.9,16.96,3.9
2021.9.11,29.4,52.2,29.7,25.8,0,1.7,19.54,2
2021.9.12,29.2,53.2,29.6,26.4,0,1.8,22.15,1.9
2021.9.13,30.2,54.5,30.7,26.9,0,2.4,17.61,6.9
2021.9.14,29.4,46.5,29.1,27.8,0,2.6,21.88,2.4
2021.9.15,28.8,46.9,28.6,27,0,3.6,22.62,0.6
2021.9.16,27.2,49.8,27.3,26.6,0,2.6,20.18,5.1
2021.9.17,28.1,50.2,28.2,27.6,0,3,18.05,3.8
2021.9.18,29.8,47.2,29.6,29.4,0,1.6,19.77,2.3
2021.9.19,27.3,62.5,28.5,26.8,0,1.9,13.97,6.3
2021.9.20,28.3,50.6,28.4,29,0,2.7,19.86,5.9
2021.9.21,26.2,64.2,27.5,23.9,68.1,2.9,11.84,8
2021.9.22,24,67.1,25.5,22,4.5,2.7,14.89,4.1
2021.9.23,25.9,50.5,26.1,22.7,0,2.4,18.01,3.4
2021.9.24,26.7,52.2,27,23.1,0,2.2,18.34,1.5
2021.9.25,23.1,69.3,24.8,21.1,0,2.3,7.2,8.6
2021.9.26,27.3,51.9,27.6,23.9,0,2.3,18.13,6.8
2021.9.27,25,56.4,25.7,21.6,0,2.4,11.36,8.3
2021.9.28,24.3,63,25.5,22.5,1.3,2.2,9.29,9.8
2021.9.29,21.3,98.3,24.9,21.1,13.1,1.7,2.85,7.6
2021.9.30,25.9,65.3,27.3,22.2,0,1.5,17.2,2
2021.12.1,1.5,42.8,2.5,1.2,0,4.2,12.23,0.6
2021.12.2,5,78.5,7.2,0.4,0.1,2.1,6.48,4.5
2021.12.3,4.5,86.7,7.1,2.3,0.4,2.9,11.85,1.4
2021.12.4,6.9,43.1,7.5,1.5,0,2,10.46,1
2021.12.5,9.6,34.8,9.6,1.8,0,1.4,11.07,0
2021.12.6,10,50.1,10.7,2.5,0,1.6,9.37,4.1
2021.12.7,10,56,11.1,3.6,0,1.2,9.35,0
2021.12.8,10,52.9,10.9,3.7,0,1.5,10.53,1.6
2021.12.9,9.7,58.8,10.9,3.8,0,2.2,4.98,6.9
2021.12.10,8.2,84.9,10.8,5.2,0.7,2.1,1.35,8.1
2021.12.11,9.7,68.9,11.4,5.4,0,1.4,7.34,8.1
2021.12.12,5.1,81.2,7.4,2.8,0,3.2,9.67,2.5
2021.12.13,1.9,29.3,2.5,-0.2,0,2.3,11.43,2.1
2021.12.14,8.2,48.8,9,2.3,1.2,2,6.1,9
2021.12.15,10,79.6,12.3,5.4,2.1,1.7,4.11,7.3
2021.12.16,9.8,48.1,10.5,5.4,0,1.8,7.6,7.1
2021.12.17,3.2,64.9,4.9,-0.9,0,4.6,10.96,1.4
2021.12.18,-2.5,95.2,0.5,-2.6,2.8,2,6.79,4.1
2021.12.19,4.2,50.6,5.3,-0.5,0.2,2,8.82,0.6
2021.12.20,10,64.9,11.5,1.4,0,2.1,8.61,4.6
2021.12.21,7.8,94.1,10.8,2.9,0,2,7.93,1.4
2021.12.22,8.2,33.1,8.2,0.8,0,1.7,10.21,0
2021.12.23,8.2,39.3,8.5,1,0,1.4,8.85,2.8
2021.12.24,3.2,71.7,5.2,0.3,0.2,2.6,2.08,6.1
2021.12.25,-7.3,51.1,-5.5,-4.4,0,3.9,11.64,0
2021.12.26,-7.3,31,-5.5,-5.8,0,3.1,11.55,0
2021.12.27,-3.9,69.2,-1.9,-4.7,0,1.7,6.09,3.1
2021.12.28,-0.9,62.3,0.8,-3.3,0,2.2,4.32,4.1
2021.12.29,5.8,54.9,7,-0.7,0.2,2.6,4.64,5.1
2021.12.30,0.2,40.8,1.3,-2.7,0,3.3,9.14,2
2022.1.1,2.3,37,3.1,-3.7,0,1.5,10.39,1.4
2022.1.2,2.1,69.5,4,-0.9,0.3,2.3,8.52,4.1
2022.1.3,2.4,48.3,3.5,-2.3,0,1.8,9.35,4.9
2022.1.4,0.8,80.9,3.2,-1.8,0,2.4,11.3,0
2022.1.5,1.9,35.6,2.7,-2.8,0,1.7,6.12,7.3
2022.1.6,3.3,31.6,3.8,-2.3,0,2.3,11.22,0
2022.1.7,4.5,23.4,4.6,-2.3,0,1.5,11.12,0
2022.1.8,3.7,77.8,5.9,-2.1,0,1.7,3.68,5.9
2022.1.9,5.4,54.4,6.6,0.5,0,1.7,7.16,3.1
2022.1.10,4.3,56.8,5.6,-0.9,0.9,2,7.25,7
2022.1.11,0.3,91,3.1,-2.3,0.2,4,11.91,0.4
2022.1.12,-3.4,36.3,-2.1,-4.1,0,2.4,11.93,2.8
2022.1.13,-3.1,33.4,-1.9,-3.6,0,3.3,11.9,2.3
2022.1.14,1.3,25.7,1.9,-3.5,0,1.7,12.1,2.6
2022.1.15,1.8,43.2,2.8,-1.9,0,1.9,3.76,8.5
2022.1.16,2.4,78.1,4.6,-0.3,0,3.3,11.98,1.6
2022.1.17,0.1,42.5,1.2,-4.2,0.5,2.2,8.07,2.5
2022.1.18,-0.7,28.8,0.2,-2.8,0,2.3,12.4,0.3
2022.1.19,-2.9,85.1,-0.3,-3.4,1.7,2.1,2.13,5.1
2022.1.20,0.9,45.6,2,-2.5,0,1.8,12.29,0
2022.1.21,4.6,31.4,5,-1.9,0,1.8,12.79,0
2022.1.22,7,37.5,7.4,-0.3,0,1.7,9.7,5.9
2022.1.23,6.7,45.2,7.4,0.4,0,1.7,7.67,4.8
2022.1.24,8.4,44.7,9,0.8,0,3.5,8.71,4.9
2022.1.25,3.9,89.3,6.7,0.9,0.7,2.3,1.7,9.4
2022.1.26,6.7,42.7,7.3,1.3,0,2.2,11.54,2.4
2022.1.27,4,32.5,4.5,0.3,0,2.1,11.72,2.1
2022.1.28,2.1,34.7,2.8,-0.9,0,2.8,13.65,2
2022.1.29,0.9,28.9,1.6,-1.5,0,2.4,14.07,0.8
2022.1.30,2.4,27.8,2.9,-1.4,0,2.2,14.1,0.6
2022.2.1,0.5,91.8,3.3,-0.4,1.7,2.6,9.04,6.6
2022.2.2,-0.1,40.9,1,-0.6,0,2.4,14.68,3.5
2022.2.3,0.4,35,1.3,-0.8,0,2.4,14.87,1.5
2022.2.4,-0.7,38,0.4,-2.6,0,3.1,12.94,1.9
2022.2.5,-2,39.4,-0.8,-3.1,0,3.1,14.31,0.9
2022.2.6,1.6,35.6,2.4,-1.5,0,2.5,14.83,1
2022.2.7,1.9,35,2.7,-1.6,0,1.8,10.41,6.1
2022.2.8,5.5,28.1,5.6,1.3,0,1.9,14.49,1.5
2022.2.9,7.2,29.4,7.2,0.9,0,1.8,12.8,5.5
2022.2.10,6.7,39.5,7.2,2.1,0,2.3,14.93,1.6
2022.2.11,8.8,36.2,8.9,3.3,0,1.8,13.28,2.6
2022.2.12,10,26.1,9.5,5.1,0,1.7,15.11,3.5
2022.2.13,9.4,36.3,9.5,2.2,0,1.8,9.29,5.3
2022.2.14,7.9,50.7,8.8,1.4,1.7,2.9,7.04,6.6
2022.2.15,-1.3,65.5,0.5,-1.5,0,3.8,9.99,5.6
2022.2.16,-4.1,36.2,-2.7,-2.3,0,3.7,16.28,0.9
2022.2.17,-0.5,29.1,0.4,-0.1,0,2.5,17.2,0
2022.2.18,5.7,23,5.6,1.6,0,2,15.91,3.9
2022.2.19,3.5,46.1,4.5,0.1,0.1,2.9,9.25,6.5
2022.2.20,-0.6,25.9,0.3,0.3,0,4.1,18.09,0.1
2022.2.21,3,58.9,4.5,-0.1,0.1,2.9,11.41,2.5
2022.2.22,0.5,36,1.4,0.5,0,3.2,15.64,1
2022.2.23,-0.6,25.7,0.3,0.3,0,2.6,18.78,0
2022.2.24,3.6,38.4,4.3,1.9,0,2.2,18.42,0
2022.2.25,8.4,60,9.7,3.6,0,2.3,12.36,3.8
2022.2.26,9.3,64.1,10.8,3.7,1.1,3.9,5.58,8
2022.2.27,9.1,43.5,9.6,3.9,0,2.8,18.62,0
2022.3.1,9.2,68.9,10.9,5.7,2.3,2.3,6.49,6.1
2022.3.2,8.3,45.1,8.9,4,0,2.7,19.53,1
2022.3.3,9.9,29.8,9.6,5.5,0,2.1,19.16,0
2022.3.4,10,72.3,11.9,3.7,0,3.6,10.65,5.1
2022.3.5,5.3,77,7.5,4.4,0,4.3,20.26,0.1
2022.3.6,6.8,20.6,6.5,5,0,2.6,21,1.3
2022.3.7,8.7,30.4,8.5,3.9,0,2,14.99,6.1
2022.3.8,10,54.8,10.9,6.8,0,2,16.44,4.9
2022.3.9,10,60.4,11.3,9,0,1.9,18.85,2.3
2022.3.10,10,51.3,10.8,9.3,0,2.1,16.75,6.6
2022.3.11,9.9,55.9,11,11.4,0,1.9,14.49,5.3
2022.3.12,10,70,11.8,12.1,2.6,2.7,12.82,5.8
2022.3.14,10,93.3,13,7.7,8.7,3.2,2.18,6.4
2022.3.15,10,65.8,11.6,9.8,0,2,17.55,3.8
2022.3.16,10,63.3,11.4,10.8,0,2.1,17.67,3.8
2022.3.17,10,70.1,11.8,9.7,1.2,2.7,9.49,10
2022.3.18,9.6,56.6,10.7,7.2,0,4.4,5.17,9.1
2022.3.19,6,80.4,8.3,4.6,14.6,3,4.93,8.9
2022.3.20,8.9,51.3,9.8,8.2,0,2.6,15.76,5.1
2022.3.21,10,33.1,9.9,6.2,0,2.4,16.69,7.5
2022.3.22,10,47.2,10.6,9.5,0,2.2,21.71,2.5
2022.3.23,8.1,48.6,8.9,7,0,2.3,7.05,9
2022.3.24,10,71.5,11.8,8.5,0,1.8,6.34,8.4
2022.3.25,10,70.5,11.8,10.3,10.9,2.6,9.06,7.9
2022.3.26,10,96.3,13.2,12,19.8,2.9,6.39,8.3
2022.3.27,10,60.3,11.3,10.8,0,3,22.23,0.3
2022.3.28,10,35.3,10,10.5,0,2.1,24.71,0.5
2022.3.29,10,64.7,11.5,11.6,0,2.1,23.32,1.4
2022.3.30,10,70,11.8,9.7,0.4,1.8,7.64,7
2022.5.1,19.2,28.9,17.9,19.1,0,3.1,27.41,1.3
2022.5.2,19.4,29.5,18.1,20.3,0,2.4,26.03,2
2022.5.3,20.5,30,19.2,21.5,0,2.5,28.07,1
2022.5.4,25.2,35,24,23.3,0,2.7,27.22,0
2022.5.5,25.7,36.5,24.6,26.5,0,2.2,29.35,0.5
2022.5.6,25.5,45.9,25.3,25.6,0,2.5,25.6,5.3
2022.5.7,23.1,28,21.3,23.2,0.5,3,22.57,8.6
2022.5.8,18.2,36.4,17.6,16.2,2,2.8,6.2,9.1
2022.5.9,25.2,33.3,23.8,23.6,0,2.2,29.25,3.1
2022.5.10,26.3,19.9,23.2,26.7,0,2.2,27.82,7.3
2022.5.11,25.1,38.8,24.3,28.2,0,2.4,25.73,6.9
2022.5.12,27.9,35.5,26.6,28.5,0,1.9,27.45,3.9
2022.5.13,25,37.2,24,24.2,0,2.2,19.95,5.9
2022.5.14,20,37.2,19.3,22,0,3.3,22.58,4.4
2022.5.15,22.3,30,20.8,24.7,0,3.2,30.01,2
2022.5.16,23.7,37.5,22.8,25.5,0,2.8,28.89,0.5
2022.5.17,27.4,39.4,26.5,27.5,0,2.4,27.56,0.3
2022.5.18,25.4,41.6,24.8,19.6,1.5,2.9,15.71,4.3
2022.5.19,24.2,45.2,24,24.5,0,3,20.97,4.9
2022.5.20,25.6,42.5,25.1,26.6,0,2.3,25.74,5
2022.5.21,26,50.8,26.2,27.1,0,2.5,24.88,3.6
2022.5.22,25.8,53,26.2,27.6,0,2.5,24.3,3.8
2022.5.23,30.4,44.3,29.9,30.2,0,2.3,26.01,3
2022.5.24,30,34.9,28.5,30.8,0,2.1,28.86,3.4
2022.5.25,26.6,45.4,26.3,28.7,3.5,2.6,22.59,6.5
2022.5.26,22.2,49.2,22.4,24.7,0,3.7,28.88,4.5
2022.5.27,25.4,48.8,25.5,29.1,0,3.3,28.71,2.4
2022.5.28,29.3,38.9,28.3,27.2,0,2.8,27.49,2.1
2022.5.29,29.3,44.2,28.8,27,0,2.3,21.5,6
2022.5.30,24.5,62.2,25.7,23.4,0,2.5,9.8,7.9
2022.5.31,26.6,32.4,25,28.1,0,2.5,27.48,1.4
2022.6.1,28.6,25.7,26.1,29.4,0,2.6,30.79,0.6
2022.6.2,26.8,50.7,27,30.6,0,2.7,27.13,3.9
2022.6.3,32.1,41.5,30.7,33.7,0,2,27.2,4.1
2022.6.4,29.7,45.6,28.8,30.4,0,1.7,18.22,7
2022.6.5,27,44.3,26.1,23.8,0,2.3,8.16,9.1
2022.6.6,24.5,49.7,24.1,23.4,4.3,3.2,21.01,6.9
2022.6.7,25.1,41.4,24,24.8,0,2.7,17.34,6.4
2022.6.8,25.8,49.3,25.4,28.5,0,2.3,16.97,6.4
2022.6.9,24.5,59.1,24.9,22.4,2.6,1.6,10.66,5.5
2022.6.10,26.6,53.2,26.5,22.3,1.2,1.9,15.38,5.6
2022.6.11,32.7,36.1,30.7,27.8,0,2.2,26.54,3.4
2022.6.12,31.4,38,29.7,32.4,0,2.5,24.52,5.8
2022.6.13,29.1,53.7,29,25,18,2.6,20.66,7.5
2022.6.14,27.1,43.2,26.1,23.1,0,4.2,18.58,7.8
2022.6.15,20.1,87.5,22.5,18.7,18.5,2.3,5.62,9.8
2022.6.16,24.7,56.1,24.9,21.1,0.7,2.3,13,5.6
2022.6.17,28,59.1,28.4,23.5,0,1.9,17.86,5.8
2022.6.18,25.1,75.6,26.7,23.1,0,1.7,6.07,7.6
2022.6.19,25,76.3,26.7,23.3,0,1.4,5.06,8.6
2022.6.20,29,61.1,29.6,26.4,0,1.3,12.59,6
2022.6.21,32.6,53.6,32.4,32.3,0,2,28.94,3.1
2022.6.22,30.4,58.1,30.7,31.5,0,2.1,22.39,6.1
2022.6.23,26.1,86.4,28.6,23.3,103,2.8,3.41,8.9
2022.6.24,23.5,100,26.8,23.6,19.1,3.5,8.5,8.4
2022.6.25,30.4,71.8,31.9,26.7,0,2.8,17.55,7.5
2022.6.26,28,80.3,30.1,24.8,0,2.6,3,10
2022.6.27,28,81,30.1,26.1,6.1,2.8,4.75,10
2022.6.28,27.9,76.2,29.7,25.1,6.3,5.8,3.33,10
2022.6.29,26.1,93.6,29.1,25.3,37.8,4.1,2.94,10
2022.6.30,24.5,100,27.8,22.6,176.2,2.3,2.42,10
2022.7.1,30.7,67.2,31.8,29,0,2.1,21.53,5.6
2022.7.2,33.7,54.7,33.7,30.8,0,1.7,25.83,4.1
2022.7.3,34.1,51.4,33.7,31.6,0,1.7,26.25,4.6
2022.7.4,32.6,60.5,33.1,30.8,0,1.8,14.9,6.9
2022.7.5,32.3,70.3,33.7,31.4,0,1.7,15.99,7.5
2022.7.6,33.3,63.4,34.1,31.9,16.1,2.1,14.49,7.3
2022.7.7,31,74.3,32.7,28.2,0,2.8,8.29,9.3
2022.7.8,27,88.2,29.6,26,1.7,2.9,6.94,9.5
2022.7.9,30.8,68.8,32,27.9,0.1,1.7,13.64,7
2022.7.10,35,50.8,34.6,32,0,1.7,23.08,5.6
2022.7.11,30.2,67.4,31.3,29,9,1.8,13.85,6.3
2022.7.12,29.4,69.6,30.7,27.2,0,2.2,11.82,8.1
2022.7.13,27.1,78,29,24.6,114.5,1.8,1.25,10
2022.7.14,29.9,66.5,30.9,27.6,0.9,2.3,17.21,8.1
2022.7.15,29.8,67.4,30.9,29.1,0,2.3,24.49,5.3
2022.7.16,28.1,71.3,29.5,26.1,34,2,10.77,8.3
2022.7.17,29.5,67.1,30.6,28,0,1.8,16.82,7.3
2022.7.18,29.9,68.7,31.1,28.2,0,2.2,21.01,5.4
2022.7.19,31.1,60.3,31.6,30.7,0,2.3,23.44,6.3
2022.7.20,30.2,62.6,30.9,30.4,1.1,2.2,17.68,9
2022.7.21,25.1,81,27.2,25,10.4,2.9,6.6,8.9
2022.7.22,27.4,79.5,29.4,26.1,5.2,1.9,13.54,7.5
2022.7.23,27.9,71.5,29.3,26.6,9.9,2,9.09,9.4
2022.7.24,28.3,77.6,30.1,25.6,1.2,2.1,8.82,9.5
2022.7.25,31.8,59.8,32.2,29.7,0,1.9,25.49,3.8
2022.7.26,32.7,60.2,33.2,30.3,0,1.8,22.31,5
2022.7.27,33.4,55.5,33.4,31,0,2,19.72,5.3
2022.7.28,34.1,55.1,34.1,33.3,0,2.4,25.2,3.5
2022.7.29,34,59.8,34.5,32.9,0,2.2,20.28,5
2022.7.30,35.8,53.9,35.7,32.4,1,2.6,23.53,4.5
2022.7.31,28.3,85.4,30.8,27.6,47.2,2.5,4.93,9.8
2022.8.1,32.2,73.1,33.8,28.9,30,2.4,15.09,8.9
2022.8.2,28.4,81.4,30.6,27.2,33.5,2.8,4.37,9.9
2022.8.3,29.9,80.6,32,27.4,51.1,2.8,8.74,9.3
2022.8.4,32.8,66.8,33.9,31.6,0,2.5,22.24,4.4
2022.8.5,32.7,65.3,33.6,32.6,0,2.6,19.58,5.9
2022.8.6,29.9,87.1,32.5,29.7,13.6,1.7,7.48,7.5
2022.8.7,31.6,75.6,33.4,28.6,0.9,2.4,9.26,8.4
2022.8.9,26.5,95.3,29.6,26,123.1,2.6,2.42,10
2022.8.10,28.8,69.9,30.1,27.3,7.6,1.6,16.23,9.1
2022.8.11,27.5,79.3,29.5,27.6,38.8,1.6,8.81,9
2022.8.12,32.1,52.5,31.9,28.7,0,1.7,24.86,4.5
2022.8.13,27.5,83.7,29.8,25.8,4,1.3,5.06,8.9
2022.8.14,31.4,72.5,32.9,28.1,3,1.9,13.95,7.8
2022.8.15,29.8,76,31.6,27.3,0.9,4.8,6.28,9.5
2022.8.16,30,63.8,30.8,29,0,2.6,23.34,4.8
2022.8.17,30.5,66.4,31.5,26.6,0,2,17.1,4
2022.8.18,29.6,62.1,30.2,26.6,0,1.9,12.57,6.4
2022.8.19,27.1,96.2,30.3,25.9,66.1,2.3,5.56,9.6
2022.8.20,31.7,68.2,32.9,30.3,0,2.4,23.65,4.8
2022.8.21,31.9,64.6,32.8,28,0,1.7,16.37,5.9
2022.8.22,30.2,67,31.2,27,3.2,2.3,11.71,8.4
2022.8.23,30,61.7,30.6,27.6,2.2,2,20.42,5.4
2022.8.24,27.9,62.2,28.6,24.4,0,2.5,12.34,6.8
2022.8.25,23.8,84.4,26.1,22.1,1.6,1.8,4.5,8.3
2022.8.26,28.4,59,28.8,25.8,0,2.4,19.91,4.5
2022.8.27,23.1,86.3,25.4,24.4,17.6,2.8,27.09,1.3
2022.8.28,28.1,43.9,27.1,24.3,0,1.7,24.53,5.1
2022.8.29,22.2,78.3,24,22.1,2.2,2.3,5.97,9.9
2022.8.30,19.7,98.3,22.8,20.3,35.8,2.6,3.06,10
2022.8.31,24.8,74.8,26.4,22.2,0,1.8,10.32,7.5
2022.9.1,30.4,51.2,30.1,26.7,0,1.7,25.02,1
2022.9.2,29.8,50.3,29.4,26.9,0,3.1,24.51,2.4
2022.9.3,29.2,56.8,29.4,26.6,0,3.4,16.39,6.6
2022.9.4,24,98.9,27.3,22.4,33.8,3.1,3.54,9.6
2022.9.5,22.7,96.4,25.8,19.8,120,3.2,1.61,10
2022.9.6,25.4,60.9,25.9,21.2,25.3,3.6,20.76,3.9
2022.9.7,28.1,41.6,26.9,25.3,0,1.9,24.4,0.1
2022.9.8,29.3,46.4,28.5,25.9,0,1.6,23.96,2.1
2022.9.9,30.7,41.5,29.4,27,0,2,23.91,4.1
2022.9.10,28.4,43.6,27.4,24.1,0,2.6,18.76,7.9
2022.9.11,26.4,57.7,26.7,24.8,0.1,2.1,10.27,8.9
2022.9.12,27.5,64,28.3,25.2,0,1.6,13.15,8.1
2022.9.13,26.3,69.3,27.5,24,0,2.5,7.38,9.6
2022.9.14,27.8,55.2,27.9,24.4,0,4.6,10.09,8.8
2022.9.15,28.3,60.5,28.8,25.3,0.1,3.6,12.29,8.4
2022.9.16,29.9,66.3,30.9,25.9,14.6,2.9,10.4,9
2022.9.17,29.4,69.6,30.7,26.3,4.3,1.4,11.31,7.8
2022.9.18,32.5,57.8,32.8,27.8,0,2,15.9,6.5
2022.9.19,29.2,57.6,29.4,26.2,0,3.3,18.62,5.4
2022.9.20,24.5,41.1,23.4,23.8,0,2.3,18.93,2.1
2022.9.21,25.3,43.3,24.4,23.1,0,1.8,22.18,0.5
2022.9.22,24.6,49.3,24.2,23.1,0,2,17.9,4
2022.9.23,22.2,64.3,23,19.9,3.3,3.1,16.53,3
2022.9.24,24,43.8,23.2,21.5,0,1.8,21.67,3.4
2022.9.25,25.1,42.8,24.1,22.3,0,1.6,17.94,6.4
2022.9.26,25.4,38.7,24,22.5,0,1.7,18.48,6.5
2022.9.27,27.7,39.2,26.2,23.5,0,1.6,21.17,0.5
2022.9.28,26.1,50.1,25.8,21.6,0,1.8,12.51,4.6
2022.9.29,26,47.7,25.4,21.9,0,1.4,17.37,2.5
2022.9.30,27.1,45.1,26.3,22.4,0,1.6,19.27,0.3