xQcOW,6196161750,215250,222720,27716,3246298,1734810,93036735,TRUE,English
summit1g,6091677300,211845,310998,25610,5310163,1370184,89705964,TRUE,English
ESL_CSGO,3970318140,517740,300575,7714,3944850,703986,106546942,TRUE,English
Tfue,3671000070,123660,285644,29602,8938903,2068424,78998587,TRUE,English
Asmongold,3668799075,82260,263720,42414,1563438,554201,61715781,TRUE,English
NICKMERCS,3360675195,136275,115633,24181,4074287,1089824,46084211,TRUE,English
Fextralife,3301867485,147885,68795,18985,508816,425468,670137548,TRUE,English
loltyler1,2928356940,122490,89387,22381,3530767,951730,51349926,TRUE,English
Anomaly,2865429915,92880,125408,12377,2607076,1532689,36350662,TRUE,English
LIRIK,2832930285,128490,89170,21739,2666382,199077,50504526,TRUE,English
Riot Games (riotgames),2674646715,80820,639375,20960,4487489,497678,56855694,TRUE,English
Rubius,2588632635,58275,240096,42948,5751354,3820532,58599449,TRUE,Spanish
auronplay,2410022550,40575,170115,53986,3983847,3966525,41514854,TRUE,Spanish
__ (hanryang1125),2186662470,181230,26999,12201,494445,92205,34405975,TRUE,Korean
alanzoka,2055003870,103770,89153,19560,3445134,1325075,46515698,TRUE,Portuguese
CohhCarnage,2029212570,175230,43615,11343,1264808,124242,38718674,TRUE,English
Lord_Kebun,1943299035,153720,34830,12367,434200,137215,19645967,TRUE,English
LCK_Korea,1916365860,47325,140557,39848,619382,255088,76225485,TRUE,Korean
Castro_1021,1845157080,100215,125133,17779,2411995,550678,22672980,TRUE,English
DrDisrespect,1839882465,73065,97540,23794,4450718,825004,43919410,TRUE,English
TheGrefg,1757406750,54855,538444,28887,3795667,3593081,47094362,TRUE,Spanish
YoDa,1690237110,135675,123796,12868,1792625,383130,38499423,TRUE,Portuguese
Pestily,1659741015,138300,168112,8481,616168,520342,24029726,TRUE,English
__ (handongsuk),1621667925,127815,44976,12869,385250,73602,30610352,TRUE,Korean
GamesDoneQuick,1619144100,87450,234826,6734,1724316,113469,43345080,TRUE,English
Solary,1546597380,486510,24470,3187,493207,143569,48799554,TRUE,French
Gotaga,1538511315,141675,81644,10750,2401580,632118,39591707,TRUE,French
DrLupo,1517612010,172350,90696,8311,4115083,567795,47295386,TRUE,English
OgamingLoL,1483207890,496950,204491,3020,523758,115965,71583995,TRUE,French
Myth,1479214575,134760,122552,9396,6726893,1421811,37384058,TRUE,English
Evelone192,1474742220,83010,106900,16422,1075101,826433,47400543,TRUE,Russian
nl_Kripp,1470897720,155895,29316,9256,1379123,96793,20034033,TRUE,English
LEC,1470431925,45660,305119,28830,973727,551345,25924096,TRUE,English
dota2mc_ru,1464683175,66675,182869,19495,428284,156721,38774178,TRUE,Russian
Fresh,1464179820,147660,57431,9728,3135667,1875187,25341820,TRUE,English
LCS,1461310140,31125,214124,46459,1162746,526244,28313058,TRUE,English
ibai,1412913285,57795,173238,22837,1894953,1602088,44178173,TRUE,Spanish
TFBlade,1394312895,141285,35833,9117,1008040,450146,35978104,TRUE,English
LCK,1351758525,37140,171861,36030,934688,307853,28970100,TRUE,English
Yassuo,1347412425,103905,70587,10531,1878416,689957,32362117,TRUE,English
HasanAbi,1339344945,193560,44649,6543,470123,340810,14154952,TRUE,English
BeyondTheSummit,1339097490,505080,116547,2635,923689,114948,42403593,TRUE,English
Dota2RuHub,1330625430,92160,105359,13189,777510,126221,43831479,TRUE,Russian
Bugha,1324519320,100470,66311,12982,2942212,2220765,49441744,TRUE,English
RocketLeague,1322448480,33540,206681,36086,1409120,412101,57189129,TRUE,English
csgomc_ru,1308967860,77955,364816,17020,492954,447601,42952835,TRUE,Russian
Clix,1256647110,89760,81926,12996,2035180,1687923,33286370,TRUE,English
__ë´__ (saddummy),1241997345,182310,25482,6681,580794,97615,30550147,TRUE,Korean
NoWay4u_Sir,1234567245,139920,24286,8479,383892,108832,23037239,TRUE,German
RiotGamesBrazil,1228613130,38370,255542,25918,1011924,325801,33796768,TRUE,Portuguese
JLTomy,1228169940,121455,42079,10053,428073,277529,13890640,TRUE,French
SolaryFortnite,1223349555,381735,46710,3180,1478270,447191,26737542,TRUE,French
ONSCREEN,1197130335,134880,88516,4134,918654,669348,22820310,TRUE,English
AdmiralBahroo,1188645990,141210,21053,8152,778055,72454,12853095,TRUE,English
Trymacs,1184154975,107880,50957,10735,1607134,582089,21254933,TRUE,German
sneakylol,1149209820,174885,22759,6775,1659108,183911,17820367,TRUE,English
NickEh30,1148114400,117885,85073,9702,1660204,1445590,39439261,TRUE,English
fps_shaka,1131509385,215160,26572,5195,303671,128907,21331882,TRUE,Japanese
LVPes,1115650275,90960,233009,12947,587677,158934,51523747,TRUE,Spanish
Papaplatte,1105525440,125550,42230,8546,919026,552959,23472239,TRUE,German
StarLadder_cs_en,1088832810,32880,329195,29956,820675,260993,29821162,TRUE,English
DreamHackCS,1052904720,314595,212201,5001,1801697,275934,28759226,TRUE,English
Mizkif,1052047935,123120,32671,7899,591653,365303,13585178,TRUE,English
stylishnoob4,1029543660,118515,25263,8485,354579,124038,20638084,TRUE,Japanese
Maximilian_DOOD,1023316710,110040,43253,9235,833047,133195,15517436,TRUE,English
dota2ti,1017577605,6315,483530,147643,663297,121422,16228039,TRUE,English
GRONKH,1017544335,54645,100330,17860,1216020,192000,16800930,TRUE,German
SypherPK,1016450160,145230,130401,6553,3611359,1118169,26996445,TRUE,English
SilverName,1006608690,95625,29927,10618,614395,108466,27464678,TRUE,Russian
Sacriel,1002681105,163095,66781,5573,672403,136341,60194490,TRUE,English
dakotaz,978947160,132615,43397,7112,4520305,489250,18504106,TRUE,English
Stray228,972961650,93750,36971,10290,773712,197486,23738903,TRUE,Russian
pokimane,964334055,56505,112160,16026,5367605,2085831,45579002,TRUE,English
lestream,955346835,253395,47638,3652,883706,124020,25815105,TRUE,French
ybicanoooobov,938816460,114765,17036,8255,523512,101937,16237397,TRUE,Russian
Method,905107560,230940,148350,4135,401400,132108,22813009,TRUE,English
Nightblue3,899215845,118980,17738,7234,2641880,175130,19181711,TRUE,English
EsfandTV,888938940,189045,29597,4393,471970,216021,24144005,TRUE,English
shroud,888505170,30240,471281,29612,7744066,833587,30621257,TRUE,English
NOBRU,888211260,38655,132224,22070,1549722,1400039,6781403,TRUE,Portuguese
buster,884353800,59295,97838,14195,1087377,1052053,37351933,TRUE,Russian
Scarra,864157695,138360,27421,6060,1242014,333090,15626904,TRUE,English
Baiano,859718520,85860,107069,9229,425797,363343,19412227,TRUE,Portuguese
ê´´ë¬¼ì¥123 (tmxk319),857951685,116400,71933,7173,427926,367486,17151766,TRUE,Korean
WePlayEsport_RU,853324635,92970,115737,8627,346934,243137,28789066,TRUE,Russian
elded,853049385,110940,44758,7699,2601858,1108422,14789437,TRUE,Spanish
LPL,850636305,48765,146577,17573,502467,280538,31029241,TRUE,English
juansguarnizo,849083325,123780,45631,6039,1204773,946280,12708431,TRUE,Spanish
Rakin,842581305,144510,51854,5333,1258173,517248,24523589,TRUE,Portuguese
SolaryHS,827452485,460065,17513,1802,149073,35986,10445269,TRUE,French
Cellbit,817373955,103095,68813,8264,1293451,547018,18105470,TRUE,Portuguese
dota2ti_ru,812538090,6195,457060,126232,541644,108438,12068376,TRUE,Russian
uzra,812362125,208785,14181,3683,185506,29752,20715640,TRUE,Chinese
OverwatchLeague,805163370,24480,254493,33132,1796619,83198,27099682,TRUE,English
Thijs,794621265,108720,24923,7180,755116,68557,15548337,TRUE,English
Swagg,790021440,108375,74199,6309,784966,723082,7527027,TRUE,English
LVNDMARK,788421150,199350,96236,3688,248829,244295,8815201,TRUE,English
BLASTPremier,753808200,25260,113167,24689,501371,315910,21104122,TRUE,English
cloakzy,748023225,101670,40497,6743,2138294,558107,14533643,TRUE,English
Elraenn,726379485,51150,65543,13224,1223076,672978,20881140,TRUE,Turkish
Elajjaz,726000045,145755,13080,4922,346566,37883,12800182,TRUE,English
CDNThe3rd,722562675,134280,55752,4919,2009972,167704,15136396,TRUE,English
POW3Rtv,721548885,177885,69009,3836,1080764,495072,23271722,TRUE,Italian
IzakOOO,717096330,129165,43050,4463,1461767,286467,23586902,TRUE,Polish
°í_ (ddahyoni),711864630,152445,17253,4534,322895,46946,15586820,TRUE,Korean
WePlayEsport_EN,704823000,107745,87751,6127,175061,137229,17857171,TRUE,English
ElmiilloR,686456910,126105,45726,5163,426716,189847,20714971,TRUE,Spanish
Squeezie,667977780,29775,158972,19260,2149306,875678,21128175,TRUE,French
allkeyshop_tv,663185955,487005,6075,1361,67472,26937,55639770,TRUE,English
Domingo,662502810,65610,102022,11423,829700,276400,23040428,TRUE,French
PlayHearthstone,661075170,41175,43877,13154,825727,39065,28719610,TRUE,English
ESL_DOTA2,661049190,212010,99858,4714,337177,91323,14784068,TRUE,English
Kitboga,656365305,80760,20913,7394,772055,331906,8392545,TRUE,English
DansGaming,653181210,187530,33646,3270,817365,29415,13757678,TRUE,English
°ì_êµ (woowakgood),650364705,158850,14177,4100,591500,207575,18626351,TRUE,Korean
bratishkinoff,646333065,60795,56790,10626,1128907,389268,25254350,TRUE,Russian
Yogscast,644580630,443130,54885,1384,961860,127684,20999649,TRUE,English
°ë__ (lol_ambition),639445965,113415,57254,5332,362297,108498,17248420,TRUE,Korean
jukes,628079220,76605,24263,8165,1327059,353576,19915875,TRUE,Portuguese
Shlorox,625142130,115650,13945,5216,331632,77979,13181386,TRUE,German
coscu,622424175,77160,80444,8919,1865296,1061265,19438119,TRUE,Spanish
dogdog,622199835,103335,24727,5856,594239,50345,12089717,TRUE,English
chocoTaco,620395515,160830,30514,3846,1134153,250201,17922897,TRUE,English
Locklear,619247415,108450,50103,5512,824676,469017,17854413,TRUE,French
é¤__ªç_ (blusewilly_retry),618755280,100515,17585,5941,374480,42764,18366224,TRUE,Chinese
Amouranth,618067800,235170,13495,2560,1707804,532750,48015117,TRUE,English
UberHaxorNova,615472275,181950,7808,3247,421256,65267,7518457,TRUE,English
Sfory,612617325,73590,75219,3197,457502,450299,12391816,TRUE,Russian
Giantwaffle,612594165,165525,36340,3429,878934,15334,10831070,TRUE,English
ZanoXVII,610609920,95730,30648,6073,514866,322929,6034891,TRUE,Italian
ì¹¨ì°©ë§ (zilioner),601906185,97545,43164,5843,465887,121506,18265409,TRUE,Korean
SkipNhOLIVE,600910875,498765,7940,1196,324765,271487,6544645,TRUE,Portuguese
Kamet0,600882645,130620,70983,4560,565661,221911,14071951,TRUE,French
MYM_ALKAPONE,599850495,97830,26221,5948,770535,153803,7831334,TRUE,Spanish
ê¹ì§__ (jinu6734),597275955,121545,12810,4710,274875,90213,9977487,TRUE,Korean
imaqtpie,596368095,167190,26087,3478,2652018,50312,13182700,TRUE,English
x2Twins,595707975,125745,31874,4167,1288969,1035561,15264996,TRUE,English
C_a_k_e,588662010,129660,17317,4403,302633,45957,18161823,TRUE,Russian
SmiteGame,586925850,344055,33245,1588,535211,73678,8305604,TRUE,English
benjyfishy,580787955,34350,75491,14423,1739112,1455278,20411553,TRUE,English
StarLadder5,580541850,41715,189859,13089,1029203,104382,21525216,TRUE,Russian
H2P_Gucio,575998575,157995,10011,3581,220488,78264,13401489,TRUE,Polish
Xayoo_,575138175,91260,23935,6091,572789,215098,12984472,TRUE,Polish
Jinnytty,569601090,151815,15190,3607,372334,213291,15165872,TRUE,English
Jahrein,566176425,61890,43683,8929,1422862,247212,18410268,TRUE,Turkish
Mathil1,561997440,134715,25866,3953,293595,66982,13159849,TRUE,English
Brunenger,559915035,183225,64308,2844,659652,649562,12736000,TRUE,Spanish
BobRoss,558170835,238035,11659,2175,1519266,216326,7491995,TRUE,English
¹ë_ë¡ (nokduro),555637890,140670,15858,4040,165823,95603,9518923,TRUE,Korean
GMHikaru,554249955,68355,46106,7155,505361,425023,20086431,TRUE,English
SkipNhO,553663800,131580,23408,3875,1076499,281967,13901197,TRUE,Portuguese
jovirone,553283745,96450,29272,5632,1089830,300545,17980307,TRUE,Portuguese
Chap,550951215,157545,22571,3430,1272899,273926,13683195,TRUE,English
RebirthzTV,548041425,118920,14578,4629,276694,76546,8434367,TRUE,Thai
Klean,545108145,169605,101124,2801,276242,154466,7844435,TRUE,English
¥æ_ (godjj),544706325,126705,12461,4378,331744,19325,20264128,TRUE,Chinese
Gladd,543954570,171195,54477,2779,337972,157424,9290817,TRUE,English
CSRuHub,540556545,110880,106003,5044,511431,121099,23271913,TRUE,Russian
CriticalRole,539495145,21300,110800,17689,571210,237069,7827030,TRUE,English
¸í_ (lol_woolf),532969650,50910,73800,9633,308528,141297,9294132,TRUE,Korean
Mithrain,530456265,105540,40183,4990,1258713,371005,24222810,TRUE,Turkish
EWROON,526660590,101235,21341,5172,514693,232079,13289271,TRUE,Polish
ludwig,525883695,94575,60346,5368,542580,505089,8508355,TRUE,English
RduLIVE,525737445,127380,11854,3953,234884,62490,7653194,TRUE,English
Hiko,523057245,79665,41644,5268,1001350,479830,11106951,TRUE,English
FENGRUSH,521568750,100605,16128,4985,95643,23288,44675247,TRUE,English
Chess,521511525,96315,83666,5767,326118,181232,84500786,TRUE,English
72hrs,519458565,136515,30702,3756,1024814,315190,12051692,TRUE,English
TwitchRivals,516113670,36555,109148,14509,999480,644684,71159574,TRUE,English
__å°_»º (a541021),516009420,166575,8337,3105,207369,18023,18201933,TRUE,Chinese
hashinshin,515812965,192255,12540,2483,570621,159892,11386166,TRUE,English
JoshOG,510984165,159300,85051,2957,1748928,120782,20688501,TRUE,English
39daph,509052375,135495,12648,3766,505362,470589,8983449,TRUE,English
scump,506838930,71355,79976,6789,893010,275270,8661072,TRUE,English
__ë¦ (flurry1989),505333050,128790,12084,3859,169505,51935,10969148,TRUE,Korean
SummonersInnLive,499421415,64875,110095,6328,503346,46779,13724263,TRUE,German
Faker,492835710,17115,56325,29414,2716270,750480,26508938,TRUE,Korean
Mongraal,492733995,27060,89706,18180,2951980,1454481,19515587,TRUE,English
¬í_ë²_¦° (2chamcham2),490230510,95055,16243,5107,489270,144698,13076008,TRUE,Korean
EmadGG,487281450,132630,67732,2741,702744,623391,9556065,TRUE,English
__ (pacific8815),483895050,120435,20936,3992,171858,54326,14452008,TRUE,Korean
FolagorLives,482387190,79995,57813,5032,786983,417899,9640983,TRUE,Spanish
lilypichu,477949200,56280,33075,8407,1363222,657630,14729189,TRUE,English
Bonjwa,473157810,251250,11063,1802,123954,20250,14247514,TRUE,German
KingGeorge,472786395,160140,12621,2914,767727,250434,6445996,TRUE,English
KingRichard,472405995,137175,17327,3312,1536757,109795,9570639,TRUE,English
JohnPitterTV,461605275,508965,4148,900,286184,211365,19054606,TRUE,Portuguese
Zizaran,460519830,156195,20745,2552,267004,47149,16917944,TRUE,English
imls,460332570,78945,32758,5621,392024,177673,8610645,TRUE,English
TSM_ImperialHal,459076530,120975,23107,3550,302593,287810,8907366,TRUE,English
__ (jdm2088),458883255,32625,65622,15405,276488,132821,5377506,TRUE,Korean
Ramee,457242510,159825,10845,2825,132642,74094,6606894,TRUE,English
Towelliee,453487500,183090,15495,2392,705098,21398,17009119,TRUE,English
SPYGEA,452479680,143730,17228,3131,222046,92067,10569192,TRUE,Japanese
FollowGrubby,451910415,132015,15296,3365,430649,46282,12249560,TRUE,English
Amar,449223195,100800,45549,4207,604374,281928,11787544,TRUE,German
IWillDominate,442870530,93480,23813,4591,797244,79514,8695968,TRUE,English
Deadlyslob,438143850,119085,104568,3088,315637,130944,6321235,TRUE,English
¶è_ (failverde),437353350,184845,14610,2348,169973,29861,13001718,TRUE,Chinese
ESAMarathon,433329345,301395,22132,1460,244440,35038,32500708,TRUE,English
Nmplol,429213420,63870,24687,6767,455444,130564,8859183,TRUE,English
relaxing234,428279160,51180,19194,8405,258402,88247,12225523,TRUE,Chinese
Doigby,428267280,59655,93577,6829,1068260,611786,11805401,TRUE,French
HusKerrs,425044665,107610,39433,3247,361360,288952,6298662,TRUE,English
__ (yapyap30),422278350,46800,36933,9306,301033,26768,9798569,TRUE,Korean
Elwind,421436625,58965,18270,7165,703464,200170,14369324,TRUE,Turkish
Shiphtur,420316860,118410,19688,3414,709343,58604,7906425,TRUE,English
alexelcapo,418413015,72930,74670,5772,680023,211908,13364167,TRUE,Spanish
moistcr1tikal,415091820,103170,42135,3977,1166681,724159,7780736,TRUE,English
Rush,412717875,86265,15405,4731,542991,120906,7575905,TRUE,English
LosPollosTV,411900525,69900,54323,5671,476096,138468,6201733,TRUE,English
DreamLeague,411414600,244560,147514,1751,349054,61032,7424007,TRUE,English
Voyboy,411274050,80670,21187,4632,1251182,139443,8151140,TRUE,English
BastiGHG,410621295,144135,10455,2733,507730,236118,8093220,TRUE,German
DatModz,409985220,228615,14288,1753,270720,36757,9812812,TRUE,English
dafran,408885990,92565,19611,4319,599036,142689,7944645,TRUE,English
yeTz,408478725,87990,21212,4221,849972,281059,10731565,TRUE,Portuguese
pokelawls,407214675,118335,22496,3352,668807,182123,5999354,TRUE,English
ziGueira,407188275,117555,36519,3203,529814,212042,7967420,TRUE,Portuguese
PAGO3,402836460,156135,20284,2326,425072,150470,12693893,TRUE,Polish
Llobeti4,402468465,112545,37469,3410,648084,606080,9957496,TRUE,Spanish
æ®ºæ_ (xargon0731),401439255,155325,8406,2549,283232,16999,17013239,TRUE,Chinese
itsHafu,400822020,123375,34345,3276,787371,36756,10008765,TRUE,English
shongxbong,400635750,50310,94869,7656,845158,671127,4198232,TRUE,Arabic
Loeya,398289900,150495,7955,2635,1233300,337821,19024045,TRUE,English
RiotGamesJP,390922410,26325,60682,13675,141684,36105,9101692,TRUE,Japanese
btssmash,389890800,362970,94083,1061,216558,81658,6933788,TRUE,English
PietSmiet,387717165,84495,39004,4147,576903,122061,11483357,TRUE,German
Payo,385755615,137400,12274,2772,175503,112595,11672019,TRUE,English
¤í__ (silphtv),385176540,197055,9401,1891,309065,87400,7215989,TRUE,Korean
m0xyy,384746505,136095,25387,2431,461534,269311,6207063,TRUE,English
LexVeldhuis,380251830,73935,58416,4939,244467,66680,14339774,TRUE,English
NateHill,379971075,111555,41610,3311,1055613,449635,14221498,TRUE,English
Shaunz,379800060,97860,20861,3791,148568,84393,10605782,TRUE,French
Emongg,379682235,155910,21922,2228,504653,156093,5794763,TRUE,English
fl0m,379633995,188070,19318,1931,658323,183265,11489901,TRUE,English
AsmodaiTV,379345935,132360,11751,2796,247056,30588,6547592,TRUE,English
aXtLOL,376430955,73815,25340,4991,763886,193266,8969210,TRUE,Portuguese
just_ns,376209315,93615,37023,3969,341549,66811,12351240,TRUE,Russian
FORMAL,369971310,137190,16518,2391,512592,176173,4803076,TRUE,English
Fortnite,369166335,12030,169084,28584,3558217,1163448,21509520,TRUE,English
Magic,362552205,43350,114234,5123,365714,50355,18694298,TRUE,Spanish
Xari,361741665,80535,28830,4841,269447,147894,5746209,TRUE,French
RocketBeansTV,360858030,518415,5223,696,416018,27024,5973152,TRUE,German
yamatonjp,359095725,159420,8247,2269,179920,67794,10882318,TRUE,Japanese
btscsgo,357966315,57165,74949,6530,219539,166599,9173781,TRUE,English
Skyyart,356907810,111165,32577,2311,598579,239491,8203617,TRUE,French
gratis150ml,356697420,198075,9601,1801,741652,129328,12187175,TRUE,Portuguese
ShivFPS,355389630,203175,7216,1782,236407,174213,6900666,TRUE,English
Ponce,355091505,111360,23255,3043,242969,196880,13687141,TRUE,French
boxbox,353396640,117720,25314,2717,1717150,145809,9971842,TRUE,English
ê°_ (rkdwl12),353381040,141450,29993,2484,507418,270927,12873339,TRUE,Korean
TheKAIRI78,353046060,50310,47081,6795,885915,650990,5134322,TRUE,French
RiotGamesRU,352700745,17880,73049,19753,173861,75538,6832561,TRUE,Russian
FPSThailand,351025410,158640,38563,2260,390579,74894,18596656,TRUE,Thai
ê¹__ (naseongkim),350120640,215505,7628,1584,103260,20536,8471746,TRUE,Korean
¤í_ (obm1025),346276365,96000,19328,3563,428179,244442,8920133,TRUE,Korean
BlackUFA,345166455,88035,10349,3889,279922,34803,12888906,TRUE,Russian
QuattroAce,342273825,185715,48810,1696,157620,136490,7245324,TRUE,Russian
bateson87,342162660,98730,20204,3344,598678,254821,16648694,TRUE,English
Staiy,341874270,91545,15429,3711,259624,90591,5503882,TRUE,German
polsatgames,340417455,57870,66706,5695,141026,74586,16290334,TRUE,Polish
orangemorange,338213940,122835,18387,2653,261139,85861,9889442,TRUE,German
NairoMK,335695215,106200,22074,3054,339545,69474,6132895,TRUE,English
ì²_©´__ (109ace),335311860,145425,12180,2202,166726,35165,7631326,TRUE,Korean
UnknownxArmy,333869670,92250,41700,3735,850944,836664,11325781,TRUE,English
s1mple,333097410,24615,34971,12723,1681884,740732,20277843,TRUE,English
bysTaXx,331965075,48945,259210,6210,1093212,795296,10207313,TRUE,Spanish
Sjow,331726155,149700,8140,2189,240206,21662,3365340,TRUE,English
hardgamechannel,331308960,55125,27529,5711,786562,256678,10562872,TRUE,Russian
WELOVEGAMES,328935150,116520,27956,2761,413458,49713,23682775,TRUE,Russian
StereOnline,327697680,400770,4227,785,327645,91352,4620985,TRUE,Portuguese
keanelol,327242790,147255,7208,2176,162917,85035,4068823,TRUE,English
´ì_ë§____ (sal_gu),326488155,122925,16252,2663,164092,45255,6226900,TRUE,Korean
ESL_CSGOb,325637220,52530,89949,5114,575769,183662,13742820,TRUE,English
kyo1984123,325018110,204975,5967,1516,135687,12731,12070678,TRUE,Chinese
midbeast,324433515,118005,16153,2652,330060,143256,10000927,TRUE,English
Alexby11,323225055,54810,53526,5331,1448018,1145810,8378248,TRUE,Spanish
Tumblurr,322841490,81210,17165,3846,353687,236441,4008897,TRUE,Italian
Veritas,320121405,135150,103833,1595,182492,131913,4176079,TRUE,English
daltoosh,319194420,154440,16445,2038,241602,163486,3665065,TRUE,English
TSM_Viss,316437645,117795,18844,2668,762778,101135,7091125,TRUE,English
Anthony_Kongphan,316366395,163920,49085,1858,462128,44534,6805829,TRUE,English
modestal,316203420,55455,25985,5660,323364,193939,11440074,TRUE,Russian
____ (yumyumyu77),315613800,66315,24521,4496,309322,46911,13030325,TRUE,Korean
XEWER,315398565,189315,17100,1660,455056,215059,6449741,TRUE,French
blxckoutz,314656260,152970,18483,2566,482061,402587,8381945,TRUE,Portuguese
EASPORTSFIFA,313078095,12165,106126,24395,1287954,427684,11286667,TRUE,English
°ë_____ë¤ (rudbeckia7),311520135,126300,7111,2478,212053,24606,9675073,TRUE,Korean
Flashpoint,311325840,19320,77708,11713,93616,93120,27828448,TRUE,English
Steelmage,311218875,178485,10815,1696,60987,37839,7005761,TRUE,English
NeVeR_LosEs,309559170,82635,9671,3680,200953,23806,10608507,TRUE,Chinese
Dota2ruhub2,307331445,55230,54508,5158,248277,71813,13417924,TRUE,Russian
Slushpuppy,307001595,150525,118125,1560,122486,85852,5065635,TRUE,English
itmeJP,306920835,145950,24603,2079,369273,6134,10677522,TRUE,English
JesusAVGN,306076605,78315,43859,3838,682899,181914,13548535,TRUE,Russian
Mickalow,305967975,157260,37872,1830,864324,260914,8191116,TRUE,French
UNLOSTV,304599090,19995,128345,12171,1585519,571237,11452750,TRUE,Turkish
resttpowered,304222200,148335,9248,2072,252184,37681,8585834,TRUE,Slovak
Felps,303435945,96930,15553,3109,844681,284169,6099521,TRUE,Portuguese
Doublelift,301917225,20370,52584,13364,1389835,166536,7617972,TRUE,English
_¦¬ (kss7749),301790445,115380,12295,2403,170718,19597,7546887,TRUE,Korean
LigaPro1,298828170,232620,11533,1149,30986,29434,60922719,FALSE,Other
knekro,298811910,102210,13731,2912,260728,97206,10900480,TRUE,Spanish
Savjz,298693050,86205,12708,3401,542892,13967,4072337,TRUE,English
BobbyPoffGaming,298668465,224295,6453,1254,125803,81131,2208405,TRUE,English
Smurfdomuca,294868035,107055,18282,2843,267948,251923,5976634,TRUE,Portuguese
Timmac,294663825,191970,13500,1460,393639,32867,4232938,TRUE,English
Nikolarn,293952480,129510,30044,2279,526389,214216,3964166,TRUE,English
__ë¦ (so_urf),293688270,167895,9665,1756,95477,44040,8120712,TRUE,Korean
RiffTrax,293583075,521445,24765,562,79099,17200,3313465,TRUE,English
pimpimenta,293014110,164940,20855,1744,828298,254312,12258152,TRUE,Portuguese
FACEIT TV (faceittv),292881510,35910,145470,9722,1681615,23166,17259602,TRUE,English
crokeyz,292698660,163095,5916,1796,68907,36715,3476636,TRUE,English
Letshe,291144945,80745,28808,3073,884661,687813,11561585,TRUE,English
SaltyBet,290991045,508140,3467,571,224099,69465,4509671,TRUE,English
__ (sonycast_),290499225,100605,7998,2840,255949,54706,10802748,TRUE,Korean
HGmony,290461620,111360,21999,2465,34358,32326,90310969,FALSE,Russian
jakenbakeLIVE,289531305,120435,23432,2375,489623,116554,7920696,TRUE,English
Syndicate,289369785,58695,22845,4281,3000509,282047,13227099,TRUE,English
RakanooLive,289110855,104535,22607,2726,1234662,471456,3836302,TRUE,Arabic
ê³µí_ì¤ (rhdgurwns),289103100,76590,40001,3828,289455,67061,12487303,TRUE,Korean
ElRichMC,288441015,31155,95938,9062,688715,431071,8120275,TRUE,Spanish
RaizQT,286839210,121965,15185,2164,167584,31194,5190502,TRUE,English
ReventXz,286819950,84330,47282,3073,362062,219868,8050871,TRUE,Spanish
PatoPapao,286740930,100470,11694,2795,656860,116753,8955254,TRUE,Portuguese
Replays,285932205,140220,16193,1983,871405,449727,5185473,TRUE,English
cdewx,284645955,139140,23448,1904,380159,50596,8015709,TRUE,English
äº_´²çµ±ç_ (asiagodtonegg3be0),284354865,63645,18594,4426,494643,22853,11106574,TRUE,Chinese
BotezLive,283479405,115845,36278,1985,330772,280964,12851602,TRUE,English
Conterstine,283398825,92805,18090,2557,386804,375789,5308302,TRUE,Spanish
BeyondTheSummit_PT,282753480,339000,49496,807,203549,60955,9694977,TRUE,Portuguese
_____ (jungtaejune),280810635,165945,6787,1649,124835,15713,8660860,TRUE,Korean
thedarkness,280707810,155595,7440,1914,536792,138160,7628946,TRUE,Portuguese
JERICHO,280176915,112860,21935,2401,1191987,66665,7582522,TRUE,English
T90Official,279691620,76395,51422,3379,160226,69044,6886631,TRUE,English
DanucD,278223765,135030,4439,2045,546052,223147,12048648,TRUE,English
DisguisedToast,277695945,20325,38169,9892,1340283,192604,5928269,FALSE,English
DesertHeartsRecords,276313155,64620,24264,3620,85097,84304,58418224,FALSE,English
Jankos,274889760,45045,18826,5858,573657,271355,9284513,TRUE,English
GarenaTW,273964050,12435,85416,22130,401222,21388,7818029,TRUE,Chinese
ê°_³µ (dogswellfish),273920670,161235,10929,1601,215413,37690,10626908,TRUE,Korean
Sykkuno,272813670,91035,29658,2530,334591,305734,5285377,TRUE,English
A1taOda,269877405,140625,11974,1844,537519,67361,10306828,TRUE,Russian
livekiss,269518965,517260,7435,520,31323,2447,1641644,TRUE,Chinese
KamoLRF,269229795,66330,19264,3948,688868,184854,5731570,TRUE,German
GoldGlove,268632360,119895,22448,2196,1433703,23684,16902968,TRUE,English
harbleu,266439435,65775,13230,3926,349467,112349,3527460,TRUE,English
runthefutmarket,265426125,84945,20746,2999,292812,146753,4266359,TRUE,English
_ê²__ë°©ì_ (alenenwooptv),265229580,189900,4290,1418,125615,22295,5390604,TRUE,Korean
KarmikKoala,262630950,120450,10587,2205,151920,71165,8619663,TRUE,Russian
JustCooman,262612740,76035,10776,3287,159117,89413,7809170,TRUE,Russian
IamCristinini,262492530,135240,7943,1906,398634,218848,12690137,TRUE,Spanish
Xop0,262276575,235920,4074,1110,94751,50725,18709302,FALSE,Russian
Warframe,262160025,13740,346131,12843,1254031,282680,5405191,TRUE,English
Smoke,261617925,100050,25500,2331,166007,53212,2955403,TRUE,English
Moondye7,261610875,97350,22231,2530,306920,39732,6839587,TRUE,German
jean_mago,261252810,113445,11418,2012,342691,269837,7609872,TRUE,Portuguese
mL7support,260845395,115380,9038,2124,342850,140872,5387428,TRUE,English
KriszhAdvice,258011790,147675,28709,1593,284899,97984,6927865,TRUE,Hungarian
QuickyBaby,255820995,118710,11077,2207,416329,45998,5642381,TRUE,English
aDrive,255087615,101085,14637,1692,461081,117274,3858228,TRUE,English
Ampeterby7,254852265,27480,43882,9301,1194476,1185647,6513197,FALSE,Spanish
SNEUX,254717640,57510,30067,3748,196635,155555,4540889,TRUE,Spanish
TrU3Ta1ent,254345355,113745,10901,2204,595939,101235,6614948,TRUE,English
OgamingSC2,253498875,484455,11457,547,105368,11075,15776556,TRUE,French
ë¨¸ë_ (ajehr),252452325,76575,11117,3292,362794,86655,5623906,TRUE,Korean
MrSavage,251627985,33030,31525,6883,1651212,734583,9931629,TRUE,English
Perxitaa,251497200,30330,55418,8010,689582,669977,7036771,TRUE,Spanish
IlloJuan,251067885,60495,24315,4087,275174,178705,5676686,TRUE,Spanish
masondota2,250624350,83205,8377,2882,104526,39906,3406472,TRUE,English
Annoying,250297065,64290,17361,3884,431285,158587,1799471,TRUE,English
ê³_°¨ë¹ (kumikomii),249821475,152370,5227,1615,177741,62122,5979126,TRUE,Korean
Manyrin,249488880,109125,17140,2284,449520,146381,11128490,TRUE,Russian
SaltyTeemo,247613265,517980,1803,476,173196,36103,2117741,FALSE,English
Odablock,247535550,101595,29397,2336,131966,92477,4228405,TRUE,English
MckyTV,247481385,65025,49791,3599,722041,256660,9947455,TRUE,German
Calebhart42,246974370,124830,6763,1808,177595,13410,2533119,TRUE,English
MacieJay,246761880,107805,7318,2249,835787,195140,5353692,TRUE,English
R6esportsBR,246712590,47100,60386,4021,323856,98848,5855733,TRUE,Portuguese
chistor_,246342825,128430,7099,1838,89608,30354,5658271,TRUE,Russian
Kephrii,245934495,165135,8709,1297,559647,102990,5923710,TRUE,English
FEDMYSTER,245399790,24945,35011,9086,609723,284967,5176805,TRUE,English
Gosu,244854375,64590,16362,3502,1751290,185952,9377658,TRUE,English
supertf,244635645,90585,9118,2526,196136,139939,3551440,TRUE,English
saintvicious,244262295,168030,5370,1422,247236,44436,3133396,TRUE,English
winstrike_tv,243711495,19695,153252,12058,148183,148055,8767404,TRUE,Russian
pqueen,243465255,88965,11976,2602,485787,328149,8544093,TRUE,Turkish
Northernlion,242833140,60855,9312,3968,359260,22629,3384340,TRUE,English
bmkibler,241615470,103230,15034,2247,475075,23971,5087052,TRUE,English
__ (sunbaking),240663180,86235,8260,2762,251416,98720,3298202,TRUE,Korean
Mixwell,238993935,52905,23552,4219,331208,271798,6539837,TRUE,Spanish
AntoineDanielLive,238217145,54870,16671,3964,416920,272263,6778234,TRUE,French
G4G_REVENANT,237767160,82110,14376,2947,284620,69353,6608568,TRUE,Spanish
__ (yd0821),236218920,28275,38412,8075,279864,56233,1901665,TRUE,Korean
c9judite,235689105,364425,8210,644,105341,84754,7982996,TRUE,Portuguese
Amaz,235255500,84525,12652,2764,915023,-5405,4237993,TRUE,English
ESL_SC2,234726075,278745,40072,1414,305311,36130,5674624,TRUE,English
CooLifeGame,234307740,47010,15459,4415,395859,167356,5764214,TRUE,Spanish
BruceGrannec,234104805,78270,11287,3011,463188,95268,5973378,TRUE,French
å¤§ä¸¸ (wtf_winds123),233395950,92775,11975,2410,259338,32952,9883708,TRUE,Chinese
Albralelie,232815960,128580,18730,1668,240030,216977,5392597,TRUE,English
ë£©ì_ (looksam),232224165,75030,32222,3302,285474,14351,7901792,TRUE,Korean
WagamamaTV,231985905,178470,7377,1268,312799,20933,3880798,TRUE,English
sleepy,231452460,107280,8855,2103,317125,254462,3295029,TRUE,English
FifaTargrean,231025755,170820,6721,1353,396862,66121,7798628,TRUE,Thai
Pun1shers_TV,230552955,123345,6289,1961,82289,51159,4148542,TRUE,Greek
gamelifeow,229805670,99600,37939,1659,234471,169229,8373012,TRUE,Russian
Sh4dowehhh,229762950,112875,11788,2012,84234,70619,6477747,TRUE,Russian
LuluLuvely,229749045,107070,10110,2178,431852,360592,6019198,TRUE,English
Swifty,229431480,122160,19884,1572,615027,71011,8647522,TRUE,English
Mibrtv,228640020,82620,151094,3310,250709,242229,6671227,TRUE,Portuguese
bytarifaaa,228077640,15390,121009,13435,638657,629175,3651549,TRUE,Spanish
Alderiate,227675805,69030,11480,3337,319860,80730,5471250,TRUE,French
Solaaaa,227479455,96375,16718,2227,309594,107558,5135340,TRUE,German
Strippin,227458650,121575,9127,1816,293665,19904,3115313,TRUE,English
Pikabooirl,225939795,103740,21309,2146,237214,78399,5574448,TRUE,English
MasterSnakou,225243465,124275,12948,1786,448316,73137,6565757,TRUE,French
ë£¨ì_ (lucia94),224762820,141705,8886,1603,82578,37026,5801449,TRUE,Korean
Otzdarva,222546390,91905,14940,2387,262104,146762,3176930,TRUE,English
ê½_ (cherrypach),222377040,94125,10985,2369,240835,90457,6606649,TRUE,Korean
Opat04,222161730,116775,9497,1814,178477,109720,6632006,TRUE,Czech
icebergdoto,221837100,52380,16441,3746,171113,84551,6944929,TRUE,Russian
P4wnyhof,221823735,181830,7196,1205,489174,6719,6891131,TRUE,German
Mazarin1k,220905615,202410,9605,780,205378,68292,9980766,TRUE,Czech
ê¹___ (kimdduddi),219998175,90750,7244,2318,149158,67954,3549865,TRUE,Korean
¥ë_ (rooftopcat99),218888325,92805,8794,2256,214028,59213,5969221,TRUE,Korean
KingGothalion,218707740,34875,41994,5792,1015521,44907,3349456,TRUE,English
Alinity,218509065,90150,17341,2441,1203324,255987,13908506,TRUE,English
TidesofTime,218415420,88485,12457,2104,251700,27110,2240586,TRUE,English
GernaderJake,218318010,146295,21162,1347,295771,70693,8847646,TRUE,English
¹ã_³ã_ (sutanmi),217833015,80190,7854,2683,53124,16505,3473483,TRUE,Japanese
DarioMocciaTwitch,217475940,103995,8160,1749,114376,96707,4356099,TRUE,Italian
bebe872,217343400,212205,4965,1087,70232,51251,2383295,TRUE,English
_å¤ (qttsix),216951540,154035,9671,1412,118305,23620,8174656,TRUE,Chinese
Flight23white,216792240,31455,74388,7522,828896,704583,2016920,TRUE,English
OGADotaPIT,216072855,18705,60846,10161,157820,48664,8333671,TRUE,English
SoloRenektonOnly,215806260,122985,5118,1735,391603,74554,4581141,TRUE,English
k3soju,215233395,125865,7504,1647,76666,70939,2609837,TRUE,English
SkyrrozTV,215122605,85890,17061,2185,597890,216436,6233611,TRUE,French
LeBouseuh,214699305,61455,24497,3678,988237,351530,4545514,TRUE,French
JLWaliid,213819030,94875,19603,2239,272391,246417,4345817,TRUE,French
qSnake,212541900,152955,5441,1389,200878,37641,6296155,TRUE,Russian
Loserfruit,212318190,99525,42374,1816,1869993,790345,10477877,TRUE,English
Broxah,212141310,46605,13137,4269,317896,209200,5351294,TRUE,English
JonVlogs,212114490,81180,21617,2239,480299,261559,3260166,TRUE,Portuguese
ImSoFresh,211617645,180060,5788,1119,111954,36095,3673955,TRUE,French
BeBePtv,211307910,110010,14353,1865,57205,24674,63847323,TRUE,Russian
TrilluXe,210899220,79170,27943,2095,412495,95629,7212835,TRUE,German
landonorris,209499930,30120,97550,6524,584831,457635,12694726,TRUE,English
LotharHS,208564530,152235,14561,898,251812,136198,6742783,TRUE,Polish
CzechCloud,207938580,145050,8212,978,180668,111145,9000160,TRUE,Czech
chess24,207560115,82035,32856,1603,66198,49745,20337169,TRUE,English
TheNo1Alex,206694345,176910,8554,1105,140855,30883,7225371,TRUE,English
Crystal_LoL,206487075,139725,7471,1466,167132,98846,5571500,TRUE,Turkish
AdzTV,206255820,137250,11247,1443,489577,167548,4236933,TRUE,French
IrmanPlay,205792560,42570,17697,2612,252042,232876,3312084,FALSE,Russian
ì«___ (pjs9073),205748130,79215,15654,2597,193757,115990,5979215,TRUE,Korean
runitup247,205746015,486000,1182,422,91608,30397,2424188,TRUE,English
NeZaK_,205442370,134205,7262,1407,255840,207722,3017013,TRUE,Italian
¼ë_¤ë_1 (xkwhd),205225605,179595,9938,1139,142209,50675,4794915,TRUE,Korean
ilMasseo,204889125,92370,8980,2184,617665,436741,4364008,TRUE,Italian
brax,204330900,26010,28736,5295,574927,282648,4449212,TRUE,English
rewinside,204116820,48420,24167,4455,1259972,372220,5349508,TRUE,German
ê¸__ (sah_yang),204029970,125325,7143,1559,206794,108366,7584329,TRUE,Korean
HAchubby,203908095,73110,13675,2779,221461,159519,5075885,TRUE,English
Recrent,203854050,129375,6781,1502,220789,120204,8936320,TRUE,Russian
ixxYjYxxi,203102445,37305,15223,5459,857099,409932,2378245,TRUE,Arabic
Wingsofdeath,202858185,144150,7176,1343,473157,6267,2534023,TRUE,English
Kamikatze,202635300,126900,8509,1586,107476,36955,4997073,TRUE,German
Philza,202591425,62925,24611,2991,527540,292543,5158370,TRUE,English
Kurumx,202487955,131190,16413,1543,50286,49439,2485867,TRUE,English
Pieface23,201823125,93360,14072,2149,238155,127444,2037389,TRUE,English
CalebDMTG,200582400,121635,5446,1608,71327,9005,1563033,TRUE,English
MarkiLokurasY,200552295,71070,26329,2714,923377,417223,7000112,TRUE,Spanish
JLBichouu,200256675,90720,16461,2039,212578,150452,4001304,TRUE,French
__ (nanayango3o),199960005,122025,6411,1589,147351,63332,4789098,TRUE,Korean
DavyJones,199829100,48375,44526,4111,955846,454965,10940319,TRUE,Portuguese
Fairlight_Excalibur,199826220,163650,19156,1208,408958,5162,1645770,TRUE,English
PG_Esports,199821495,107715,24734,1933,112874,41935,16923320,TRUE,Italian
StreamerHouse,199501650,496545,12609,402,630255,10659,2800864,TRUE,English
Twitch,198083340,12015,130795,9190,1189614,223168,46395022,TRUE,English
Sev7n,197315655,183630,31836,1037,469944,225963,7453572,TRUE,Portuguese
Wardiii,196743645,104280,9459,1670,76777,31905,3970743,TRUE,English
__ (tranth),196585155,142260,5451,1402,85764,11733,5114165,TRUE,Korean
Kubon_,195943620,145845,9545,1323,267984,25721,6142647,TRUE,Polish
KarasMai,195800370,138300,6728,1374,281664,139915,3975842,TRUE,English
Sloot,195525465,207555,21283,937,205002,23506,4415937,TRUE,English
LPMassive,195448335,81270,18813,2181,315264,22874,2409670,TRUE,German
ç¾__ (roger9527),195398655,34620,12707,5401,131484,22369,4197860,TRUE,Chinese
ChicaLive,195344370,92445,14928,2045,1041932,631422,2776587,TRUE,English
___ (d_obby),195270330,129525,16860,1401,195405,153300,5913454,TRUE,Korean
Valkia,194961090,106335,23519,1008,308459,146451,8091070,TRUE,English
caps,194376465,17865,26754,10170,479368,270611,6373471,TRUE,English
Alfie,194074230,181755,15588,971,183885,33462,3380440,TRUE,English
NiceWigg,193912155,130140,13013,1475,184033,111498,2871081,TRUE,English
JASONR,193460805,188205,33902,992,777611,136800,6183865,TRUE,English
Dhalucard,192609885,83400,22306,1828,269408,97678,7444967,TRUE,German
duckmanzch,192428310,129945,14684,1363,122694,75228,9240202,TRUE,Thai
MrBboy45,191523465,110835,9408,1659,318995,57504,6445684,TRUE,French
¸ê_¤ë¦¬ (ses836),190448565,157200,7683,1213,105730,29332,5099767,TRUE,Korean
AladdinTV,189890160,131490,4279,1416,110211,45168,4298260,TRUE,German
miniminter,189756300,41400,27188,4215,858427,588461,16598800,TRUE,English
ClintStevens,189206565,40125,15223,4445,393432,102753,2303521,TRUE,English
Daxak,188764350,84855,7721,2061,116897,64239,5857325,TRUE,Russian
ThaldrinLol,188750280,112095,11305,1671,521166,95126,7822019,TRUE,Turkish
olyashaa,187722975,77730,9142,2296,559877,138621,14210392,TRUE,Russian
Jay3,187658970,165585,9514,1111,189654,124100,3079327,TRUE,English
GodHunt,187099860,94590,19032,1820,202883,30738,7464390,TRUE,Russian
Everyeyeit,187019640,133125,18421,1236,86590,42213,52155951,TRUE,Italian
Speedrun,186800430,500010,16604,375,93358,51098,13863239,TRUE,English
iamSometimes,186597300,102870,23238,2004,179552,99162,4766495,TRUE,Thai
hexy,186060390,90495,14020,2092,336093,20006,2855592,TRUE,English
Etoiles,185982570,78165,45364,2090,220873,167386,6466352,TRUE,French
xChocoBars,185905980,96300,37216,1917,583881,107350,8679867,TRUE,English
GN_GG,185795730,108075,4859,1715,91514,14734,3333965,TRUE,Russian
iateyourpie,184820460,181335,10962,987,124020,7942,4878552,TRUE,English
KYR_SP33DY,184233300,95055,6607,1879,706212,66637,2451110,TRUE,English
armateam,183066645,379680,3181,479,187315,8680,3569807,TRUE,French
JeelTV,182390235,99870,7302,1768,357385,276765,6668409,TRUE,French
_ (dlxowns45),182309400,79620,10549,2023,346631,124060,5444952,TRUE,Korean
TSM_TheOddOne,181908120,188445,4363,913,864087,-15772,6370949,TRUE,English
luke4316live,181729410,307005,2757,636,168531,36988,4795414,TRUE,Italian
VGBootCamp,181431360,77085,97791,1534,521938,24798,5491154,TRUE,English
CapcomFighters,181252125,23850,84858,5684,348447,20205,12878708,TRUE,English
NeverSayYesTwitch,180978855,115455,10771,1357,194933,176218,3381154,TRUE,French
BeatportOfficial,180850230,27765,48457,5300,126546,124653,36484452,TRUE,English
¬ì_ (portialyn),180674100,128385,4498,1349,39485,29698,2460689,TRUE,Korean
ì¼ (kanetv8),180360300,130365,10087,1313,141167,52606,7004305,TRUE,Korean
Sanchovies,180166830,141225,15588,1250,154845,145102,3924344,TRUE,English
RTAinJapan,179880525,16155,42822,8383,71730,44766,2700751,TRUE,Japanese
WankilStudio,179581950,17235,28866,10173,726730,274734,5141210,TRUE,French
SLAKUN10,179262330,9555,48358,18906,1874932,1874846,5835029,TRUE,Spanish
forever,178945815,29625,53702,5300,373484,360874,2863254,TRUE,Portuguese
AlpTV,178729455,38625,33059,2913,576276,257474,6685553,TRUE,Turkish
Tiagovski555YT,178563045,76065,11245,2061,220585,130719,5057048,TRUE,Portuguese
fuslie,178245645,67560,45247,2504,336394,116757,7152158,TRUE,English
Faux,177800325,151170,15167,1133,237909,29301,3248586,TRUE,English
RiotGamesTurkish,177746055,23835,36258,7414,651994,49244,9998277,TRUE,Turkish
makataO,177510525,182775,12292,910,391656,137135,7336811,TRUE,Russian
CarTmaNzbs,176608230,96615,7809,1793,386948,65268,13183429,TRUE,Russian
Th3Antonio,176072760,62175,13955,2419,223756,87872,5222867,TRUE,Spanish
BigEx,176005440,96870,21401,1569,256448,138235,1947938,TRUE,English
BigSpinCR,175255470,92970,21815,1824,185784,81726,2995202,TRUE,German
Becca,174842160,115200,11405,1500,357844,56356,4198030,TRUE,English
SirhcEz,174824130,133410,5928,1279,579629,34334,3081725,TRUE,English
twlevewinsHS,174228915,102900,5425,1711,38410,31257,1353428,TRUE,English
ì½__ (collet11),174087030,136065,6144,1248,215304,73181,5543661,TRUE,Korean
NBA2KLeague,173779995,28245,48495,4264,143535,42942,67586924,TRUE,English
XBOCT,173672880,35970,20110,4473,318230,78529,5635774,TRUE,Russian
shtan_udachi,173627565,87210,7220,1929,100852,22524,3970603,TRUE,Russian
orslok,173607810,52005,21759,3082,327888,269085,5048873,TRUE,Spanish
HellYeahPlay,173443275,103830,3946,1706,136885,31088,5014047,TRUE,Russian
_°© (game2eye),173015430,96045,5698,1669,183891,22221,5266599,TRUE,Korean
grafo,172499415,111105,7165,1544,414577,173024,5627155,TRUE,Spanish
xTheSolutionTV,172316145,78030,16093,2027,320629,103800,2778565,TRUE,German
Igromania,172086390,186960,6159,939,184078,13710,115312954,TRUE,Russian
Back2Warcraft,171822405,93345,8309,1697,94929,21267,4016790,TRUE,German
10000DAYS,171293220,131565,11193,1255,356683,158473,10528149,TRUE,Turkish
iProMx,171223080,36000,8874,4576,151788,80190,1637792,TRUE,French
ì§¬í__ (zzamtiger0310),171115545,90345,6217,1876,185684,46791,6693148,TRUE,Korean
GingiTV,171013470,89805,6450,1713,156597,45047,5117439,TRUE,English
venruki,170464680,133110,13179,1264,292558,44449,7127552,TRUE,English
MatteoHS,169885590,141525,5827,1176,428553,221153,4537952,TRUE,Italian
nugiyen,169858440,159135,8448,996,121984,22377,3448935,TRUE,English
HighDistortion,169501845,105630,20179,1397,1677690,61126,5125402,TRUE,English
rxnexus,169026750,112095,6765,1475,255944,23213,5862326,TRUE,Russian
VaporaDark,168943005,70650,5041,2338,101359,22193,7610128,TRUE,English
PaymoneyWubby,168861240,30600,16622,5485,302419,126399,2668187,TRUE,English
RTGameCrowd,168832200,38685,20354,4259,861594,308499,3736356,TRUE,English
¤ì£¼ (dda_ju),168767490,108690,9137,1466,205041,52071,3755880,TRUE,Korean
ê²¬ì_ (wkgml),168416325,76140,10656,2210,415795,150813,6013389,TRUE,Korean
Werlyb,168339975,57105,37980,2399,204348,146852,5349362,TRUE,Spanish
TSM_Hamlinz,167898480,11055,51989,15483,2137521,126150,2268382,TRUE,English
Mmorpg,167774640,182925,4994,908,235167,19566,3055373,TRUE,English
berkriptepe,167325930,32790,24573,4103,622358,281667,5508199,TRUE,Turkish
ë¬´êµ´ (moogrr1211),167186250,188805,2008,879,37162,10214,3006979,TRUE,Korean
BoarControlHS,166892040,153345,3622,1064,79204,39363,2852825,TRUE,English
Dementardo,166850715,35445,15476,4663,547154,465321,2419659,TRUE,Spanish
Xiuder_,166422960,172080,13675,909,312280,298759,3022408,TRUE,Italian
SmallAnt,166352115,96720,11518,1821,255156,218287,2695198,TRUE,English
Naowh,165590085,120435,11693,1333,103636,48833,5069397,TRUE,English
Tonton,165536760,133530,9738,1237,147542,76656,3954958,TRUE,French
¼æ_ (bebelolz),165015915,64650,7592,2488,260119,26670,6966348,TRUE,Chinese
è¸_ (takesipon),164981160,111600,8103,1534,57634,11867,3983662,TRUE,Chinese
_§¨ (95pingman),164673495,47430,26738,3449,195423,97696,3424139,TRUE,Korean
ZONY,163669320,147990,7172,1118,260125,140806,3739750,TRUE,Polish
Monstercat,163589370,519675,14261,313,788684,22331,4084222,TRUE,English
k1ng,163381335,36540,52558,4365,706537,614383,6210317,TRUE,Spanish
DuelLinksMeta,163307010,89910,5792,1886,88697,33306,6092699,TRUE,English
Esports_Alliance,163208925,37110,27040,4293,117084,55445,8254877,TRUE,Thai
lolesportsla,163132800,40950,37187,4586,186208,71514,5283711,TRUE,Spanish
MenosTrece,162738420,107700,7132,1481,470873,190155,5465173,TRUE,Spanish
swimstrim,162723510,108540,13314,1383,137885,62796,2964244,TRUE,English
AnneMunition,162714930,99345,37236,1586,621921,65910,10222790,TRUE,English
Reverse2k,162618315,181665,14160,925,380488,155158,3906784,TRUE,English
erobb221,162559230,82470,10391,2028,244207,88737,2352357,TRUE,English
voicetv,162510660,514845,1874,314,3660,1328,4001475,TRUE,Thai
FFearFFul,162232935,36165,116245,5305,727059,492841,2041776,TRUE,Arabic
Dmitry_Lixxx,161818335,51600,26715,3006,347824,332931,8549523,TRUE,Russian
tebtv,161468685,69315,13639,2177,76050,59909,10310607,TRUE,English
_°ë_ë¶_ (lovelyyeon),161371665,140535,4282,1115,108382,74892,5389852,TRUE,Korean
pankylol,161208750,51015,17394,3141,284563,166114,7887006,TRUE,Turkish
hastad,160672260,85545,10888,1812,868738,188163,4991368,TRUE,Portuguese
ë¯¸ë_ì§ (mirage720),160163880,94005,30706,1638,352412,122225,5107789,TRUE,Korean
Rogue,159761910,121005,7289,1186,169330,147217,2431075,TRUE,English
BeyondTheSummit_PT2,159647175,104955,126254,796,178612,137968,4834852,TRUE,Portuguese
CarritosKami,159557775,104955,14634,1681,165439,67444,6694660,TRUE,Spanish
EAMaddenNFL,159449055,19995,57179,5697,241924,72319,5152605,TRUE,English
TobiasFate,159172080,127740,4681,1233,701822,49134,5210466,TRUE,English
PUBG,159140235,32865,35922,4647,733628,78929,4783744,TRUE,English
Mushway,158995065,56820,9611,2638,310100,233686,3178181,TRUE,French
bazattak007,158951265,87330,11217,1630,391413,322355,4835861,TRUE,Spanish
IFrostBolt,158035530,169260,6210,897,199618,106749,2723926,TRUE,English
ê°__ (9ambler),157852620,89715,11279,1692,144116,77889,3731059,TRUE,Korean
Sco,157847640,57690,15241,1790,375911,32463,10361325,TRUE,English
Paoloidolo,156901800,125115,7659,1205,183900,57927,4585217,TRUE,Italian
1PVCS,156821940,53835,23081,2256,71596,31807,8056327,TRUE,French
ê°_ (kangqui),156544635,112755,10809,1400,57130,18133,3877756,TRUE,Korean
__ (hatsalsal),156211005,119040,3915,1302,77861,25730,5576914,TRUE,Korean
PardonMyTake,156004485,25140,141406,6728,143916,143806,3300371,TRUE,English
Draineo,155593140,124095,7777,1169,102225,65702,175788,TRUE,English
Cerbero_Podcast,155187570,57120,19298,2647,179420,132867,4071398,TRUE,Italian
SkyshockTV,154727730,94275,6213,1605,114154,32991,3059244,TRUE,Spanish
Evangelion0,154595850,85635,8533,1777,120494,28322,3446723,TRUE,Spanish
AnthonyZ,154524165,117735,7416,1216,199617,23303,2812219,TRUE,English
mokrivskyi,154332060,27105,29983,5864,308815,304008,8255635,FALSE,Russian
Uthenera,154125945,77475,9460,2106,411346,99872,4832180,TRUE,Turkish
Corobizar,153988380,83325,11200,1787,272635,84933,4345590,TRUE,French
QuarterJade,153857655,61980,12144,2286,277256,167202,3921702,TRUE,English
kutcherlol,153784695,138060,6802,1093,198818,36059,5070320,TRUE,German
cacho01,152494320,54645,18552,2669,269080,250197,2516244,TRUE,Spanish
DreamHackDota2_RU,152461155,6135,98717,22356,203419,30231,3637232,TRUE,Russian
DuendePablo,152343585,133290,10121,1101,514073,118567,4216188,TRUE,Spanish
UCCleague,152021685,131070,14003,1378,226974,46807,9915656,TRUE,Russian
jorbs,151128345,117795,4084,1243,70609,20603,1410877,TRUE,English
BlackFIreIce,150698280,139980,3044,1070,108895,6130,4424196,TRUE,Polish
kurt0411,150579045,37710,26941,4083,142446,114789,2221662,TRUE,English
SayNoToRage,150150330,137820,8014,1010,168463,17619,1552234,TRUE,English
MiltonTPike1,149975130,81960,8838,1845,200012,25768,2185519,TRUE,English
MarkitoNavaja,149407365,28410,26584,5070,665430,641813,3159593,TRUE,Spanish
KVYZEE,149052375,161580,8354,849,127963,74894,6715483,TRUE,Russian
MarketTradersTV,148900110,499215,1357,297,30413,12081,981536,TRUE,English
Aa9skillz,148596180,49035,11843,2885,502696,142789,2373012,TRUE,English
SparkofPhoenixTV,148192215,92400,15792,1462,433078,195208,3537808,TRUE,German
FanHOTS,147664290,134550,2104,1090,64587,27948,2451118,TRUE,English
Pelegrino1993,147243720,129210,6236,1074,80566,64799,1772816,TRUE,Portuguese
Killars,146865810,210810,4232,642,46971,15728,1747381,TRUE,English
Weak3n,146770110,115470,2922,1260,188176,30028,4780580,TRUE,English
wintergaming,146245920,195615,7019,719,260779,13900,3609065,TRUE,English
Vicens,146199795,26115,30628,5739,730679,724245,4110592,TRUE,Spanish
monkeys_forever,145475145,80460,6738,1563,79270,34329,2106144,TRUE,English
Kaydop,145291695,64830,23304,2268,193058,117412,3185925,TRUE,French
____ (syaruru3),145193595,103995,3710,1309,33726,9684,3022192,TRUE,Japanese
primeleague,144858945,30510,19013,4427,73409,71211,5606593,TRUE,German
LRojo_,144763395,111435,11178,1192,100767,82320,3959878,TRUE,Spanish
Froggen,144496815,46710,10648,3024,770030,31800,3577064,TRUE,English
BotanicX,144361350,71445,9135,1937,34119,11512,9335252,FALSE,Russian
dinablin,144307800,60870,29316,2413,293748,239896,11129949,TRUE,Russian
RiceGum,144167385,12300,29173,11696,903261,388376,2273737,TRUE,English
ipav999,144114480,191400,2536,737,163956,82668,2920832,TRUE,English
Lutti,143841150,89220,37121,1153,226344,163441,3727211,TRUE,French
kragiee,143449350,121890,6298,1137,234312,65977,3136101,TRUE,English
Puppers,143414790,98595,6798,1458,171425,64591,1753517,TRUE,English
Crayator,143191365,75165,4911,1796,599828,177501,3865293,TRUE,English
TheRealMarzaa,142547775,93015,12525,1505,495558,258153,2909149,TRUE,Italian
Linkus7,142322655,121755,7248,1121,96728,41862,1866513,TRUE,English
Arcadum,142213980,134700,13801,992,120586,78642,2169921,TRUE,English
ImMarksman,142168560,77430,11141,1889,633443,152094,1311402,TRUE,English
LightFuryLF,142094850,111315,15139,1169,51589,32663,4989684,TRUE,Thai
BarcaGamer,141736230,119565,57917,1234,636568,548578,3012949,TRUE,Spanish
SilentSentry,141219225,125760,5572,1085,301633,13533,1896110,TRUE,English
__ (lilballzlolz),141185625,78015,6328,1724,118276,9831,4212219,TRUE,Chinese
DaigoTheBeasTV,141183435,57525,27261,2225,173271,42313,4166521,TRUE,Japanese
UncleBjorn,141021495,134805,4265,975,111003,26514,7886426,TRUE,Russian
StRoGo,140812395,29385,45087,4621,272944,258332,5978117,TRUE,Russian
¬ì_ì§ (pikra10),140512860,124170,4659,1068,77376,42516,2973636,TRUE,Korean
è²__ (beryl_lulu),140500785,81990,15901,1739,156726,49522,9765341,TRUE,Chinese
purple_hs,140426535,111810,5460,1149,88792,18850,1512076,TRUE,English
Harmii,140304750,116130,7200,1159,333858,168452,3556031,TRUE,German
Zerkaa,140243025,51000,11192,2571,529504,373720,2530852,TRUE,English
iklooode25,140170155,21360,42463,7265,418710,354335,1443848,TRUE,Arabic
¶å (nielnieh345),140168070,186015,5455,728,93991,18742,4755073,TRUE,Chinese
Spraggy,139893270,81585,30415,1674,99807,35453,3037728,TRUE,English
TpaBoMaH,139724325,92445,6813,1531,151266,85717,7804776,TRUE,Russian
Day9tv,139556325,64500,5597,2140,496790,13344,2495558,TRUE,English
Sologesang,139273200,123390,5120,1072,58531,26062,4569358,TRUE,German
karavay46,139258050,33045,48331,4037,354734,301941,8457221,TRUE,Russian
RaulZitoYT,139249440,131460,6545,839,78971,76729,2725303,TRUE,Portuguese
Japan_ASMR,138935670,509670,496,271,67707,32649,1272641,TRUE,Japanese
Yamikazexz,137528370,74490,12411,1643,201657,161100,5719244,TRUE,English
aircool,137305080,128055,12620,964,153703,120570,1628826,TRUE,English
Lapi,137258130,171570,8684,789,130323,16992,6792456,TRUE,French
robn_live,137249820,133545,73664,656,66223,63975,1502917,TRUE,English
ê³¼ë_1 (aram4519),136944300,81570,14167,1592,301329,179604,5711063,TRUE,Korean
RebeuDeter,135843000,18510,24675,7141,215360,194128,2560454,TRUE,French
nookyyy,135590925,149220,7393,683,206681,78987,2481667,TRUE,German
BrookeAB,135540690,48705,24357,2777,737161,247335,6936235,TRUE,English
RealKraftyy,135181170,108585,19953,1235,710277,21198,4102026,TRUE,English
rhobalas_lol,135169095,174210,5224,779,100599,69851,3011205,TRUE,French
veloxey,135057600,88620,8596,1273,252913,180142,1874494,TRUE,Italian
ArQuel,134912310,116415,9110,1122,285920,45153,4895500,TRUE,Polish
ElOjoNinja,134761230,82020,9339,1484,273504,133594,5226901,TRUE,Spanish
Bamboe,134431230,118920,5956,1075,86644,25348,2322578,TRUE,English
Zalae,133078635,95010,5934,1351,170668,23494,1776974,TRUE,English
KheZu,132976365,124635,5322,991,122158,28840,2671995,TRUE,English
¤í___ (dragon3652),132487740,243375,2379,529,35503,11620,4618003,TRUE,Korean
RiotGamesOCE,132387150,40890,50458,3076,149775,65748,8437414,TRUE,English
Videoyun,132320235,123345,8057,1030,375697,85165,8078109,TRUE,Turkish
AlcastHQ,132082785,28905,12999,4680,81928,24582,41833833,TRUE,English
julien,132054690,80895,15150,1685,511861,177756,4880209,TRUE,English
iGeStarK,131957700,79455,12893,1282,244437,231731,2948954,TRUE,Spanish
Ziqoftw,131821710,94515,10569,1293,198304,33547,4933908,TRUE,English
ì¹¸ë_ë¥´ë_ (jmjdoc),131408250,170865,2395,756,30877,9502,4337476,TRUE,Korean
CouRageJD,131341275,14010,72100,8717,2115596,120434,2874860,FALSE,English
YoMax,131072925,58380,16952,2051,273980,129000,1715466,TRUE,French
JeffHoogland,130973670,113655,3375,1070,68914,7290,1965274,TRUE,English
GoBGG,130398315,92730,4198,1400,229586,37272,5971819,TRUE,French
Wackyjacky101,130390590,130335,5981,1012,209700,72794,9213152,TRUE,English
TaKeTV,130220190,108555,31809,829,227062,13033,2855045,TRUE,German
iceiceice,130179570,37545,8409,3107,183960,57797,2582911,TRUE,English
StarCraft,130159470,14850,56109,6636,342409,22130,4110003,TRUE,English
MadDecentLive,129993915,42510,36968,3069,95371,95352,44291541,FALSE,English
SoyPan,129903855,132840,13884,954,343191,162018,2167760,TRUE,Spanish
Multiplayerit,129567630,111795,15237,1053,58786,17650,30889814,TRUE,Italian
Markstrom,129129615,106620,71423,915,93045,35277,1829062,TRUE,English
Sintica,128908575,94845,8467,1207,160387,110955,7008648,TRUE,German
ops1x,128783415,68235,23490,1457,268942,254190,3050489,TRUE,English
wingz,128746905,92715,3940,1347,85695,32924,3057045,TRUE,Spanish
ZLOYn,128586435,49230,14155,2603,294277,284221,6731111,TRUE,Russian
HunterGodBr,128369655,89520,51612,1737,258876,254260,14078099,TRUE,Portuguese
leplol1,128314530,125385,9307,1444,157981,116243,3163399,FALSE,Portuguese
sacy,128171445,96630,10692,1304,206184,117190,3590048,TRUE,Portuguese
¤ì_ (hejin0_0),127710465,125865,3032,1017,123451,72192,5800110,TRUE,Korean
Naru,127650015,39825,13744,3045,344859,123779,5321664,TRUE,Turkish
Warcraft,127646610,10005,51972,13741,593564,31688,6635421,TRUE,English
FlexZ,127550640,114750,14278,897,155382,133959,3254805,TRUE,Spanish
DizzyKitten,127398990,80100,10080,1584,613135,54653,8960383,TRUE,English
ì§__ (wltn4765),127291245,134070,9379,980,99600,68129,6213041,TRUE,Korean
Staryuuki,127219620,77040,5530,1467,586475,530306,5418113,TRUE,Spanish
CeMka,127117680,110550,18473,979,86502,22116,4241970,TRUE,Russian
Halifax,126885855,160500,12478,793,228316,52433,2955093,TRUE,English
Gabi,126779310,63480,17866,2174,271202,178648,3821231,TRUE,Portuguese
Gigz,126436725,98685,15061,1136,254401,44075,1958787,TRUE,English
ë§¤ì_ë° (yagubu),126240810,66165,25478,1666,59697,53490,3379601,TRUE,Korean
richwcampbell,126132675,69870,34756,1878,108410,57422,3790423,TRUE,English
ESL_CSGO_FR,126026325,53295,22857,2570,193614,26073,4124889,TRUE,French
__ì§ (dkwl025),125872350,103365,6861,1237,220819,114560,4933531,TRUE,Korean
Cizzorz,125812350,56970,11782,1891,1866339,222573,3095942,TRUE,English
Robbaz,125249820,86415,4938,1427,229652,23827,5009610,TRUE,English
LenaGol0vach,124876665,30210,9115,4159,274237,40915,2969471,FALSE,Russian
Sinner666,124812240,24765,27996,4530,7102,7101,21322548,FALSE,Russian
TMemoryy,124620795,130440,3244,924,171107,64750,1027960,TRUE,English
Patriota,124595820,64305,29435,1951,646758,344213,3707623,TRUE,Portuguese
¬ë_êµ (runner0608),124525605,52785,17926,2434,164902,58988,4276695,FALSE,Korean
zorlaKOKA,124241010,100050,4977,1247,361102,83418,7654224,TRUE,Portuguese
calango,124180125,70155,8380,1736,767187,293608,3292645,TRUE,Portuguese
Adin2Huncho,124133550,64920,14502,1470,199880,162642,956614,TRUE,English
NumotTheNummy,123899265,105930,3359,1118,103069,8045,1530401,TRUE,English
aminematue,123826230,30480,16577,4016,124232,123363,2316908,TRUE,French
ZiggyDLive,123398085,99075,18437,1227,173807,15899,4249580,TRUE,English
KEEMSTAR,123365895,3465,74195,35333,146035,46367,7139253,FALSE,English
¬ìº£66 (crazzyccat),123279435,192780,2543,644,35930,24849,1889696,TRUE,Korean
RelaxBeats,123273930,521430,2830,235,166162,29595,1094850,TRUE,English
Destructoid,122628630,103020,14566,1190,48007,8995,87603521,TRUE,English
LITkillah,122524635,13560,21359,9104,601927,562691,2162107,TRUE,Spanish
ë¹__ (bighead033),122523705,153000,3940,793,213212,52289,4399897,TRUE,Korean
ë§__ì¹ (newmasca),122452320,217410,6431,567,109068,-4942,3417970,TRUE,Korean
AndyMilonakis,122311065,104745,10543,1153,547446,109111,3926918,TRUE,English
Remx,122192850,99180,13788,1205,178553,59432,2049420,TRUE,French