13,남자,172.9,59.4,9.7,69.6,19.9,119,43.4,43.9,50,230
13,여자,161.2,54.4,28.9,73.9,20.9,119,30.3,30.8,19,192
13,남자,172.9,59.4,9.7,69.6,19.9,115,38.5,43.4,53,232
17,여자,164.4,53.5,37.6,63,19.8,121,21,25.2,30,160
18,여자,156.3,43,31.2,63.5,17.6,106,23.1,19.9,5,114
18,남자,169.8,62.1,19,82,21.5,107,35.4,36,1,198
18,남자,175,80.2,28.3,82,26.2,106,43.4,47.5,32,214
18,여자,163,51.3,37,67,19.3,113,11.9,15,0,107
18,남자,170.3,70.3,19.1,75,24.2,113,50.1,51.4,20,225
18,남자,174.3,73.3,17.9,82,24.1,147,48.8,51.6,23,245
18,남자,169,73.8,25.2,87,25.8,110,34.4,40.3,29,173
18,남자,163.2,61.8,33.4,76,23.2,132,22.4,23.3,7,138
18,남자,177,72.6,25.3,79,23.2,137,31,33.7,27,190
17,남자,175.4,68.2,27,71,22.2,118,32.5,36,23,215
18,여자,149.8,55.7,33.1,74,24.8,109,20.4,24.7,21,169
18,여자,159.9,56.1,34.7,72.5,21.9,113,20.7,21.3,0,112
18,여자,168.2,64.9,36.1,69,22.9,122,25.1,27.7,13,160
18,여자,164.1,53,28.5,66,19.7,108,24,23.4,24,201
18,남자,173.5,60.1,18.9,66.5,20,135,33.7,34.4,51,178
18,남자,179.9,65.5,17.1,74,20.2,139,30.9,30.38,40,215
18,여자,160.9,55.9,39.3,71,21.6,119,21.4,19.9,3,90
18,남자,175.8,95.2,34.2,90,30.8,121,29,43.7,1,115
18,여자,158.4,43.9,29.7,45,17.5,140,20.9,22.6,37,141
18,남자,172.9,63,21.2,74,21.1,119,30.1,33.4,21,220
18,여자,155.6,45.5,23.9,61.9,18.8,106,18.3,20.9,9,125
18,남자,172.1,104.2,40.6,113,35.2,137,37.5,34.5,10,154
18,남자,183.2,61.3,17.8,76,18.3,105,39.7,40.6,22,243
18,남자,172.2,68.6,18.6,81,23.1,113,36,44.6,13,220
18,남자,179.1,61.5,14.4,71.4,19.2,111,43.9,34.7,80,233
18,남자,164,76.1,37.7,100,28.3,120,25.2,32.2,11,140
18,여자,164.5,56.3,26.2,69,20.8,115,28.7,24.3,26,177
18,여자,162.1,52.8,32,68,20.1,108,26.7,25.4,5,139
18,남자,176.1,89.5,32.6,92,28.9,113,40,57.4,14,195
18,여자,156.2,54.2,37.9,69.5,22.2,131,24.7,25.3,5,146
18,남자,171.7,86.4,29.6,94,29.3,109,38.1,43.7,24,163
18,여자,156.5,41.5,31.3,58,16.9,126,15,20,1,144
18,남자,178.5,65.5,10.6,74,20.6,128,50.3,48.8,80,270
18,여자,155.5,38.3,28.4,65.8,15.8,120,17.9,21.4,5,125
18,여자,166.4,60.7,31.8,71,21.9,124,19.9,24.7,50,160
18,남자,178.8,91.9,29.2,89.5,28.7,103,47.2,49.7,41,195
18,여자,154.3,49.4,37.4,66,20.7,113,19.2,18.1,6,139
17,남자,181.9,79.8,20.2,73.5,24.1,111,51.5,59.3,50,210
18,남자,174.2,111.1,39.7,103.5,36.6,107,55.3,52.5,20,205
18,여자,161.9,55.6,37.4,73.7,21.2,116,16.5,22.3,11,113
18,여자,162.5,46.7,28.7,60.6,17.7,125,16.5,20.3,0,103
18,남자,167.2,52.5,14.9,76.2,18.8,121,35,42.5,21,172
18,여자,155.7,63.6,43.3,80,26.2,107,16.7,17.5,2,124
18,남자,180.1,57.1,12.1,69,17.6,121,28.9,26.4,11,202
18,여자,164.1,46.6,26.2,62,17.3,116,17.1,15.8,13,145
18,남자,165.2,62.9,26.3,71,23,135,33.8,32.6,24,178
17,여자,163.3,61.3,38.4,72,23,121,23.7,26,5,101
17,여자,166.9,49.8,26.5,64,17.9,116,22.6,27.7,11,135
18,여자,159.2,54.5,36.3,70,21.5,111,20.7,20.6,10,155
18,남자,179,64.5,19.1,72,20.1,129,37.8,32.6,24,243
18,남자,166.4,73.8,32.8,87.2,26.7,135,33.4,34.7,45,180
18,남자,168.2,72.4,25.3,79.1,25.6,127,36,36.6,64,215
18,여자,162.4,68.3,41.8,73,25.9,124,8.3,9.1,25,145
18,여자,158.1,48.9,25.3,65.5,19.6,112,23.7,27.6,80,210
17,남자,181.1,107.6,39.9,110,32.8,107,37.2,39,4,97
18,여자,172.9,100.4,44.5,95.5,33.6,112,26.7,33.2,14,138
18,여자,157.8,52.7,35.8,69.5,21.2,108,16.9,15.6,2,124
18,남자,161.3,59.7,29.3,74.3,22.9,115,26.6,28.3,13,138
18,여자,153,55.2,37.4,73,23.6,103,17.9,13.9,20,160
18,여자,162.1,57.8,34.2,69,22,123,20.4,26,23,155
18,여자,154.5,67.2,38.1,84,28.2,124,22.7,27.9,14,130
17,남자,169.8,57.8,19.8,72,20,111,38.7,39.7,25,230
18,남자,179.4,68.9,21.4,79,21.4,112,42.8,44.2,47,200
18,여자,155.3,48.5,27.2,69,20.1,112,21.1,22.1,0,152
18,남자,179.8,75.7,20.4,72.5,23.4,148,43.3,48.1,67,235
18,남자,170.7,71.5,22.1,75,24.5,110,42.2,45.7,47,240
18,여자,166.9,68.3,34.2,75,24.5,109,21.4,23.4,59,185
18,남자,163.6,55.5,18.7,65,20.7,129,34,35.3,69,183
18,남자,179.3,77,19.1,80.3,24,137,39.1,44.9,15,240
18,여자,164.4,77.4,35.8,70,28.6,112,31.9,33.8,14,167
18,여자,157.2,57.6,33.9,76,23.3,112,27,25.4,30,168
18,남자,178.4,74,18.7,82,23.3,106,41.2,33.2,37,350
18,남자,175.6,71.6,26.7,82.5,23.2,112,33.8,33.6,40,170
18,남자,166.6,66.2,27.8,85,23.9,131,25.1,29.1,22,121
18,남자,169.8,74.6,29.6,90.5,25.9,114,35,33.8,34,145
18,여자,162.9,50.6,31,69,19.1,116,19.4,24,17,160
18,남자,164.2,51.9,16.9,68,19.2,115,33.2,35.4,36,163
18,남자,174.3,58.4,20,69,19.2,121,30.4,33.2,23,210
18,여자,158.7,60.8,33.2,72,24.1,120,20.9,18.2,11,121
18,남자,171.3,72.3,24.9,78.5,24.6,109,37.4,40.4,60,185
18,남자,172.1,60.1,17.9,82,20.3,111,34,33.7,0,132
18,남자,172.3,62.5,14.1,79,21.1,113,34.7,42.8,27,196
18,여자,168.7,71.3,41.2,75,25.1,120,21.7,26.1,6,136
18,여자,158.1,48.2,26.7,62,19.3,111,28,27.7,24,172
17,남자,175.2,55.4,12.7,69.6,18,108,37.8,45.5,80,230
18,여자,163.4,70.4,42.5,82.3,26.4,105,23.7,25.7,50,134
18,남자,174,99.3,39.7,108,32.8,104,47.5,55.3,18,190
17,남자,170.6,55.3,9,78,19,126,40.5,35,30,222
18,남자,175.7,71.6,11.2,76,23.2,127,53.7,54.6,27,270
18,남자,182.5,80.7,29.3,86,24.2,130,26.4,25,30,197
18,남자,185.2,73,14.7,78.2,21.3,127,41.6,37.8,40,203
18,남자,169.8,59.3,22.3,77.8,20.6,111,39.9,36.5,25,223
18,남자,174.6,74.6,26.2,77,24.5,124,31.8,36.6,50,185
18,남자,185.7,106.6,24.6,102.7,30.9,147,46.3,64.8,47,263
18,남자,171.9,79,16.2,79,26.7,119,39.3,48.1,80,263
18,남자,168.3,75.5,26.5,93.7,26.7,112,43.3,39.4,9,185
18,남자,180.8,95.8,29,96,29.3,140,32.2,48.8,88,240
18,남자,166.6,65.9,11.8,69,23.7,117,47.5,56.8,80,257
18,남자,170.4,56.3,12.8,69.4,19.4,114,33.4,36,38,244
18,남자,165.5,72.4,21.9,86.3,26.4,135,30.6,36.9,66,228
18,남자,169.9,73.4,27.4,89.8,25.4,133,29,34.7,25,17
18,남자,164.6,47.2,11.8,67.6,17.4,115,31.2,33.8,18,242
18,남자,180.5,108.5,32.9,118.2,33.3,139,35.4,36.2,13,220
18,남자,170.7,108.5,45.7,119,37.2,134,28.3,29.7,9,147
18,남자,183.2,67.1,9.8,76,20,119,49.7,50.2,32,245
18,남자,180.4,70.4,16.1,79.3,21.6,127,36.6,47.8,21,247
18,남자,173,70.8,18.9,76,23.7,122,33.5,34.7,80,233
18,남자,171.5,63.7,15.8,77.7,21.7,128,44.6,50.4,34,263
18,남자,171.8,59.3,22,74,20.1,118,25.9,34.4,44,214
18,남자,179.9,56.6,11.9,63,17.5,111,35,36.9,30,247
18,남자,170.2,93.7,39.3,105,32.3,131,33.2,36.2,22,158
18,남자,168.3,73.1,25.3,84.5,25.8,131,33.8,35.7,18,214
18,남자,174.7,69.3,14.3,77,22.7,124,25.7,30.6,80,202
18,남자,168.3,48.2,13.5,67,17,104,28.3,30.7,16,236
18,남자,174.2,84.3,32.2,102.2,27.8,113,35.1,40.5,23,187
18,남자,170.2,87.2,34,99.1,30.1,132,31.9,29.6,14,194
18,남자,177.1,74.9,21.7,80,23.9,114,34,28.3,45,205
18,남자,171.5,76,25.5,89.3,25.8,118,33.8,43.1,26,181
18,남자,177.5,59,21.2,70,18.7,107,23.4,36.6,4,183
18,남자,172.8,52.3,10.8,75,17.5,112,32.8,42.1,15,163
18,남자,174.2,75.9,30.3,93,25,118,19.9,26,21,166
18,남자,173.5,75.4,17.5,81,25,114,37.8,36.9,75,258
18,남자,164.3,62.5,25.5,78,23.2,125,25.1,23.7,10,197
18,남자,171.4,72,11.9,80.7,24.5,109,30.3,48.9,80,230
18,남자,183,84.3,25.4,94.3,25.2,118,36.8,34.6,39,212
18,남자,179.3,115.6,43.7,110,36,117,40.7,39.7,14,151
17,남자,171.8,63.5,25.1,76,21.5,105,30.4,28.1,16,203
18,남자,174,72,24.2,80,23.8,106,33.8,32.9,30,125
17,남자,167.3,68.1,17.5,80.8,24.3,125,41.8,45.7,37,245
18,남자,175.2,75.8,20.8,86,24.7,116,34.1,40.6,29,232
18,남자,172.3,67.9,18.7,76,22.9,126,38.1,41.3,34,215
18,남자,167.3,51.7,14.2,73.3,18.5,113,24.6,24.9,51,236
18,남자,173.2,64.3,21,71,21.4,122,31.9,33.7,5,205
18,남자,177.6,86.6,37.6,102,27.5,111,29.3,29.6,22,157
18,남자,177.4,66.2,19.3,82.1,21,119,39.3,44.3,25,195
17,남자,174.7,81.7,23.1,91.8,26.8,104,52.5,46.4,45,203
17,남자,180.2,56.7,14.2,74.6,17.5,111,32.6,33.7,40,202
18,남자,164.3,65.9,24.2,80.5,24.4,106,32.9,38.4,40,215
18,남자,180.2,119.9,45.6,109,36.9,141,27.3,28.6,16,174
18,남자,180.9,63.8,14.2,73,19.5,130,35.4,40.9,3,233
17,남자,179.4,70.2,23.1,83,21.8,124,30.9,30.3,10,179
18,남자,173.3,65.3,19.1,78,21.7,137,24.2,31.9,54,234
18,남자,171.5,67.6,19.2,78.9,23,111,25,27.7,16,210
18,남자,182.5,98.2,28.1,101.7,29.5,109,37.9,44.3,33,208
18,남자,170.4,59,19.8,80,20.3,109,25,32.2,64,174
18,남자,187.4,68.9,11.1,72.4,19.6,101,32.4,28,40,220
18,남자,169.6,76.8,30,94.8,26.7,113,28.4,34.7,25,192
18,남자,175.9,52.8,14.5,62,17.1,110,19.3,20,23,130
18,남자,172.5,92.6,34.7,96,31.1,147,31.9,38.1,8,190
18,남자,172.2,70.9,16,76,23.9,127,42.5,36.6,22,233
18,남자,173.4,58.1,21.9,70,19.3,111,31,36,34,204
18,남자,178.4,82.7,27.7,91.8,26,138,28.4,35.6,40,207
18,남자,170.3,92.2,34.9,105,31.8,148,28.3,35,25,190
18,남자,172.1,76.4,31.1,94.8,25.8,112,37.3,40.1,31,198
18,남자,186.8,91.9,23.7,85,26.3,137,49.4,53.5,9,227
18,남자,174.7,72.9,23.2,85.8,23.9,124,33.4,31.2,68,212
18,남자,173.2,58.6,18.2,75,19.5,108,23.8,28.7,15,212
18,남자,190,97.7,33.1,97,27.1,111,34.1,37.2,23,193
18,남자,169.3,50.3,1.3,66,17.5,108,26.3,29,15,204
18,남자,168.1,60.1,14,77.5,21.3,109,34.4,40.6,39,278
18,남자,177.3,61.8,14.1,72,19.7,108,31.2,34.3,21,197
18,남자,174.5,82.9,36,96,27.2,118,28.9,39,20,164
17,남자,172.7,97.3,38.4,111.8,32.6,139,36.5,30.6,17,186
18,남자,176.3,110,41.2,125.5,35.4,146,35.9,37.7,14,147
18,남자,169.4,83.2,29.7,99,29,148,41.6,40.6,25,135
18,남자,174.5,64.1,16.6,78,21.1,125,25.9,31.2,60,153
18,남자,170.7,67.4,29.2,93.4,23.1,127,31,37.6,67,172
17,남자,166.8,65.2,29.58,85.9,23.4,125,35.1,38.2,25,193
18,남자,185.3,74.2,23.3,75,21.6,124,26.7,37.8,31,202
17,남자,171.8,88,32.6,104.7,29.8,142,28.6,34.7,20,205
18,남자,167.3,68.1,25.4,87,24.3,137,31.9,45.4,20,169
18,남자,170.2,71.5,20,83.5,24.7,125,33.8,49.6,25,233
18,남자,189.2,98.1,25.5,95,27.4,129,47.5,49.6,23,195
17,남자,172.1,62.1,15.4,78.7,21,125,40.3,46.4,80,257
18,남자,176.1,59.9,16,74.2,19.3,116,35.4,35.9,33,210
18,남자,174.3,99.6,33.5,104.4,32.8,148,26.4,33.5,8,165
18,남자,173.4,85.5,30.7,95,28.4,135,36.9,44.5,11,158
18,남자,172.5,75.8,32.6,88,25.5,132,21.7,24.9,15,153
18,남자,183.5,64.7,17.8,71,19.2,126,25.6,29.6,34,205
18,남자,177.5,59.3,21,75.4,18.8,121,35,33.2,11,213
18,남자,167.6,66.4,19.9,80.6,23.6,117,36.7,41.5,33,231
18,남자,182,81.6,26.6,93.7,24.6,137,37,39.4,17,184
18,남자,177.3,70.6,17.2,78,22.5,131,38.5,44.5,40,240
18,남자,163.9,49.6,18.1,65,18.5,119,34.3,37.5,17,183
18,남자,178.7,99.4,37.6,101,31.1,140,32.8,31,18,154
18,남자,180.8,63.2,20.1,78.5,19.3,112,29.3,33.2,10,221
18,남자,184,126.7,40.4,123,37.4,150,28.4,34.7,22,117
18,남자,170.4,73.3,26.8,88.2,25.2,128,33.8,32.1,25,182
18,남자,165.6,70.2,24.4,82,25.6,136,31.5,32.2,30,231
18,남자,170.2,66.6,25.2,80,23,145,39,40.1,30,202
18,남자,181.4,74,23.5,85,22.5,122,30.3,35.1,40,239
18,남자,180.1,68.6,18.4,73,21.1,135,28.1,31.6,30,180
18,남자,182.6,89.1,29.1,99.7,26.7,139,33.3,35.6,28,193
18,남자,164,54.6,24.9,75.5,20.3,124,24.6,27,5,163
18,남자,174.7,80.5,21.7,85.9,26.4,137,28.9,22.7,37,138
18,남자,169.3,76.8,23.3,86.6,26.8,140,44.9,38.2,16,201
18,남자,174.3,71.5,18.6,79.1,23.5,125,34.9,34.3,33,232
18,남자,181,88.4,27.8,93,27,121,32.8,46.6,21,190
18,남자,176.5,64.8,27.3,80,20.8,116,30.9,33.7,33,204
18,남자,178.1,83.2,26.6,88,26.2,121,43.1,34.7,27,233
18,남자,171.9,65.5,15.4,75,22.2,132,35.7,42.8,80,245
18,남자,165,84.4,38.7,105.6,31,138,27.1,27,3,161
17,남자,172.3,89.6,33.1,94,30.2,112,42.8,49,23,176
18,남자,171.6,77.7,25.9,90.9,26.4,136,40.6,39.6,60,217
18,남자,179.2,65.4,16.6,73,20.4,122,37.8,35.6,21,212
18,남자,174.3,78.4,28.2,86,25.8,130,34.3,38.2,31,191
18,남자,171,79.4,30.5,85,27.2,115,34.4,46.1,24,235
18,남자,169.4,51,15.1,70.4,17.8,114,25.4,28.7,14,144
17,남자,181.9,68.4,11.8,73,20.7,120,34.1,38.5,30,182
16,남자,175.7,55.69,12.4,63,18,110,42.9,52.1,42,242
17,남자,179.1,63,20.6,69,19.6,105,30.8,37.4,40,203
16,남자,169.5,66.9,22.3,74,23.3,118,43,42.6,32,232
17,남자,165,92.6,38.8,101.5,34,120,38.7,44.3,24,200
17,남자,163.8,55.6,15,69,20.7,109,35.5,43.1,50,230
17,남자,173.4,64.9,15.8,71.5,21.6,113,33.2,31.6,26,236
17,남자,171.6,56,18.8,71,19,108,32.5,31.2,23,225
17,남자,178.8,99.1,36.1,93,31,120,33.7,30.4,34,160
16,남자,175.6,68.8,26.6,77,22.3,110,37.6,38.8,38,215
17,남자,167,57.7,13.6,64,20.7,123,41.3,41.6,50,235
17,남자,187.9,124.3,41,119,35.2,119,46.9,43.9,40,182
17,남자,164.4,61,29.6,72,22.6,111,28.6,27.3,35,216
17,남자,181.7,63.6,14.5,70.5,19.3,120,42.4,34.7,46,252
17,남자,168.5,63.9,18.8,71,22.5,114,35.4,46.1,44,206
17,남자,177.5,58.1,11.2,68.5,18.4,114,36.7,41,52,244
17,남자,178.3,82.3,14.7,80,25.9,117,43.7,44.4,33,220
17,남자,175,85.3,24.4,87,27.9,115,33.6,43,35,240
17,남자,170.3,75.3,29.1,85,26,111,36.6,31.8,30,202
17,남자,170.5,87.5,33.7,89,30.1,110,34.4,39.3,30,192
16,남자,170.8,67.4,21.9,79,23.1,112,40.9,49.3,64,175
16,남자,181.1,97,34,94.5,29.6,110,41.2,32.9,35,193
17,남자,167.2,79.4,32.5,88,28.4,112,38.7,37.8,36,222
16,남자,175.8,76.7,21.6,81.5,24.8,116,41,38.4,31,222
16,남자,177.1,69.5,20.6,74,22.2,109,35.1,42.1,40,243
16,남자,175.5,58.4,10.9,68,19,115,45.4,47.6,40,245
16,남자,164.1,59.5,20.1,71,22.1,116,39.9,36.8,80,225
17,남자,168.5,93.9,34.4,98,33.1,114,31,41.3,21,233
17,남자,184.3,97.4,36.1,91.5,28.7,110,37.6,46.1,25,203
17,남자,168.3,76,25.6,80,26.8,115,38.4,44.3,22,242
17,남자,168.5,59.9,18.2,70,21.1,116,37.4,35,80,252
16,남자,190,96.9,27.3,93,26.8,118,38.6,32.4,51,202
17,남자,175.8,98.4,32.9,91,31.8,109,25.6,37.6,26,206
16,남자,180.9,69.3,14.3,71.5,21.2,109,44.4,43.1,37,232
17,남자,161.2,77.2,32.9,88,29.7,115,29,35.3,23,172
17,남자,172.7,74.6,24.4,81,25,110,31.8,40.5,32,207
17,남자,173.8,69.7,19.9,73,23.1,110,44.3,44,76,252
17,남자,163.5,51.8,14.3,66.5,19.4,115,25.1,28.1,33,216
17,남자,174.9,64.1,16,72,21,112,49.3,47.6,80,212
17,남자,174.1,79.6,21.7,80,26.3,113,43.7,45.9,69,213
17,남자,173.4,58,16.7,64,19.3,114,33.8,35.3,32,250
17,남자,190.9,70.8,17.2,60.7,19.4,110,36.5,38.3,34,235
17,남자,162.2,60.3,22.3,77,22.9,105,29.2,24.9,36,215
17,남자,183.3,71.4,19.5,72,21.3,115,39.9,50.4,80,240
17,남자,172.4,76,26.9,85,25.6,113,42.9,40.9,80,232
17,남자,160.9,45.6,13.7,64,17.6,105,32.6,36.3,3,227
17,남자,169,76.5,19.7,86.5,26.8,108,39.9,41.3,26,216
16,남자,181.8,92.8,26.1,96,28.1,115,50.4,42.3,28,232
17,남자,163.3,85.3,41.1,100,32,112,33.5,37.5,14,152
17,남자,171.5,94.5,34.2,92,32.1,120,40.5,40.6,32,186
17,남자,166.6,48,13.4,60,17.3,108,31.3,34.6,42,207
17,남자,175.2,78.3,29.2,88,25.5,114,38.7,35.7,29,190
17,남자,175.9,72.2,27.4,78.5,23.3,104,34.4,45.4,40,230
17,남자,163.7,79.2,40.7,91,29.6,117,25.8,29.3,34,152
17,남자,169.3,81.8,32.3,94,28.5,120,36.2,38.8,60,208
17,남자,171.8,71.2,20.2,76,24.1,118,39,42.1,80,207
17,남자,172,51.9,7.7,64,17.5,114,35.1,42,49,225
17,남자,185.6,101.5,25.4,93.5,29.5,110,35.1,42.6,24,242
17,남자,181.6,94.2,31.5,89,28.6,120,37.1,35,24,206
16,남자,172.6,132.5,43.5,112,44.5,115,48.9,52.9,26,175
17,남자,162.3,67,36.6,80,25.4,120,23.1,22.7,22,160
17,남자,167.8,71.1,25.5,84.5,25.3,110,29.3,37.5,25,185
17,남자,168.6,50.7,9,68,17.8,120,37.6,32.5,47,245
17,남자,182.2,83.4,30.3,87,25.1,110,32.5,30.7,18,183
17,남자,175.2,53.9,18.1,73,17.6,102,26.8,27.7,17,207
17,남자,173.6,66.1,13.2,70,21.9,114,35.9,44.7,31,240
17,남자,172.8,47.9,7.8,62,16,120,33.5,42.9,21,200
17,남자,174.3,70.7,23,83.5,23.3,114,13.4,17.3,0,170
18,남자,172.3,60.8,18.4,71,20.5,115,34.3,41.7,30,225
17,남자,175.3,56.4,12.6,68.5,18.4,124,34.3,37.6,40,220
17,남자,180.3,70.7,16.5,74,21.7,115,36.6,43.3,38,225
17,남자,168.5,62.6,19.4,72,22,115,25.5,23.2,20,182
16,남자,165.9,57.2,15.6,67,20.8,115,34.6,31.8,40,200
18,남자,178.1,67,9.8,76,21.1,114,41.7,46.6,21,242
18,남자,172.8,67.3,21.8,77.6,22.5,110,30.4,34.4,25,172
17,남자,171.5,73,26.3,80,24.8,105,35.9,35.9,40,220
18,남자,168.3,58.6,18.1,69,20.7,108,38,35.1,30,225
17,남자,180.5,101.4,28.9,97,31.1,125,38.6,42.3,9,220
17,남자,172.7,58.8,13.7,70,19.7,115,30.4,31.2,23,205
18,남자,182.8,84.7,26.8,88,25.3,114,31.2,33.7,21,183
18,남자,164.2,67.2,30.8,84.5,24.9,120,37.1,40.4,20,200
17,남자,186,89.8,19.8,92,26,118,43.9,47.4,31,195
16,남자,183.3,59.6,10.7,67,17.7,112,34,32.8,18,192
17,남자,166,51.8,13,63,18.8,116,34.3,34.6,43,215
17,남자,182.1,59,10,67,17.8,118,36.3,46.7,77,210
18,남자,177.8,68.5,18.5,75.5,21.7,110,34.3,35.6,41,237
17,남자,182.8,81.9,13.1,75,24.5,111,42.9,51.4,69,242
17,남자,175.9,60.4,16.5,74.5,19.5,113,30.7,40,80,200
16,남자,172.4,51.6,14.5,65,17.4,123,34.7,34,41,210
17,남자,173.5,92.9,35.8,97,30.9,123,35.9,43.1,45,180
17,남자,179.3,74.8,12.5,79,23.3,125,52.1,53.9,21,210
18,남자,176,78.2,23.2,83,25.2,120,43,44.7,34,255
18,남자,169.8,73.5,24,86,25.5,115,39.7,41.7,40,205
18,남자,178.7,57.7,11.5,66,18.1,113,36,35.3,20,235
17,남자,171.9,70,20,78,23.7,115,38.7,46.3,60,235
16,남자,173.4,55.1,18,70.5,18.3,116,26.1,27.5,28,210
17,남자,169.4,60.2,21.5,72.5,21,126,33.2,38.2,23,190
17,남자,169.3,61.3,14.5,72,21.4,115,40.6,39.2,57,210
17,남자,177.4,64.3,16.6,73,20.4,118,39.9,47.7,56,245
17,남자,167.8,84.8,38.1,92,30.1,120,27.7,29.6,21,165
17,남자,176.6,83.2,30.8,89,26.7,112,36.5,37.4,24,204
16,남자,179,99.1,31.1,95,30.9,115,26.6,27.5,26,110
18,남자,167.8,54.5,16.3,66,19.4,106,34,41,17,213
17,남자,169.2,55.7,19.4,67,19.5,110,33.8,28.2,2,181
18,남자,179.6,57.6,17.2,65,17.9,110,32.5,32.5,20,228
18,남자,159.2,57.6,31.8,71,22.7,110,35.1,36.6,22,195
18,남자,173.3,57.7,13.9,67.5,19.2,105,36.6,30.7,27,245
18,남자,174.1,56.1,18.5,67,18.5,115,30.3,32.8,22,232
18,남자,174.1,91.6,33.1,91,30.2,113,38.2,44.5,30,0
18,남자,173.2,74.9,23.5,81,25,125,34.8,40,15,230
17,남자,177.2,70.9,24.6,75,22.6,120,45.7,45.7,11,220
18,남자,176.1,72.7,26,76,23.4,110,35.7,36,22,172
18,남자,172.2,73.5,28.6,79,24.8,105,32.8,32.5,2,203
18,남자,177.3,87.2,19.8,85,27.7,110,40.1,46.8,22,210
18,남자,177.5,65.8,18.2,77,20.9,114,41.3,42.7,34,227
17,남자,172.2,50.4,11.1,62.5,17,113,31.8,28.9,30,208
18,남자,172.5,66.3,22.1,77,22.3,105,34.3,38.4,30,238
18,남자,177.4,62.8,17,74.5,20,114,33.8,35.7,23,170
18,남자,174.3,100.7,36.6,106.5,33.1,114,30.3,27.3,20,170
18,남자,184.5,83.7,24.2,90,24.6,120,41.1,45.7,55,210
18,남자,167.5,55.3,15.6,69,19.7,114,31.8,37.1,45,245
18,남자,167.2,62.3,16.9,70,22.3,105,41.3,41.4,40,236
18,남자,172.5,64,19.4,74,21.5,110,30.3,32.5,30,225
17,남자,175.1,53.7,10.3,63,17.5,115,36,39.1,23,267
18,남자,160.5,74.1,37.2,89,28.8,113,25.8,26.63,17,178
18,남자,175.5,52.3,11.4,65,17,114,28.6,30.3,15,210
18,남자,167.2,105.6,41.7,113,37.8,109,37.1,40,10,210
18,남자,180,88.1,29.5,88,27.2,110,29.2,39.7,1,181
18,남자,168,70.1,29,78,24.8,100,36.1,35.6,15,190
17,남자,176.4,54.9,12,64,17.6,113,36.9,24.8,27,210
18,남자,170.6,74.5,24.1,82,25.6,114,44.7,32.6,78,242
18,남자,184,66.6,15.5,75,19.7,121,46.4,38.4,25,240
17,남자,178.3,99.8,33,95,31.4,125,32.4,35.4,20,173
18,남자,182.4,62.9,16.8,68,18.9,105,26.3,27.7,27,215
18,남자,175.8,64.6,14.7,71,20.9,105,27.7,29,25,228
17,남자,161.3,70.8,33.3,87,27.2,109,40.1,40,30,220
18,남자,169,61,17.9,75,21.4,110,35.3,35.9,30,235
18,남자,167.7,66.7,25.1,91,23.7,110,44.1,41.9,19,252
18,남자,175.3,66.2,13.2,66,21.5,115,36.4,40.6,41,218
18,남자,183.5,94.2,18.6,92,28,114,20.6,24.9,10,234
18,남자,160.6,62.4,29.7,78,24.2,111,33.4,32.9,18,185
18,남자,176.1,70.3,20.2,76,22.7,113,41.4,43,80,225
17,남자,166.9,65.4,19.4,76,23.5,105,48.1,37.9,22,200
17,남자,169.3,87.5,39.7,94,30.5,110,25.1,27.3,30,170
18,남자,182.9,60.3,12.7,66,18,111,41.7,42.4,60,247
18,남자,168.9,61.7,24.5,71,21.6,110,35.4,44.7,21,208
18,남자,174.1,71.4,18.4,75,23.6,120,46.9,46.1,0,235
18,남자,176.4,92,27.8,97,29.6,105,37.1,42.6,10,200
18,남자,176.6,86.6,29.9,91,27.8,110,31.6,40.4,36,208
18,남자,164.5,53.9,19.4,72,19.9,115,39.3,37.3,31,216
18,남자,179.9,58.5,10,69,18.1,110,33.2,36.8,21,180
17,남자,172.6,68.2,24.8,74.5,22.9,120,47,42.1,30,200
17,남자,175.2,106.6,39.2,104,34.7,115,36,43.3,30,180
18,남자,180.4,72.2,22.9,78,22.2,113,39.7,48.9,40,230
18,남자,170.6,57.5,15.6,67,19.8,121,39.6,36.2,20,193
18,남자,171.7,67.8,20.8,73,23,115,46.3,46.6,20,234
18,남자,174.3,65,26,76,21.4,115,31.2,32.2,26,200
18,남자,189.2,76.3,14.9,80,21.3,103,49,55.4,30,225
17,남자,170.5,53.2,14.5,67,18.3,105,35,38.7,80,243
18,남자,182.1,77.3,17.8,75,23.3,105,38.1,36.6,80,255
18,남자,170.9,80.3,34.1,89,27.5,113,27.6,33.3,20,210
18,남자,167.4,62.2,22.7,74,22.2,115,36.3,40.9,15,225
18,남자,187.3,76.7,17.8,77,21.9,105,39.7,37.4,20,252
18,남자,180.2,111.3,38.2,110,34.3,114,30.6,33.2,15,176
18,남자,167.2,68,26,82,24.3,105,42.6,44.1,32,199
18,남자,169.6,87,29.2,92,30.2,114,56.5,64.4,16,214
17,남자,176.7,80.6,29.1,90,25.8,105,33.5,42.7,21,218
18,남자,168.9,66.3,16.4,74,23.2,114,38.7,49.1,40,260
18,남자,175.4,36.6,19.3,66,11.9,108,28.6,26.1,30,205
18,남자,169,73.2,23.1,69,25.6,114,39.6,37.4,30,182
17,남자,177.2,65.8,19.4,78,21,115,38.5,36.8,25,202
18,남자,162.3,79.5,31.5,88.5,30.2,105,42.9,55.7,50,224
18,남자,176,75.5,20.1,80,24.4,110,24.6,18.2,24,206
18,남자,181.7,69,14.9,75,20.9,115,39.6,41.7,66,200
17,남자,167.4,68.3,28.7,73,24.4,115,27.5,31.9,30,198
18,남자,163.7,50,17.9,68,18.7,114,25.8,24.4,26,212
18,남자,182.1,61.4,11.6,69,18.5,108,38.5,42.7,27,246
18,남자,178.3,75.9,28.2,87,23.9,105,31.9,29.2,25,200
18,남자,173.1,58.1,12.8,67,19.4,110,31,30.7,30,215
18,남자,176.2,90.1,27.4,99.5,29,115,31,32.6,20,225
18,남자,182.6,55,8.9,64,16.5,105,33.2,35.9,23,253
18,남자,177,88.2,25.8,85.5,28.2,115,50.9,53.6,40,270
18,남자,163.7,66.2,28.4,80,24.7,125,33.4,29.3,22,215
17,남자,172,93.7,34.3,96,31.7,125,36.6,40.7,25,210
18,남자,162.5,66.4,21.4,77,25.1,120,35.7,42.7,80,245
18,남자,184.6,58.2,9.8,65,17.1,126,37.6,36.6,80,250
17,남자,174.3,65.5,24.7,83,21.6,125,39.1,39.9,13,198
18,남자,166.2,55.8,18.7,72,20.2,114,32.4,31.9,50,205
17,남자,173.4,99.2,30,103,33,110,53.9,44.3,55,210
18,남자,174.3,60.4,14.9,66.5,19.9,110,35.9,42.9,25,205
18,남자,172.5,75,20.1,78,25.2,109,37.1,38.5,80,226
18,남자,175.2,82.7,39.4,91,26.9,104,33.4,41,50,173
17,남자,182.1,68.8,14.6,71,20.7,114,36.9,36,19,210
18,남자,176,71.4,23.2,84,23.1,113,38.4,39.9,30,206
18,남자,168.7,105.1,36.9,107,36.9,110,45.6,45.1,22,206
17,남자,180.2,89.7,34.1,90,27.6,132,41.1,39.7,17,205
18,남자,177.2,71.7,13.4,75,22.8,126,51.4,50.6,80,240
18,남자,176.1,73.6,23.5,81,23.7,120,36.5,37.5,20,236
18,남자,166.1,53.1,10.7,66,19.2,120,33.8,36.5,80,245
18,남자,162.8,56.5,15,67,21.3,121,45.1,42.4,26,235
17,남자,182.3,73.4,17,72,22.1,114,42.3,47,80,272
18,남자,175.7,79.6,18.2,84,25.8,110,49.7,49.6,8,225
18,남자,171.9,68.1,25.9,80,23,114,35,33.5,10,202
18,남자,170.5,65.4,17.9,75,22.5,125,44.6,44.7,80,226
16,남자,163.6,61.18,21.7,80.4,22.9,122,38.8,44.2,0,230
16,남자,176,67.7,21.4,73.7,21.9,110,33.7,36.1,20,175
16,남자,184.5,69.5,11.4,77,20.4,130,46.9,39.7,18,230
17,여자,165.3,56.9,32.6,68,20.8,125,22.9,23,27,126
17,남자,177.3,69.9,18.9,79.3,22.2,130,32.5,36.1,40,205
17,여자,155.8,43,29.1,60,17.7,115,18.4,20.9,29,120
17,남자,184.1,118.2,39,108.7,34.9,125,32.3,40.3,17,165
18,남자,180.2,101.4,26.9,97,31.2,120,54.6,64.2,80,200
17,여자,159.7,54.3,34,72,21.3,120,25.3,26.4,28,180
17,여자,160.4,64.4,37.3,68,25,110,23.9,23.7,22,120
17,남자,171,58.9,18.6,73,20.1,135,36.1,34.3,40,200
17,남자,174.7,62.4,18.2,76,20.4,105,36.9,43.9,55,215
17,여자,156.5,42.4,31.1,62,17.3,125,23.9,23.6,11,140
16,여자,163.1,60.8,40.1,72,22.9,130,21.3,22.4,25,144
17,남자,178.5,64.1,18.6,82,20.1,135,32.5,33.4,51,215
16,여자,163.6,60.5,37.6,65,22.6,125,20.9,23.4,30,140
17,남자,166.8,51.4,17.2,69,18.5,140,33,37.9,57,210
17,남자,172.9,68.2,19.5,92.4,22.8,130,33.6,31,40,180
17,남자,183.4,137.5,45.6,126,40.9,120,40.6,47.4,18,210
17,여자,162.5,61,38.2,71,23.1,125,20.6,24,46,160
17,남자,182,67.6,20.7,81,20.4,115,32,32.2,80,205
17,여자,173.1,60.8,24.8,76,20.3,120,23.7,31.7,80,135
17,남자,175.6,73.2,27.3,89,23.7,120,34.9,36.4,52,200
16,남자,186.7,81.7,19.7,83,23.4,135,33.1,34.3,28,180
17,남자,174.9,103.1,38,94,33.7,125,28.7,28.9,50,195
17,남자,173.6,63.1,17.3,71,20.9,115,41.7,18.3,25,195
17,남자,162.2,58.2,15.3,71,22.1,125,44,48.7,80,220
17,남자,168.9,64.2,19.6,76,22.5,120,36.5,38.1,80,230
17,여자,166.7,73.4,33.7,76,26.4,115,25.8,30,67,145
17,남자,176.2,80.3,28.6,87,25.9,120,30.2,37.7,28,180
17,남자,162.3,78.5,36,97,29.8,115,36.4,35,8,145
17,남자,166.8,75.1,29.3,92,27,135,25.3,27.1,80,195
17,남자,179.1,69.7,20.3,79,21.7,125,32.7,46.9,39,195
17,남자,176.3,63.1,17.8,68,20.3,130,42.5,42.7,41,180
17,여자,159.2,49.4,34.8,61,19.5,130,22,22.4,24,157
17,여자,169.5,98.2,43.2,100,34.2,125,27.9,34.3,17,100
17,남자,175.6,98.7,39.3,92,32,140,36.6,37.5,36,200
17,여자,162.2,53.6,33.6,66.8,20.4,135,24.9,23.3,68,120
18,여자,150.6,41.9,32.2,66,18.5,130,13.7,15.3,17,75
16,남자,169.7,59.3,24.4,77,20.6,130,23.4,22.4,34,215
17,여자,161.9,45.1,27.2,58,17.2,135,20.4,21.4,18,125
17,여자,156,56,33,71,23,138,24.4,27.6,18,120
16,남자,173.1,83.5,34.2,84,27.9,124,37.9,40.6,40,173
17,남자,171.5,53.3,18.7,67,18.1,132,32.4,37.4,39,190
16,여자,159.4,45.4,32.1,70,17.9,110,13.3,17,18,135
17,남자,175.2,86.1,40.9,91,28.1,132,27.9,32.1,33,125
17,남자,182.1,73.9,18.2,78,22.3,118,37.5,56.5,29,225
17,여자,157.1,51.7,36.8,69,20.9,120,15,18.1,15,110
15,남자,177.9,55.9,13.7,69,17.7,110,28.6,32.9,80,215
17,남자,168.4,82.4,33.5,88,29.1,135,43.1,48.7,24,195
16,남자,167.4,56,20.5,73,20,120,30.6,33.3,39,163
17,여자,164.7,48.9,27,66,18,125,19.3,24.1,40,185
16,남자,175.5,70.6,18.8,74,22.9,125,37.6,42.4,80,210
17,남자,174.4,70.2,20.1,79,23.1,130,35.1,41.3,80,190
17,남자,178.4,79.4,14.6,80.7,24.9,120,63.4,65.6,80,235
17,남자,173.1,60.2,11.6,69,20.1,115,36.6,41.4,80,165
17,여자,159,54.8,25.2,66,21.7,115,25,24.9,80,147
17,여자,168.3,59.2,34.1,64.7,20.9,140,26.4,29.8,25,170
17,여자,168.7,60.1,31.7,70,21.1,130,25.3,27.1,21,150
17,여자,166,101.7,50.7,108.2,36.9,115,31.3,29.3,12,105
17,남자,178.2,82.1,18.9,87.3,25.9,135,50.6,57.1,15,210
17,여자,151.1,43.4,31.7,60,19,145,20.4,22.9,32,150
17,여자,150,49.7,38.3,61,22.1,120,23.3,26,33,150
17,남자,173.3,54.4,12.2,69.9,18.1,120,33.4,40.9,49,235
17,여자,163.7,54.5,30.7,60,20.3,120,26.1,27.9,48,170
17,여자,157.8,51.3,33.7,62,20.6,110,18.3,19.7,10,128
16,남자,178.7,74,17.4,78,23.2,125,33.4,42.7,80,230
17,여자,167.6,80.3,40.1,83,28.6,120,30,32.3,17,125
17,남자,164.2,53.2,24.9,69,19.7,130,25.1,12.4,43,100
17,남자,174.4,68.9,18.9,76,22.7,130,38.4,45.1,80,208
16,남자,174.8,68.9,11.2,77,22.5,140,40.1,45.9,80,220
17,여자,164.6,56.3,32.6,64,20.8,110,20.3,26.4,12,110
17,여자,155,58.9,38,75,24.5,115,20.7,19.4,70,160
17,남자,171.4,50.2,16.1,67,17.1,110,34.9,39.7,51,183
17,남자,165.2,44.4,12.5,66.2,16.3,120,27.3,29.9,41,185
17,여자,164.2,64.5,34.8,83,23.9,105,25.9,28.7,18,130
17,여자,167,57.1,36.8,69,20.5,105,18.7,20.3,22,135
17,여자,160.7,61.9,38.3,77,24,120,18.2,26.1,22,135
17,여자,160.8,50.1,29.5,66.5,19.4,135,25.9,25.1,80,165
17,남자,177,71.5,20.8,80,22.8,120,31.3,34.3,20,215
17,남자,172.9,88.8,35.8,101,29.7,130,25.4,29.7,21,145
17,남자,162.7,53.6,22.7,71.4,20.2,130,32.9,13.7,19,145
17,남자,169.3,54.7,19.3,70,19.1,120,29.1,32.5,22,150
16,남자,173.2,65.1,16.3,73.6,21.7,125,40.1,36.9,26,235
17,여자,165.7,51.8,29.9,76,18.9,130,17.4,24.2,31,142
17,남자,165.1,50.8,28,72,18.6,130,23.9,25,66,145
17,여자,159.5,47.6,31.8,65,18.7,130,20.4,25.1,42,110
17,여자,163.9,63.8,35.4,81,23.7,130,23.9,26.1,80,130
16,여자,157.4,55.5,36.3,68,22.4,115,20,20.9,35,120
17,남자,170.6,65.4,21,78,22.5,115,37.9,37,80,200
17,남자,174.3,58.7,16.8,69,19.3,135,13.4,16,42,195
17,남자,170.6,59.4,19.5,62,20.4,120,38.4,40.9,80,225
17,남자,164.9,66.2,27.5,77,24.3,125,26.9,40.3,35,175
17,여자,155.1,53.9,36,78,22.4,110,25.3,28.3,15,150
17,남자,171.3,69.3,19.7,82,23.6,125,42.6,44.9,80,210
17,남자,173.2,97,38.7,109,32.3,125,29.5,39.4,22,170
16,남자,183.1,69.7,15.5,71,20.8,125,37.5,47.7,37,230
17,남자,168.7,77.5,26.7,89,27.2,130,40.4,36,41,190
17,남자,171.3,55.3,15.4,73,18.8,115,30.1,35.9,54,200
17,남자,169.1,51.5,15.4,66,18,105,26.9,31.3,12,170
16,여자,160.1,55,35.4,73.9,21.5,130,20.3,22.6,23,110
16,여자,159.1,41.6,25.1,59,16.4,130,21.4,18.3,11,115
16,남자,175.6,83.2,31.7,91,27,115,29.3,32.4,29,180
17,여자,155.1,54.5,36.4,68,22.7,125,25.9,27.3,36,140
17,여자,157.1,60.5,35.3,68,24.5,135,20,25.9,20,140
17,여자,161.8,51.3,31.6,60,19.6,115,20,21,15,130
16,여자,166.1,93.6,42.2,88,33.9,130,35.9,41.3,27,120
16,여자,151.2,42.8,37.4,63,18.7,115,17.6,18.3,17,125
16,여자,159.6,41.8,30.1,61,16.4,110,20.4,18.1,12,115
17,여자,156.7,60.3,39.4,75,24.6,120,23.9,24.6,18,115
18,남자,170.7,64.1,11.8,75,22,130,41,44,80,235
17,남자,177.9,66.5,8,73,21,115,42.7,48.6,80,260
17,여자,164.5,58.9,39.8,70,21.8,120,25.7,28.1,26,110
16,남자,174.6,109.3,40.1,113,35.9,115,26,37,26,160
17,여자,168.9,51.5,28.6,67,18.1,120,20.3,22.7,80,155
17,여자,162.9,68.2,39.9,79,25.7,130,22.4,26.4,16,125
17,여자,159.5,53.2,32.6,64,20.9,110,23.3,26.4,40,135
17,여자,161.2,56.1,33.7,67,21.6,140,22.2,25.3,26,175
17,여자,162.2,50,30.2,66,19,130,19.7,20.4,1,118
17,남자,173.1,81,31.9,88,27,130,27.5,39.6,21,170
17,여자,164.7,78.4,41.1,80,28.9,115,21.4,25.9,23,110
17,여자,165.3,55.4,30.6,63,20.3,120,25.9,26.3,30,190
17,여자,168.6,55.8,30.5,66,19.6,130,22.4,23.7,8,160
17,남자,172.5,72.2,20.4,80,24.3,120,36.7,38.3,66,197
17,남자,174.6,57.9,14.4,69,19,130,32.6,32.3,59,211
17,남자,176.8,91.1,32.1,90,29.1,125,32.1,34.3,54,195
17,여자,158,55.1,37.9,70,22.1,128,17.6,21.1,13,125
17,남자,165.5,100.9,42,103,36.8,120,28.3,29.4,11,157
17,여자,166.3,47.3,21.3,60,17.1,120,28.3,31.4,56,195
17,여자,157.8,54.3,34.6,67,21.8,125,20.7,21.6,19,110
17,여자,153.9,41.8,21.1,67.4,17.6,120,23.1,26.9,28,182
17,남자,178.7,54.3,13.8,76,17,110,43.3,42.1,56,135
17,남자,167.1,95,39.1,109,34,120,28,26.3,28,165
17,여자,160.8,49.2,35.1,61.3,19,130,8.5,16.7,29,127
17,여자,165.1,73.6,40.3,85,27,115,26.2,27.4,30,120
16,여자,158.5,45.7,27.3,67,18.2,115,17.1,17.4,22,146
17,남자,174.7,70.3,23.1,76,23,130,47.6,51,24,190
17,여자,154.3,49.2,34.7,62,20.7,135,20.5,21.9,28,140
17,남자,169,56.8,20,68,19.9,140,29.1,27.4,80,200
17,여자,164.4,68,39.3,78.3,25.2,115,22,26,22,115
17,여자,159.5,51.6,30.8,75.4,20.3,120,26.3,30.1,22,145
17,남자,175.3,99.1,46.1,107,32.2,115,19.1,31.4,19,147
17,여자,161.6,62.7,36.7,72,24,130,23.9,25.9,35,147
16,남자,177.7,68.1,12.4,77.9,21.6,110,33.2,46.1,80,210
17,남자,168.6,72.4,33.2,79,25.5,125,37.6,43.6,80,170
17,남자,174,80.4,22,82.3,26.6,130,39.6,46.7,33,222
17,여자,152.7,51.2,33.4,63,22,120,21.4,23.6,80,165
17,여자,160.3,65.5,39.4,83,25.5,135,21.3,25.6,29,110
17,남자,170.5,95.1,43.8,98,32.7,130,33.3,41.1,46,137
17,여자,162.3,53.3,32.8,68,20.2,130,25.9,28,68,135
17,남자,178.3,79.5,20.1,80,25,140,60,57.4,80,210
17,여자,157.4,48.4,38,64,19.5,125,19,21.3,31,147
17,남자,160.6,47,12.2,69,18.2,115,28.6,35.3,42,227
17,남자,173.8,59.7,8.8,70,19.8,130,31.3,29,50,230
17,여자,171.1,82.3,41.6,76,28.1,140,35.6,36.3,54,140
17,남자,179.4,90.3,17.2,82,28.1,120,57.9,59,80,240
16,남자,167.8,72.8,22.9,83,25.9,120,39.1,44,80,205
16,남자,182.6,88,17.4,88,26.4,110,50.3,51.8,80,252
17,남자,179.5,89.7,24.1,89,27.8,115,49.1,53.2,70,220
18,남자,172.4,78,16,78,26.2,130,51.2,47,80,235
18,남자,175,80.1,19.6,85,26.2,140,49.3,54.4,80,210
15,남자,177.9,72.9,16.7,81,23,135,53.5,50.3,80,230
17,여자,159.7,62.9,33.7,73,24.7,120,26.4,27.3,23,145
17,남자,174.6,62.8,12.6,73,20.6,120,39.7,43,66,215
16,남자,167.9,68.3,19.4,79,24.2,125,44.7,51.5,53,200
16,남자,176.9,77.1,21.5,80,24.6,115,39.7,43.4,80,210
17,남자,185.5,81,12.7,80,23.5,125,51.5,52.5,80,230
17,남자,182.2,102.2,34.5,98,30.8,120,41,37.9,40,190
17,남자,177.5,83.2,23.8,87.2,26.4,135,40.3,43.9,80,220
17,남자,175.1,78,17.1,81,25.4,120,43.9,52.5,80,225
16,남자,175.9,62.4,11.6,77,20.2,115,38,44.4,80,215
17,남자,171.1,71.9,16.4,75,24.6,130,43.1,45.7,80,220
16,남자,178.7,96.5,27.7,93,30.2,135,44.3,48.3,80,220
16,남자,167.5,82.6,29.1,86,29.4,125,42.4,42.1,80,217
18,남자,180.3,86.8,20,86,26.7,115,54.4,59.7,80,210
15,남자,169.7,65.5,14.2,72,22.7,110,40.1,40.4,80,215
15,남자,188.4,85.4,17.3,80,24.1,120,45.7,50.7,80,205
18,남자,184.1,105.6,22.7,98.8,31.2,140,52.5,54.7,80,220
16,남자,175.1,74,12.4,74,24.1,135,49.6,52.1,80,215
16,남자,184,68.1,10,87,20.1,135,39.1,41.6,80,240
16,남자,171.7,70.1,13.4,72,23.8,140,46.2,48.7,80,200
15,남자,175.4,76.5,14.9,78,24.9,100,49.6,51.4,80,210
16,남자,188.1,70.3,8.5,75,19.9,105,43.7,44.1,80,230
17,남자,180,80.3,16.2,77.8,24.8,125,41,45.2,80,240
16,남자,178.8,61.6,14.2,70,19.3,120,29.1,34.4,80,215
17,남자,176.3,68.1,19.8,77,21.9,135,40.3,35.1,34,225
18,남자,172.6,64.4,10.4,72,21.6,140,39.9,45,51,230
18,남자,185.3,76.3,12.4,76,22.2,130,41,38.8,63,255
17,남자,189.3,75.2,14.8,81,21,115,33.4,31.7,41,225
16,남자,181.1,72.1,15.6,72.5,22,130,41.3,42.7,80,210
17,남자,182.3,81.5,17.4,84,24.5,110,44.3,48.9,52,205
16,남자,173.1,66.3,14,74,22.1,140,45.1,40.1,80,240
16,여자,155.7,44.3,24.8,59,18.3,120,18.7,21.6,64,155
16,여자,173.3,58.5,32.5,63,19.5,115,22.7,26,55,120
15,여자,159.1,67.1,39.4,71,26.5,125,23,28,80,175
16,남자,168.8,75,30.1,87,26.3,120,31.9,40,80,180
15,남자,156.6,55.9,29.8,74,22.8,120,25,28.3,40,160
16,남자,188.6,83.5,12.9,79,23.5,135,49.7,52.8,80,228
16,남자,176.7,65.3,11.8,87,20.9,115,33.1,40.3,80,210
16,남자,167.5,56.5,18.6,70,20.1,120,33.6,31.7,80,210
16,남자,170.3,64.2,19.7,73,22.1,130,30.9,33.7,23,187
17,남자,176.8,69.3,21.8,75,22.2,115,33.3,33.6,80,205
18,남자,175.5,60.1,12,70.3,19.5,135,37.4,46,48,230
17,남자,172.7,68.6,15.6,77,23,120,31.7,42.4,32,205
15,남자,166.3,60.1,25.8,80,21.7,120,35,37.3,35,185
16,남자,169.8,68.8,15.3,79,23.9,130,35.3,39.3,52,195
18,남자,180.2,64.9,14.4,80,20,120,32.7,33,80,235
17,남자,169.5,66.2,18.3,80,23,115,39.7,40.4,31,210
17,남자,169.9,68.4,15.3,75,23.7,120,37.3,40.4,62,220
16,여자,162.6,55,37.2,65,20.8,125,18.9,22.7,42,120
16,남자,167.1,64.3,21.3,76.6,23,130,37.6,39.1,80,207
16,남자,174.1,90.5,38.5,90,29.9,130,29.9,31.6,23,165
18,남자,177.3,76.2,16.9,77,24.2,120,40.6,48.3,80,240
15,남자,174.7,58.1,10.7,70,19,120,32.6,43.3,68,203
16,남자,174.4,54.9,11.4,64.9,18.1,120,37.4,39.6,80,197
16,남자,184.2,73,16.1,75.3,21.5,105,36.7,41.1,47,230
16,여자,170.6,70,36.8,72,24.1,135,20.6,28.3,32,140
17,남자,170.8,63.1,10.4,75,21.6,120,40.1,35.7,80,225
16,남자,177.4,71,11.7,75.2,22.6,120,40.1,41.7,80,220
17,남자,167.5,69,17.7,80,24.6,130,33.1,40.2,50,215
18,여자,170,60.6,32.1,63,21,115,27,25.9,28,140
17,여자,159.5,55.1,33.8,70,21.7,100,19.7,23.1,21,102
18,여자,160.3,65.6,39.3,70,25.5,135,27.6,24,64,140
18,여자,154.5,42.3,35.7,64,17.7,125,15.4,21.6,11,110
18,여자,153.3,55.7,28.2,67.5,23.7,110,25.1,28.6,80,210
18,남자,175.5,62.1,9.4,79,20.2,115,40.4,41.9,80,230
18,남자,172.7,77.4,27.7,85,26,120,34.3,41.6,32,170
18,남자,173,54.3,20.6,67,18.1,135,26.9,26.4,16,196
17,여자,168.8,78.3,28.7,83,27.5,125,34.9,33.7,50,155
18,여자,154.9,84.2,48.2,104,35.1,125,24.4,26.8,22,125
18,남자,181.2,80.3,33.9,89,24.5,110,26.4,25.2,35,150
18,여자,160.8,47,22.1,66,18.2,110,18,20.6,26,115
17,남자,177.1,89.7,32.5,97,28.6,110,32.3,41.7,32,190
18,여자,163.1,65.1,35.7,80,24.5,110,29,30.6,80,175
18,여자,168.2,64.1,39.3,75,22.7,135,21.1,27.3,20,145
18,남자,175.6,73.5,24.7,81.2,23.8,120,35.3,36.7,38,203
18,여자,161,58.2,34.9,73,22.5,120,20.7,25,40,125
17,여자,153,43.7,23.3,64,18.7,135,15.7,18.6,14,140
18,여자,163.7,66.5,40.5,75,24.8,120,27.9,30.4,23,155
17,여자,161.4,41.6,19.7,62,16,110,21,24.1,30,168
17,남자,174.4,76.5,26.7,85,25.2,105,42,43.3,24,195
18,여자,157.7,48.6,28.3,64,19.5,120,20.6,21.3,34,175
18,여자,165.3,54.1,26.1,75.8,19.8,120,19.1,21.3,12,140
18,남자,177,73.6,27.3,83,23.5,120,31.6,36.3,32,204
17,남자,171.8,56.6,15.9,72,19.2,115,27.4,33.6,22,200
18,남자,178,61.2,13,68,19.3,110,33.3,45.3,80,205
18,남자,169.8,60.3,26.2,76,20.9,125,30.9,37.1,15,162
18,남자,173.8,68.6,19.1,71,22.7,110,35.3,37,47,200
17,남자,173.4,60.8,17.2,68.5,20.2,115,28.7,35.1,80,210
18,남자,177.8,72.2,19.1,71,22.8,115,47.9,45.4,47,218
18,남자,167,72.5,26.2,77,26,120,30.4,34.2,51,210
18,여자,155,46.9,32.9,59.9,19.5,105,15.4,16.4,30,105
18,여자,156.3,77.5,50.1,96.3,31.7,120,22.9,24.4,29,155
17,여자,160.5,49.6,33.7,62,19.3,110,23.9,24,80,145
18,남자,172.1,74.5,21.5,75,25.2,120,49.9,55.6,80,155
18,여자,157,44.7,22.4,58,18.1,110,21.9,24,30,178
18,여자,150.2,58.1,38.7,73,25.8,115,20,24,39,135
18,남자,166.4,64.6,14.3,71,23.3,120,44.6,52.5,80,257
18,여자,164,52.1,20.6,61,19.4,110,25,26,56,200
18,남자,170.4,77.4,31.6,88,26.7,130,31.3,38.3,20,140
18,남자,180.2,59.7,10.9,68,18.4,130,34.1,42.7,45,235
18,여자,150.7,51.1,32.7,65.3,22.5,100,20.2,26.6,29,170
17,여자,160.5,56.1,35.5,66,21.8,105,24,26,19,165
17,남자,172.4,88.6,34.4,87,29.8,125,33.4,39.6,80,155
18,여자,161.5,47.6,29.4,68,18.2,120,19.1,23,51,135
18,남자,178.3,108.1,36.6,101,34,130,42.9,43.9,37,184
17,여자,163.5,80.5,39,88,30.1,116,28.6,30.3,28,160
17,여자,161,53,31.3,72,20.4,130,18.7,20.9,14,130
18,여자,165.5,73.7,40.8,84,26.9,140,25.3,26.1,42,162
18,남자,185.1,77.5,11.6,74,22.6,130,49.3,51.8,80,245
18,여자,163.1,56.5,23.7,66,21.2,125,24.2,25.4,80,190
18,남자,170.6,60.2,13.4,63,20.7,130,47.1,43,80,190
18,남자,170.4,65.3,17,75,22.5,115,38.1,40,80,135
18,남자,156.6,59.5,24,73,24.3,110,42,46.1,47,185
17,남자,171.5,56,14.3,63,19,115,38.7,40.7,80,212
18,여자,158.7,49.8,34.1,64,19.8,125,20,23,30,150
17,여자,160.8,53.5,36.2,66,20.7,115,23.9,28.4,15,125
18,남자,184.5,101,21.8,100,29.7,125,45.9,64.2,19,210
18,여자,162.5,77.1,40.1,85,29.2,130,26.6,30.7,31,125
18,여자,159,57.1,32.1,69.1,22.6,115,26.7,31.1,30,125
18,여자,156.8,49.8,29.9,68,20.3,120,18.6,21,47,150
17,여자,162.7,85.1,45.7,84,32.1,120,23,36,18,105
18,남자,178.1,63.5,14.3,72.8,20,140,30.3,34.3,47,240
18,여자,165.1,61.4,35.5,74,22.5,120,20.4,26.6,33,128
17,남자,163.1,50.5,17,62,19,115,36.6,44.3,80,205
18,남자,179.3,66.6,16.1,73,20.7,120,36.3,40.7,58,200
18,남자,165.7,47.9,16.3,73.2,17.4,140,25.9,28.1,31,170
18,남자,173.8,79.3,30.2,91,26.3,125,32,37.7,41,190
18,남자,173.9,101.2,39,109,33.5,130,35.3,46.1,22,200
17,남자,167.9,75.8,24.6,80,26.9,140,36.1,41,54,180
18,여자,165.7,51,25.8,63,18.6,115,27.4,26.3,15,180
17,여자,151.8,52.9,37.9,72,23,115,23.1,25.3,60,147
18,남자,170.1,58,22.8,72,20,105,28.2,33.3,40,185
17,남자,179.7,104.9,34.1,119,32.5,110,47.6,51.3,35,220
18,남자,165.7,70.5,27.4,79,25.7,130,38,41.3,80,205
18,여자,157.7,46.4,26.8,68,18.7,110,19.5,19.9,80,147
18,남자,172.3,75.3,28.7,79,25.4,130,35.1,41.3,45,189
18,남자,169.1,78,24.7,81,27.3,120,37.4,46.3,80,190
18,여자,149.7,52.5,34.4,74,23.4,130,14.6,21.9,32,140
18,남자,170.5,64.3,14,69,22.1,125,44.7,40.4,80,224
18,남자,173.1,79.5,35.3,86,26.5,120,30.1,28.7,31,170
17,남자,169.8,55.3,22.3,77,19.2,125,25,24.7,47,170
18,남자,178.2,72.1,18.4,81.7,22.7,130,39.1,47.1,10,195
18,여자,157.3,45.4,31.2,58,18.3,120,15.6,20.8,21,157
17,여자,157.2,66.4,44.8,83,26.9,130,14.6,18.1,31,100
18,여자,169,68.7,33,71.4,24.1,125,25.9,27.1,24,155
18,여자,162.2,59.4,35.2,66,22.6,135,24.1,27.7,35,165
18,남자,162.1,62.9,23.1,76,23.9,135,36.9,43.4,60,191
18,여자,163.1,64,39.2,82.1,24.1,110,23.6,29.9,12,95
17,여자,158.4,45.3,19.2,66.3,18.1,135,21.4,22.3,19,145
18,여자,161.1,51.8,30,77.9,20,120,22,22.9,21,155
17,남자,168.2,57.2,18.8,73.6,20.2,110,43.7,40.3,38,215
18,여자,166.4,57.2,28.1,80,20.7,125,23.4,25.9,32,145
17,여자,154.7,44.5,31.7,64,18.6,130,19,20.7,60,151
17,남자,165.1,56,24.2,77,20.5,130,23.9,36,5,195
18,여자,162.6,51.5,27.1,69,19.5,140,16,16.2,36,175
18,여자,163.4,55.4,28.4,69.2,20.7,130,21.6,25,80,170
18,남자,163,51.4,12.3,66,19.3,115,39.1,47,80,210
18,남자,177.4,59.8,17.9,73,19,110,34,34.4,20,160
18,여자,162.4,55.7,36.3,64,21.1,130,23.3,26.6,44,150
18,남자,184.2,76.3,17.4,78,22.5,110,39.7,46.6,66,225
17,남자,167.6,108.3,44.8,106,38.6,120,31.6,43.7,30,180
18,남자,178.3,80.4,13.4,73,25.3,120,61.8,68.7,50,205
17,남자,172,74.5,19.1,81,25.2,130,36.1,40.3,51,195
18,여자,166.4,64,34.7,68,23.1,135,22.4,25.6,21,150
18,여자,153.8,47.6,30.9,62,20.1,115,18.6,24.1,10,155
17,남자,172.1,84.2,32.9,92,28.4,115,33.7,38.4,37,181
18,여자,159.2,63,42.3,75,24.9,120,20.4,18.4,27,115
18,여자,166.3,59.6,35,64,21.6,130,26.6,25.6,56,130
17,여자,171.9,92.7,43.1,84,31.4,115,27.1,31.3,35,165
18,남자,174.5,61.5,15.6,71,20.2,120,46.7,52,80,232
17,남자,172,53.7,11.6,72,18.2,125,27.3,32.4,80,187
18,여자,158.4,48.3,33,70,19.3,135,18.3,21.9,3,135
17,남자,170.7,69.3,18.4,80,23.8,130,37.2,42.7,52,210
18,남자,172.3,90.6,23.9,85,30.5,120,52.5,60.3,80,220
18,남자,193.3,68.9,12.9,74,18.4,110,43,46.4,80,205
18,남자,177.9,64.4,9.9,71,20.3,130,40.3,46.1,80,260
18,남자,184.2,75,18.7,77,22.1,120,47.7,45.1,80,240
18,여자,165.4,50.7,37.6,70,18.5,135,17.8,21.5,40,135
18,남자,180.6,78.1,21,79,23.9,115,46.7,45.3,24,203
18,남자,177.4,61.2,24.8,78,19.4,130,37.1,36.7,16,165
18,여자,163.6,58.8,35.5,65,22,140,22.9,23,22,165
18,남자,180,78.1,23,80,24.1,130,42.1,40,70,200
18,여자,174.3,65.5,29.9,62,21.6,120,23.3,24.3,19,170
18,여자,159.8,50.4,25.5,66,19.7,120,26.1,31.8,80,190
18,여자,162,79.3,42,79,30.2,130,32.4,33.6,80,170
17,남자,177.5,75.2,21.2,84,23.9,120,33.7,49.1,19,220
18,남자,185,84.5,20.3,82,24.7,120,37.1,42.4,47,145
18,남자,173.1,64.2,16.4,62,21.4,120,43.1,47.1,80,245
17,남자,174,59,13.6,68,19.5,120,37,40.1,80,240
18,여자,161.3,52,29.7,63,20,135,30.3,31.1,3,150
18,남자,170.3,56.5,13.4,81,19.5,115,42.1,34.6,23,235
18,여자,164.6,61.7,29.6,60,22.8,130,25.4,30.3,23,165
18,남자,174,83.9,26.8,84,27.7,120,49.3,49.1,47,200
18,여자,167.2,66.3,36.4,73,23.7,120,27.9,29.6,12,160
18,남자,168.7,75.5,18.1,72,26.5,120,47.9,44.1,52,230
18,남자,173,65.8,17.7,73,22,115,39.9,53.6,55,210
18,여자,160.3,46.1,28.8,64,17.9,125,16.4,17.6,12,140
18,여자,159.9,46.5,20,62.1,18.2,135,25.9,30.3,80,195
18,남자,187.5,63,16.6,71,17.9,110,28,35.9,40,205
17,남자,171.8,63.3,19.6,70.8,21.4,110,34.7,42.9,80,215
17,남자,182.6,96.8,25.2,88,29,120,51.9,60.3,80,200
17,남자,159.7,54.3,21.4,69,21.3,115,32.1,33.9,42,185
16,남자,164.9,57.7,22.1,69,21.2,130,36.9,44,48,182
16,여자,157.4,47.8,33.4,59,19.3,115,16.9,21.1,41,163
15,여자,159,42.3,26.1,52,16.7,130,18,22.6,20,162
16,남자,176.2,100.4,30.9,98.2,32.3,125,37,47.7,80,185
16,여자,160.2,82.4,47.7,89,32.1,125,27.9,28,35,120
16,여자,158.7,52.8,30.5,63,21,140,23.4,24.3,50,145
16,남자,174.3,98.5,36.5,104,32.4,120,34.2,35.4,40,170
16,여자,166.2,47,32.3,62,17,125,20.3,22.7,26,105
16,여자,157.1,61.7,40.2,76,25,115,24.1,20.9,18,135
16,남자,180.3,78.8,21.8,79,24.2,120,47,37,66,230
15,남자,175.5,65.7,18.9,73,21.3,115,33,32,80,195
16,여자,168,51.5,30,71,18.2,120,21.1,21.6,20,123
16,남자,178.9,98.4,34,96,30.7,135,38,45,80,203
16,남자,168.4,50.9,17.3,64,17.9,130,26.3,32,38,190
16,남자,177.1,81.9,36,94,26.1,140,34.7,40.1,40,175
16,여자,173.5,68.1,34.4,88,22.6,120,22.1,27.6,37,135
16,남자,171.5,69.3,25.7,83,23.6,120,21.7,26.1,48,155
15,남자,165.8,55.1,18.6,64,20,135,26.7,33.3,59,170
16,여자,167.6,115.7,50.2,109,41.2,140,21.1,23.4,8,102
16,남자,162.8,53.2,25.7,71,20.1,135,27.3,29.4,60,165
16,남자,171.2,57.7,19.5,74,19.7,115,30.9,32.3,80,90
16,남자,179,79.7,21,85.3,24.9,110,36,39.7,80,135
16,남자,183.5,56.1,16.9,66,16.7,110,30.6,33,55,160
15,남자,172.3,67.2,27.1,77,22.6,130,33.6,31,39,170
16,남자,175.4,55.9,13.3,76.3,18.2,120,33.4,41.1,76,220
15,남자,165.4,76.5,31.2,85,28,135,38,44.4,1,190
16,남자,179.7,79.7,27.8,88,24.7,125,36.9,47.4,80,155
16,여자,158.3,54.2,33.1,61,21.6,125,13.3,11.7,42,142
16,여자,167.7,83.6,49.1,85,29.7,115,24.7,24.9,30,133
16,남자,171.3,59.2,17,78,20.2,120,37.3,39.6,39,224
16,여자,161.8,45.7,31.2,67,17.5,120,20.9,21.6,19,125
16,남자,175.5,60.3,15.5,69,19.6,125,36,41.1,56,190
16,여자,161.4,68.9,42.4,86,26.4,125,19.9,19.7,39,115
16,남자,179.2,65,18.2,72,20.2,130,34,39.9,80,215
16,남자,175.5,74.9,32.1,83.2,24.3,120,32,31.6,61,160
16,남자,170.5,65.9,34.9,84.4,22.7,140,18.1,28.9,54,170
15,남자,176.8,69,19.7,75,22.1,120,32.1,40.6,39,185
15,여자,165.1,49,27.5,59,18,120,21.5,24,80,115
16,여자,156.3,46.9,31.3,75,19.2,110,23.4,23.7,29,145
16,여자,162.1,45.3,27.7,56,17.2,140,18.2,20.3,20,120
16,여자,162.7,59.1,31.7,63,22.3,135,30.3,29.6,33,135
16,여자,158.9,52.5,37.9,64,20.8,125,13.7,15.4,46,120
15,남자,165.9,88.2,31.3,98,32,115,53.8,53.2,50,210
16,남자,180.2,61,16.5,77,18.8,120,29.9,33.3,52,180
15,남자,170.5,57.5,21.6,80,19.8,130,16.6,23.1,30,140
16,여자,155.9,46.2,29.7,66,19,115,16.6,17.9,39,120
16,남자,181.4,66.1,13.9,69,20.1,130,36.7,42.3,80,215
16,여자,155.2,52.8,30.1,69,21.9,120,22.4,23.3,8,125
16,여자,167.6,69.3,35.9,80,24.7,115,25.9,29.7,17,90
16,남자,171.8,72.3,23,78.2,24.5,135,29.3,29.1,52,175
16,남자,163.3,82.9,37.5,91,31.1,120,27.6,35.6,20,165
16,남자,171.5,78.5,22.3,86.8,26.7,115,48.1,53.2,80,185
16,남자,174.5,100.9,34.8,104.5,33.1,115,39.4,35.9,18,145
15,여자,157.4,50.1,31.4,62,20.2,130,23.9,25.4,80,170
16,남자,175.5,69.7,22.1,79,22.6,135,37,41,46,190
16,남자,169.3,56.4,18.5,79.8,19.7,115,38,44.4,20,150
16,여자,160,51.9,32.1,67,20.3,135,15.7,13.6,22,117
15,여자,163.3,56.4,38.1,71,21.1,125,21.4,23.6,18,121
16,남자,176.5,64.5,16.2,65,20.7,130,40.9,39.8,80,195
16,남자,165.8,47.6,15.1,62,17.3,110,27.5,33.7,80,200
16,남자,175.5,55.4,20.2,65,18,120,28.3,33,73,225
16,남자,168.6,62.1,16.3,77,21.8,130,52.5,61.8,66,220
16,남자,169.3,65.6,14.4,73,22.9,130,39.1,38,68,235
16,남자,187.4,106.9,30.8,98.8,30.4,135,49.3,65,78,195
16,여자,168.4,70.9,34.4,82,25,110,24.6,30.3,41,130
15,여자,160.6,54.5,33,68,21.1,135,21.3,26.4,36,155
16,여자,160.2,50.1,33.5,65.2,19.5,125,21.9,26.7,29,145
16,남자,167.4,53.7,14.1,68.3,19.2,110,36,32.4,30,225
16,남자,172.7,68.9,21.2,74,23.1,115,44.7,40.6,21,200
16,여자,155.1,52.6,38.6,76,21.9,110,19.6,21.9,80,130
16,여자,158.1,44.5,29.6,59,17.8,123,23.7,22.4,80,145
16,남자,181.4,109,38.9,108,33.1,110,26.7,31.3,36,170
16,여자,169,63.1,35.8,66,22.1,125,27.2,33.8,40,140
16,여자,157.5,57.8,31.7,68.2,23.3,130,29,27.1,80,200
16,남자,164.6,85.1,42,95,31.4,120,22.9,26.7,11,110
16,여자,170.2,69.8,36.7,84.9,24.1,125,26.9,21,80,155
15,여자,153.4,62,33.7,47.9,26.3,120,32.1,36.1,67,166
16,남자,177.2,69.5,21.4,76.2,22.1,135,39.1,44.1,33,200
15,여자,161.3,56.6,40.9,71.8,21.8,115,19.6,24.7,22,110
16,여자,161.1,66.3,40.7,87.2,25.5,120,24.6,24.9,21,115
15,여자,160.5,64.3,40.5,79,25,135,18.6,25.3,40,146
16,여자,163.4,54.1,30.6,56,20.3,130,20.7,25.4,22,155
15,남자,167.7,69.3,32,81,24.6,135,28.9,34.9,25,115
16,남자,163.8,61.4,27.2,77,22.9,115,31.1,33.4,67,170
16,남자,168.6,50.4,17.3,66,17.7,125,26.4,32.4,44,210
16,남자,173.2,75.4,33.8,90.2,25.1,130,26.4,27.2,20,130
16,남자,175.5,55.8,21.5,65,18.1,135,28.4,29.5,17,145
15,남자,178.6,92.4,33.7,87,29,125,43.6,46.2,80,180
15,남자,173,66.1,14.8,73,22.1,140,45,44.7,80,237
16,여자,159.8,44.9,27.5,62,17.6,115,19.1,23,80,130
16,여자,159.9,52.6,31.1,65,20.6,120,22.1,21.7,30,142
16,여자,159.3,51.7,33.2,70,20.4,120,22.7,26.3,80,134
16,여자,166.6,53.5,26.1,63,19.3,130,25.9,27,80,157
15,남자,170.3,65,26.6,75,22.4,120,42,34.6,80,160
16,남자,174.6,92.9,29.9,98.2,30.5,125,50.6,48.7,26,175
16,남자,168.6,62.3,25.3,79.8,21.9,120,32.7,34.9,61,180
16,남자,170.1,57.6,16.3,71,19.9,120,32.1,40.2,80,217
16,여자,160.1,58.7,35.1,66,22.9,130,22.1,23.6,15,140
16,남자,179.2,74.7,16.9,81,23.3,105,42.6,43.9,80,215
16,남자,177,81.9,23.4,82,26.1,125,41.2,50.4,80,210
15,여자,160.7,52.1,30.9,65,20.2,125,29.1,31.9,12,130
16,여자,151.6,40.3,28.6,61,17.5,130,17.1,18.3,19,135
16,남자,172,46.5,12.6,65,15.7,125,30.4,26.9,41,177
15,남자,167.1,45.5,13.7,68,16.3,130,24.9,31,39,220
16,남자,174,61.1,18.8,74,20.2,120,27.9,29,53,205
15,남자,177,99.5,36.5,104.2,31.8,130,31.9,46.9,45,180
16,남자,166.7,86,35.3,87,30.9,125,35,40.3,28,175
15,여자,166.9,53.3,34,64,19.1,120,20,25,26,140
16,여자,158.5,46.6,29.7,60,18.5,115,13.7,12.6,15,145
16,남자,180.6,99.6,33.7,97,30.5,110,50,44.9,63,165
16,남자,168.2,87.6,32.6,92,31,130,39.3,43.7,63,165
16,남자,180.2,70.7,21,80,21.8,120,44.2,43.3,44,233
16,여자,163.1,54.9,34.6,70.4,20.6,125,23.6,25,47,182
16,남자,174.7,60.9,24,81,20,130,24.6,29.9,58,185
15,남자,179.6,84,31.8,94,26,120,30.3,39.3,41,175
16,여자,163.8,56.2,37,65,20.9,115,18.9,29.4,33,130
16,여자,160.2,58.1,44.4,77,22.6,125,19.3,20.3,14,95
15,남자,175.5,67.4,20.9,79.8,21.9,120,33.3,38.4,80,195
16,남자,170.9,92.6,34.5,97,31.7,120,46.9,49.1,50,185
15,여자,156.2,69.1,46.8,79.8,28.3,115,27.1,32.1,80,160
16,남자,171.4,112.4,39,114,38.3,125,38.3,44.6,21,190
16,남자,174.6,72.5,19.9,90,23.8,135,38.6,36.1,80,200
16,여자,155.4,47.4,29.7,71,19.6,130,22,27,48,115
15,여자,169.1,78,43,90,27.3,115,27.7,30.6,61,120
16,여자,164.4,49.3,23.2,60,18.2,140,27.3,32.3,80,190
16,여자,157.9,57,37.7,72,22.9,125,16.7,16.7,30,165
15,남자,173.9,69.8,21.4,82,23.1,140,35.1,39.3,54,150
16,남자,159.8,84.9,45,97,33.2,120,32.4,34.4,40,160
16,여자,163.1,49.2,32.9,69,18.5,110,20.1,15.9,48,153
16,여자,158.8,57.4,33.5,72,22.8,120,22.4,22.1,35,90
16,여자,165.8,52.3,26.6,60,19,130,22.9,24.4,35,150
16,여자,155,58.1,37.7,76,24.2,125,22.1,21.7,35,145
16,여자,155.2,51.6,32,68,21.4,115,21,23.9,35,145
16,남자,167.7,56,19.9,74.4,19.9,120,35.1,38.1,21,200
16,여자,163.4,74.4,43.6,86,27.9,140,22.7,26.1,37,125
14,남자,177.8,60.1,16.3,83,19,127,25,32.8,5,178
14,남자,168.2,58.8,17.7,74,20.8,127,25.6,26,50,205
14,남자,168.9,88.8,30.8,103,31.1,127,39.1,34,2,149
14,남자,160.3,57.2,14.5,77,22.3,127,27.4,33.5,0,160
13,남자,180.4,72.4,19.7,83,22.2,131,27.5,33.7,22,195
14,남자,162.5,55.2,14.2,75,20.9,124,32.4,34.6,15,204
14,남자,166.6,55.6,15.3,72,20,124,36.3,42.1,46,227
14,남자,175,98.8,41.9,115,32.3,122,26.6,30,5,150
14,남자,163.5,39.2,10.8,69,14.7,127,15,26.5,0,193
14,남자,172.9,57.6,11.4,79,19.3,124,28.5,30.6,28,207
14,남자,155.8,45.6,14.2,66,18.8,124,25.1,25.3,1,170
14,남자,180.1,68.7,15.4,94,21.2,131,32.9,41.5,15,188
14,남자,174.3,103.5,38,119,34.1,130,29.3,34,10,112
14,남자,157.1,45.7,16.2,71,18.5,121,26,25.9,0,223
14,남자,168.1,67.8,17.8,79,24,127,38.4,46.8,5,209
14,남자,172,51.2,18.5,70,17.3,132,22.4,29.6,20,160
14,남자,171,84.2,26,95,28.8,122,42.7,44.6,43,203
14,남자,172.8,62,12.6,75,20.8,127,36,44.1,6,235
14,남자,172.7,57.1,17,73,19.1,127,24,29.3,28,198
14,남자,171.5,109.3,44.9,114,37.2,126,28.2,29.4,5,155
14,남자,171.1,62.6,30.9,81,21.4,128,25.6,34.3,1,140
14,남자,168.2,59.7,23.3,79,21.1,108,22.9,24.9,24,179
13,남자,177.6,76.6,26.9,84,24.3,126,30.1,31.7,22,199
14,남자,174.9,65.4,18.6,72,21.4,118,36.3,39.9,69,230
13,남자,171.8,74.1,28.7,93.5,25.1,120,31.5,44.5,18,210
14,남자,167.2,51.5,12,67,18.4,121,32.4,31.3,26,238
13,남자,169.8,96.9,45.3,106,33.6,117,36.2,38.7,1,131
14,남자,167.8,58.5,19,77,20.8,117,34.9,29.1,50,228
13,남자,170.5,84.8,36.7,99.5,29.2,117,42.3,31.6,2,160
14,남자,161.7,50.9,28.6,77,19.5,118,16.3,20,37,150
14,남자,169.3,80.1,35.1,93,27.9,131,36.3,44,21,159
14,남자,161.2,52.1,29.5,77,20,123,16.8,16.9,0,50
14,남자,181.5,86.8,29.4,95,26.3,130,31.9,33.4,19,186
14,남자,156.6,47.3,16.5,69,19.3,128,23.7,28.4,2,218
14,남자,155.5,61.4,29,86,25.4,107,22.9,27.5,17,170
13,남자,161.1,54.4,26.8,75,21,111,25.7,26.9,17,161
14,남자,173.3,79.7,29.7,88,26.5,112,33.8,38.5,18,177
14,남자,179.7,68.2,14.4,74,21.1,121,34.3,35.6,30,220
14,남자,182,64.6,12.5,71,19.5,124,35.9,44.6,35,269
13,남자,169.4,69,24.6,82,24,126,33.5,39.4,33,195
14,남자,171.2,58.7,14.4,69,20,121,26,29.3,76,216
14,남자,161.2,64,21.5,72,24.6,114,37.6,38.1,54,215
14,남자,186.2,99.7,37.5,95,28.8,115,43,44.1,80,180
14,남자,172.6,82.4,31.8,84,27.7,105,28.6,37.2,24,185
14,남자,174.2,75.6,24.8,83,24.9,115,42.1,48.1,80,210
13,남자,175.1,85.6,31.6,88,27.9,113,43.8,44.9,40,183
14,남자,166.8,47.7,12.6,62.5,17.1,105,30.1,37.9,55,185
13,남자,176.7,83,27.3,82,26.6,110,48.1,43.7,46,195
14,남자,182.9,73.6,19.3,73,22,110,39,45,50,205
14,남자,167.5,70.1,25.7,80.5,25,117,29.2,31.6,45,210
14,남자,170.7,63.8,26.2,69.5,21.9,115,31.9,37.5,51,190
14,남자,168.6,61.3,14.8,68,21.6,105,39.1,35.6,80,230
14,남자,172.6,53.5,15,63.5,18,114,31.5,33.2,44,245
14,남자,165.5,61.8,25.3,76,22.6,120,39.6,34.9,80,190
14,남자,151.6,34.2,14.3,57,14.9,115,20.1,19.3,72,180
14,남자,150.9,36.4,15.5,57,16,104,20.8,22.4,53,205
14,남자,172.3,55.3,13.4,66,18.6,113,33.1,34.4,80,200
14,남자,168,73.6,34.8,85,26.1,110,29.4,35.7,40,181
14,남자,170.7,43.2,9.3,55,14.8,105,24.5,23.4,60,168
14,남자,168.7,68.6,36.6,85,24.1,105,31.3,30.7,55,155
14,남자,171.9,53.4,11.6,64,18.1,120,30.4,36.2,80,225
14,남자,171,85.1,36.4,92,29.1,114,33.2,38.2,29,170
14,남자,162.2,76.7,40.3,86,29.2,117,21.7,22.8,22,125
14,남자,175.3,64.1,16.8,72.5,20.9,109,33.8,33.6,28,210
14,남자,167.8,56.5,18,67,20.1,120,29,23.3,27,210
14,남자,170.4,51.8,12.7,65,17.8,108,32.8,32.2,45,220
14,남자,174.7,55.2,10.6,70,18.1,107,26.6,34.1,80,205
14,남자,161.7,70.1,40.4,86,26.8,112,23.4,23.1,52,137
14,남자,168.3,51.1,13.5,63,18,114,31.3,33.5,60,195
14,남자,166,75.3,40.3,85,27.3,108,23.2,29.2,18,135
13,남자,168.8,60.8,22.7,77,21.3,115,22.3,28.2,20,162
14,남자,165.4,44.9,12.1,62,16.4,117,27.2,27.9,30,175
14,남자,165.9,63.8,24.8,71,23.2,120,36.2,41.3,18,208
14,남자,166.3,71.6,34.5,80,25.9,114,34.4,37.4,31,195
14,남자,161.1,69.9,39.2,87,26.9,106,24.2,23.9,20,145
13,남자,159.5,82.4,38,96,32.4,105,29.7,34.1,20,170
14,남자,161.1,51.7,16.7,69,19.9,110,28.6,32.3,26,180
14,남자,166.6,75.7,28.9,85,27.3,113,34.6,40.4,15,195
14,남자,181.4,60.5,13.7,69,18.4,114,30.4,34.4,80,220
13,남자,170.5,68.4,25.8,74,23.5,113,33.1,28.5,80,194
14,남자,166.8,91.2,37.5,95,32.8,113,36,34.4,41,155
14,남자,176,73.7,23.6,76,23.8,113,29.7,40.9,38,220
14,남자,170.7,47.1,12.4,62,16.2,114,21.8,23.2,52,192
14,남자,168.8,53.5,12.4,61.5,18.8,105,36.3,38.5,80,215
14,남자,169.7,42.2,15,58,14.7,113,21.7,23.7,30,185
14,남자,163.9,52.3,15.7,65.5,19.5,119,38.4,34.4,51,190
14,남자,176.3,58.9,19.6,68,19,115,32.6,35.7,31,225
13,남자,167.8,86.7,37.4,90,30.8,117,34.2,34.2,31,150
14,남자,176.8,75,24,84,24,105,40,42.7,80,213
14,남자,170.8,68,25.6,77,23.3,114,33.1,36.6,41,180
14,남자,166.7,78.8,31.3,85,28.4,120,35.4,40,41,180
14,남자,183.8,98.9,31.7,92.5,29.3,108,33.5,32.1,41,155
13,남자,160.3,63,24.2,76,24.5,105,25.4,29.2,35,185
14,남자,161.1,50.2,18,65,19.3,108,29,23.1,65,202
14,남자,180.9,71.8,17.3,79,21.9,120,42.7,47.3,80,220
14,남자,176,112.6,45.4,108,36.4,110,40.6,47.1,26,145
13,남자,149.8,47.7,29.4,71,21.3,105,17.5,14.1,36,170
14,남자,162.1,71.5,30.5,80,27.2,114,35.1,31.3,46,205
14,남자,179.7,98.1,26.2,92,30.4,114,48.2,48.3,41,180
14,남자,167.9,74.2,34,85,26.3,114,31.5,30.4,20,212
14,남자,175.2,72.1,21.4,78.5,23.5,115,36.9,36.7,60,210
14,남자,167.4,65.8,25.2,74,23.5,120,27.7,27.3,43,185
14,남자,165.2,72.8,26.9,82,26.7,115,39.6,38.2,44,190
14,남자,170.2,73.6,26.2,88,25.4,110,33.4,31.9,60,185
13,남자,166.6,77.6,31.8,77,28,115,24.5,28.9,31,160
14,남자,168.4,59.2,17.9,70,20.9,114,34.8,34.4,80,206
13,남자,165.5,73.6,25.8,88,26.9,105,36.9,32.8,27,215
13,남자,176.5,81.4,31.6,88,26.1,100,27.9,40.1,31,132
13,남자,160.3,43.3,15.9,58,16.9,115,28.2,24.2,35,190
13,남자,158.5,80.7,45.4,94,32.1,114,24.9,24.6,19,155
14,남자,173.8,59.1,22.7,66,19.6,120,24.9,27.6,15,162
13,남자,157.9,66,38.7,81,26.5,115,22.4,26.1,29,167
13,남자,169.7,78.7,35.6,84,27.3,113,46.1,39.9,30,173
13,남자,166.7,63,24.1,74,22.7,117,31.8,30.3,60,190
13,남자,173.6,81.8,27.7,82.4,27.1,115,39.4,44.7,62,187
13,남자,158.1,64.6,41,84,25.8,113,25.1,19.3,40,142
13,남자,168.8,53,14.2,66,18.6,105,30.6,30.4,50,210
13,남자,169.2,70.9,30.9,82,24.8,105,31.3,31,19,180
13,남자,171.5,83.6,37.9,90,28.4,114,23.2,28.2,25,155
13,남자,174.8,48,12.6,60,15.7,105,24.5,23,60,190
14,남자,168,60.5,24.4,79,21.4,111,23.5,22,40,170
14,남자,159,47.3,15.2,61,18.7,110,23.4,18.7,40,195
14,남자,163.3,118,46.1,112,44.2,114,39.7,40.8,21,136
13,남자,167.5,96.1,43.5,97.5,34.3,120,21,20.3,17,110
13,남자,161.9,65.8,29.4,79,25.1,114,31.2,17.7,32,166
13,남자,171.5,67,22,81,22.8,113,34.7,29.5,10,55
13,남자,174.3,79.4,29.4,85,26.1,105,36,39.1,12,185
14,남자,176,66.4,16,74,21.4,114,29.7,35.9,80,236
14,남자,174.7,55.3,12.6,70,18.1,115,36,33.8,35,215
14,남자,180.3,85.3,25,80,26.2,110,36.3,41.3,55,210
14,남자,166.4,80.7,31.8,90,29.1,115,41,37.2,80,185
13,남자,163.9,42.9,12.8,60,16,120,23.9,26.5,60,216
14,남자,165.1,43.5,10.3,60,16,111,24.4,23.7,57,220
14,남자,173.6,69.1,27.7,74,22.9,110,27.2,23.9,50,195
14,남자,165.7,62.7,26.7,78,22.8,120,32.5,33.1,55,223
14,남자,163.8,73.4,30.5,83,27.4,120,35.6,37.9,40,200
14,남자,165,79.5,36.5,88,29.2,115,24.6,27,80,115
13,남자,163.6,55,18.1,63,20.5,105,27,21.9,32,175
14,남자,175.1,66.9,22.4,78,21.8,114,39.4,45,32,195
14,남자,166.4,58.3,16.6,65,21.1,114,26.8,34.7,80,205
14,남자,168.1,80.4,26.5,89,28.5,114,46.7,43.6,80,220
14,남자,167.6,47.1,10.1,71,16.8,110,29.7,33.8,80,190
14,남자,165,63.8,28.4,75,23.4,120,31,32.6,80,190
14,남자,172.9,65.8,20.2,67,22,110,35.6,37.8,34,182
14,남자,175.6,55.9,15.7,74,18.1,124,29.6,31.8,29,242
14,남자,161.1,45.1,9,65,17.4,120,22.8,20.7,52,200
14,남자,171.7,76.5,30.8,96,25.9,128,22.2,34.1,35,192
14,남자,162,60.2,27.1,84,22.9,127,21.3,26.8,0,178
14,남자,178.9,57.8,7.8,72,18.1,110,50.9,55.3,80,258
14,남자,163.4,49.3,16.9,69,18.5,114,25.6,27.9,27,175
14,남자,168.8,54.5,15.1,68,19.1,124,26,33.2,16,245
14,남자,171.6,62.6,26.1,66,21.3,110,36.3,38.3,56,215
14,남자,171.9,66.5,26.7,72,22.5,110,35.3,41.1,58,201
14,남자,170.8,97.8,34.9,102,33.5,115,39.9,43,24,155
14,남자,165,58.4,15.5,75,21.5,127,25.9,34,31,199
14,남자,164.8,56.1,15.6,66,20.7,115,40.9,38.7,48,200
13,남자,168.7,62.8,23.6,75,22.1,115,36.5,41,44,140
13,남자,166.4,88.9,47.9,98,32.1,114,30.1,27.7,26,105
14,남자,171.8,110.6,45.2,102,37.5,120,30.1,32.2,40,152
14,남자,165.8,69.2,32.2,81,25.2,120,28.9,26.9,27,148
14,남자,174.6,63.7,18,70,20.9,109,40.7,40.1,80,210
14,남자,166.9,88.2,39,96,31.7,120,33.1,37.4,30,205
14,남자,161,61.6,28.2,80,23.8,110,24.4,23.8,59,181
13,남자,166.2,73,35.1,89,26.4,125,28.2,31.9,30,155
14,남자,173.2,93.4,36.5,105,31.1,128,37.4,40.4,7,150
14,남자,171.6,58.2,21.7,81,19.8,127,28.5,33.8,7,183
14,남자,163.9,50,21.9,80,18.6,121,22.7,24.7,31,220
14,남자,155.3,50.9,15.3,67,21.1,120,28.2,30.4,17,220
14,남자,173.2,68.8,18,72,22.9,110,38.2,44,58,221
14,남자,162.3,59.3,15.1,63,22.5,113,28.8,26.6,32,181
14,남자,165.3,55.6,13.2,64.5,20.3,111,32.9,36.9,20,218
14,남자,161.6,96.8,41.1,100,37.1,114,36.2,46.6,36,72
14,남자,172.3,65.4,19.7,70,22,114,40.4,41.7,51,200
14,남자,170.9,51.2,10.7,64,17.5,110,40.7,42.7,53,210
14,남자,181.8,68,14.1,71.5,20.6,110,49.3,47.1,80,253
14,남자,163.1,49.4,12.2,62,18.6,114,34.1,29.6,80,225
14,남자,160.3,46.5,14.9,65,18.1,115,22,28.3,23,180
13,남자,153.9,47.7,24.9,63,20.1,118,23,24.4,50,163
14,남자,164.9,43.5,9.4,67,16,110,25.1,25.2,30,165
14,남자,177.6,79.9,20,83.5,25.3,110,49.7,43.1,30,205
14,남자,164.8,72.2,26.4,88,26.6,128,28.4,29.7,19,167
14,남자,176.2,64.3,14.7,71,20.7,110,38.8,38.1,80,215
14,남자,180,86.7,27.1,90,26.8,127,30.4,43.4,43,200
14,남자,170.9,78.1,30,99,26.7,129,30.7,34,26,185
14,남자,152.7,37.7,9.2,59,16.2,120,19.7,22.5,42,200
14,남자,169.9,75.6,33.5,92,26.2,107,29.9,31.8,20,135
14,남자,169.1,88.6,34.4,99,31,124,36.5,33.7,7,212
14,남자,163.5,43.1,15,60,16.1,120,20.1,19.4,40,193
13,남자,168.6,75.3,29.4,84,26.5,110,32,29,50,192
14,남자,173.8,65.3,16.1,71,21.6,120,44.7,55.4,80,220
14,남자,166,58.3,18.2,70,21.2,110,18,28.2,20,200
14,남자,168.8,67.7,26.4,80,23.8,127,29.3,31.5,50,210
14,남자,167.4,75.2,36,97,26.8,127,26.9,22.9,10,111
14,남자,167.7,64.2,32,87,22.8,125,23.7,23.5,17,167
14,남자,168.7,48.8,10.7,59,17.1,110,33.8,35.4,26,160
14,남자,167.3,69.7,23.3,85,24.9,120,38.4,39.9,80,170
14,남자,162.5,53.8,16.9,64,20.4,114,26.3,31.5,80,214
14,남자,182.7,116.5,36.6,104,34.9,110,34,29.6,27,180
14,남자,175.7,91.7,35.5,97,29.7,110,39.6,39.9,51,145
14,남자,168.9,70.1,31.9,80.5,24.6,108,36.2,39.4,80,135
14,남자,175.4,77.9,27.8,80,25.3,110,35.9,40,80,210
14,남자,166.6,91.3,39.6,99,32.9,114,31,33.7,56,168
14,남자,164,63.7,24.5,74,23.7,111,25.4,27.7,25,205
14,남자,172.4,68.3,26.4,81,23,114,29.7,31.9,43,150
13,남자,161.5,56.2,21.5,71,21.5,109,33.7,34,52,195
13,남자,175.6,58.4,12.9,68,18.9,120,43.1,43.4,80,235
13,남자,166.6,74.1,32.4,83.5,26.7,108,23.4,23.4,47,145
15,남자,181.8,80.7,31.2,93,24.4,131,19.6,31.2,7,163
15,남자,175.5,68.1,11.2,74,22.1,125,33.5,49.1,38,249
13,남자,150.3,41.3,25.7,63,18.3,110,19.4,18.4,44,190
15,남자,181,85.9,26.2,97,26.2,129,38.7,42.5,36,219
13,남자,163.7,57.2,18.3,71,21.3,113,25.8,32.4,22,200
13,남자,173.5,93.2,36.3,100,31,111,34,35.7,27,175
13,남자,172,81.7,24.2,91,27.6,103,42.1,13,53,203
13,남자,172.5,80.7,30.7,86,27.1,114,37.6,37.4,80,196
13,남자,168.2,69.3,35.4,82,24.5,115,28.6,23.4,49,165
13,남자,165.3,72.9,32.8,91,26.7,117,32.4,29.6,14,178
13,남자,163.5,68.4,34.2,92,25.6,101,25.6,28.3,50,131
13,남자,152.6,50.9,30.5,76,21.9,103,18.2,19.7,40,176
13,남자,166.3,74.3,32.6,83,26.9,103,25.6,33.1,23,158
13,남자,156.7,42.2,13.1,63,17.2,105,29,30.1,70,180
13,남자,173.8,66.9,18.1,84,22.1,115,25.9,36.9,22,195
15,남자,175,55,23.5,76,18,120,13.6,19.1,11,137
13,남자,170.9,88.5,36.3,96,30.3,118,29.4,33.5,50,155
13,남자,163.7,55.9,17,68,20.9,103,37.4,39.1,43,190
13,남자,163.5,67.6,30.7,80,25.3,105,21,25.4,34,155
13,남자,166.4,75.5,33.5,92,27.3,105,28.3,28.3,24,165
13,남자,153.6,55.8,19.7,78,23.7,105,26.3,21.1,18,170
13,남자,164.9,57,11.5,66,21,107,30.9,31.5,80,208
13,남자,164.6,54,24,70,19.9,110,23.9,28,60,162
13,남자,171.8,73.9,27.8,80,25,105,30.4,37.3,35,183
13,남자,167.1,62.6,30.3,90,22.4,103,23,23.7,32,160
13,남자,168.6,59.4,18.1,76.5,20.9,105,26.8,31.2,32,168
13,남자,157,53.9,29.6,77.5,21.9,103,24.9,28,50,170
13,남자,166.4,76.2,33.6,92,27.5,108,30.4,38.2,18,195
13,남자,163,73.2,36.9,83.5,27.6,111,29.7,31.5,50,161
13,남자,149.9,42.4,14.8,57,18.9,113,25.8,23.1,27,155
13,남자,175.9,86,34.2,95,27.8,108,30,34.3,62,180
13,남자,156.5,46.34,15.4,71,18.9,111,19,20.8,42,168
13,남자,158.1,81.4,41.2,100,32.6,110,20.3,26.8,20,153
13,남자,175.6,66.7,13,68.5,21.6,105,31.2,39,67,215
13,남자,158.3,49.4,20.6,71,19.7,120,19.1,20.7,10,198
13,남자,163.6,51,8.7,69,19.1,114,23.8,26.3,63,200
13,남자,169.9,83.9,33.4,93,29.1,120,38.1,38.7,18,162
13,남자,166.7,75,29.7,86,27,117,29.4,36.8,32,154
14,남자,171,49.3,14.3,67,16.9,125,28.1,26.2,31,200
13,남자,154.1,68.3,30.5,93,28.8,112,21.8,25.8,28,170
13,남자,165.5,62.8,24.3,74,22.9,111,32.2,28.7,27,208
13,남자,160.7,66.6,33.4,81,25.8,115,32.2,29,30,151
13,남자,158.8,57.8,26.8,73,22.9,115,28.6,31.3,80,145
13,남자,162.5,50,14.9,68,18.9,105,26.8,36.8,36,195
15,남자,176.9,110.7,36.5,109,35.4,135,26.6,42.5,21,197
15,남자,167.6,55.4,13.2,71,19.7,121,31.3,33.7,30,215
15,남자,173,62.8,17.6,74,21,119,31.5,38.4,20,221
14,남자,164.4,42.9,4.4,62,15.9,121,28.1,27.3,33,205
15,남자,176.3,73.1,24.8,83,23.5,129,28.4,29.8,25,195
15,남자,178,71.9,28.2,89,22.7,127,32.6,32.5,26,201
13,남자,161.5,67.3,34.7,83.5,25.8,109,25.4,26.5,40,175
13,남자,162.8,79.5,25.5,96,30,103,33.8,37.1,27,190
13,남자,176.9,99.4,31.8,105,31.8,102,36.8,40,32,170
13,남자,163,82.7,41.3,100,31.1,114,26.2,38.6,20,120
13,남자,159,48.2,19.1,68.5,19.1,113,26.6,28.9,31,205
13,남자,172.8,76.9,23,84,25.8,112,36.5,44,53,211
13,남자,167.6,75.1,24.6,86,26.7,117,45.9,52.9,80,220
13,남자,164.5,45.9,13.4,57,17,108,30.1,29,24,155
13,남자,166.7,73,38.3,87,26.3,107,23.5,26.8,80,155
13,남자,159.8,47.1,13,64,18.4,114,32.6,37.8,50,195
13,남자,158.6,56.5,25.9,74,22.5,120,31.5,29.3,12,192
13,남자,166.4,50.3,10.6,65,18.2,110,26.9,31.2,46,217
13,남자,159.3,62.3,30.7,75,24.6,110,24.2,28.6,80,196
13,남자,153.2,42,21.8,61,17.9,110,21.5,21.5,46,166
13,남자,158.9,56.5,25.7,79,22.4,105,21.1,26.1,38,167
13,남자,166.2,58.4,19.7,72,21.1,108,34.7,38.7,50,189
13,남자,167.9,65.6,28.1,79,23.3,115,28.9,33.2,57,196
13,남자,173.9,78.4,19.5,79,25.9,113,45,44.6,23,220
15,남자,177.3,75.5,16.1,75,24,131,33.1,48.4,29,221
15,남자,169,88.8,34.5,100,31.1,132,33.1,35.4,0,164
13,남자,165.5,71.8,34.4,91,26.2,120,27.6,29.3,10,125
13,남자,167.3,69.1,29.6,77,24.7,115,35.4,37.2,42,176
13,남자,172.8,47.4,13,64,15.9,115,30.9,30.3,70,205
13,남자,160.2,42.4,15.5,62,16.5,100,25.1,24.3,71,166
15,남자,172.6,74.4,23.5,80,25,131,29.9,35.1,25,220
15,남자,169,98.3,38.6,105,34.4,129,41.3,43.9,14,196
15,남자,171.8,65.2,20.8,81,22.1,125,32.9,40.6,43,204
13,남자,169.6,65.7,25.5,77,22.8,113,28.5,29.7,40,160
15,남자,173.1,59.1,21.3,75,19.7,122,20.3,26.6,20,190
15,남자,166.1,77.2,25,90,28,129,34.3,39.6,31,207
15,남자,160.2,61.8,10.9,76,24.1,119,35.7,37.8,26,213
13,남자,159.2,39.4,17,62,15.5,112,22.3,21.1,35,144
13,남자,156.6,59.5,24.5,71,24.3,115,25.1,29.3,37,196
13,남자,177.9,107.4,35.6,101,33.9,114,32.3,42.3,46,197
15,남자,170.3,93.5,34.5,102,32.2,130,40.4,46,9,173
15,남자,162.6,50.5,12.5,68,19.1,125,26.1,32.2,12,183
13,남자,164.9,58,18,71,21.3,110,17.2,28.1,34,180
15,남자,176,60.6,10.9,76,19.6,125,24.6,27.5,5,223
15,남자,158.3,51,14,69,20.4,114,31.5,35.4,37,200
15,남자,164.9,68.9,27.7,82,25.3,108,35.8,39.1,30,182
15,남자,165.2,87.1,31.7,94,31.9,111,44.9,45.6,44,215
15,남자,169.4,68.9,21.5,83,24,111,35,38.4,40,205
15,남자,166.4,61.6,21.4,76,22.2,111,38.4,42.4,51,184
13,남자,165.8,96.8,50.1,110,35.2,109,31.5,34.3,0,0
13,남자,157.2,43.7,14.7,68,17.7,114,23.8,28.6,27,210
15,남자,168.9,73.2,32.9,82,25.7,121,28.5,30.3,24,175
15,남자,174.7,110.3,39.4,112,36.1,134,29.7,34.1,1,139
15,남자,172.5,63.4,28.5,83,21.3,121,22.8,23.1,21,200
14,남자,168.4,52.2,18.1,67,18.4,104,33.5,36.8,36,178
14,남자,158.8,45,15.9,62,17.8,114,27.9,26.2,42,197
14,남자,167.8,53.9,16,63,19.1,118,31.9,33.8,47,210
14,남자,166.4,63.6,25.1,80,23,112,26.5,32.1,25,155
15,남자,168.4,67.5,23.8,84,23.8,121,28.2,29,8,205
15,남자,179.9,97.4,32.2,98,30.1,137,30.4,42.9,27,195
15,남자,162.3,49.3,23.3,66,18.7,113,9.7,17.9,11,195
15,남자,174.8,58.7,18.4,75,19.2,112,31.3,22.5,18,187
15,남자,168,51,15,64,18.1,110,41.5,45.9,66,233
14,남자,173.2,58.8,12.1,74,19.6,115,38.8,40.4,80,221
13,남자,163.3,57.5,19.1,79,21.6,118,27.2,30.7,30,170
13,남자,174.1,74.4,18.6,89,24.5,112,42.4,44.4,80,210
14,남자,162.7,70,35.2,85,26.4,112,23.4,26.1,16,150
15,남자,169,77.5,30.9,80,27.1,110,15.8,36,27,119
14,남자,178.4,93.9,35.7,101,29.5,120,29.4,40.3,39,168
14,남자,175.6,74.9,28.8,83,24.3,107,29.9,36.9,16,212
14,남자,175.4,77.5,28.8,90,25.2,110,37.9,41.1,30,190
13,남자,162.3,47.4,15.3,69,18,108,29.6,31.9,80,183
14,남자,174.2,56.9,13,60.6,18.8,110,34.3,39.1,60,212
15,남자,169.4,59.6,21.2,77,20.8,127,26,36,32,210
15,남자,176.9,68.8,16.9,75,22,123,29.9,36.5,5,202
14,남자,168.4,83.7,36.5,95,29.5,118,35.6,37.2,39,177
15,남자,180,71.7,20.6,74,22.1,114,36.2,37.8,80,215
15,남자,181.3,55.5,12.3,67,16.9,108,32.4,30.4,50,235
15,남자,171,52,13.5,65,17.8,108,32.2,32.5,32,215
13,남자,150.5,33.6,15.4,58,14.8,110,13.2,18.3,24,152
13,남자,170.7,81.5,35.9,99,28,109,32.5,40.1,28,180
13,남자,170.4,70.2,23.1,78,24.2,114,36,47.7,28,198
13,남자,172.5,75,26.7,87,25.2,115,27.3,33.2,47,170
13,남자,161,71.8,37.4,97,27.7,114,26.8,24.6,34,170
14,남자,157.2,45.5,18,66,18.4,109,19.4,25.6,60,0
13,남자,165.9,47.3,14.3,65,17.2,120,22.5,29.4,24,145
13,남자,161.2,78.6,36.9,96,30.2,124,39.2,33.2,31,162
13,남자,151.8,50,35.2,75,21.7,109,13,17.9,30,135
13,남자,154.2,48.7,27.6,68.5,20.5,118,20,22.7,31,150
15,남자,171.1,57.7,25.3,78,19.7,120,23.4,29,16,212
13,남자,161,82.4,44.9,95,31.8,110,24.2,25.1,28,145
14,남자,162.6,44.3,7.8,63,16.8,115,29.3,32.9,80,183
14,남자,177.3,100.8,39.3,98,32.1,110,26.6,38.4,18,145
15,남자,172.7,65.8,19.5,78,22.1,113,33.4,35.1,47,214
13,남자,160.1,73.4,33.4,98,28.6,115,17.5,25.6,30,160
15,남자,177.9,64.7,14.7,79.5,20.4,127,34.7,39,28,220
13,남자,156.2,47.3,16.7,74,19.4,125,26.3,24.6,3,185
13,남자,161.5,68.7,33.7,96,26.3,117,24.8,24.9,50,141
13,남자,165.2,56.5,11.3,73,20.7,120,32.8,34,23,220
15,남자,168.7,91.5,38,101,32.2,110,41.7,40.9,31,170
15,남자,178.4,49.5,11.7,74,15.6,104,32.9,37.1,22,185
14,남자,170.5,84.9,35.8,93,29.2,106,33.8,37.2,41,160
14,남자,163.6,52.4,14.3,71,19.6,110,41.3,43.7,80,215
14,남자,172.2,62,16,72,20.9,118,32.2,36.3,80,235
15,남자,171,72.2,21.3,81,24.7,113,38.4,38.4,15,230
15,남자,172.7,66.5,15.9,79,22.3,127,35.3,41.6,28,201
14,남자,169.1,67.9,24.6,75,23.7,113,21.7,29.3,32,180
14,남자,160.9,46.7,15.7,62,18,121,21.4,24.9,40,190
14,남자,172.5,48.3,6.4,66,16.2,121,29.9,28.9,80,211
14,남자,170.5,48.4,11.9,62,16.6,115,33.1,37.5,80,225
14,남자,168.8,104.6,43.2,114,36.7,110,32.8,32.9,17,145
14,남자,176.2,58,18.8,74,18.7,112,21.4,20.6,27,164
14,남자,180,70.8,20.3,76,21.9,120,33.8,33.2,68,210
14,남자,168.6,64.2,20.5,64,22.6,120,33.7,42,21,204
14,남자,181.5,67.6,13.9,75,20.5,108,39.4,34.4,80,210
14,남자,173.9,55.9,11.3,59,18.5,120,31.9,35.6,62,215
14,남자,171,53.5,12.1,70,18.3,112,37.1,39.1,52,235
14,남자,181.5,112,29.5,101,34,117,43,51,33,225
14,남자,164.2,65.5,26.3,78,24.3,110,35.9,39.4,51,200
14,남자,170.1,56.4,14.9,69,19.5,108,33.5,35.6,80,200
14,남자,171.1,68.8,16.8,70,23.5,115,50.3,52.9,80,234
13,남자,176.3,69.4,21.8,81,22.3,109,35.3,31.6,80,220
14,남자,161.6,42.6,12,59,16.3,110,22.5,29,32,191
14,남자,177.9,63.2,17.5,77.5,20,110,39,47.1,36,194
13,남자,166.3,108.4,46.5,103,39.2,118,27.5,29.2,28,135
14,남자,180.4,67.6,21.8,71,20.8,108,30.4,24.8,80,175
14,남자,169.9,73.7,22.2,78,25.5,111,39.7,41.4,72,231
14,남자,171,72.3,22.6,80,24.7,112,34.3,41,80,190
14,남자,180,56.3,9.5,69,17.4,110,32.6,33.4,49,245
13,남자,165.8,63,22.3,74,22.9,110,32.1,35.3,80,214
15,남자,173.3,100.2,33.5,109,33.4,108,40.9,39,15,196
15,남자,170.3,63.2,16.7,73,21.8,108,39.7,44.4,47,236
15,남자,164,69.7,29.9,84,25.9,123,33.7,34.1,10,175
14,남자,176.4,55.7,14.3,68,17.9,113,27.3,39.4,60,204
14,남자,168.4,64.2,38.1,80,22.6,115,22.4,25.4,55,163
14,남자,167,68.8,24,84,24.7,114,39.2,47,80,234
15,남자,177,59.9,11.1,71,19.1,113,25.6,26.5,23,199
13,남자,170.4,55.4,22.1,62,19.1,120,29.9,27.6,24,136
14,남자,157.5,64.2,37.5,83,25.9,104,18.9,19.7,49,153
14,남자,168.6,55.1,11.3,70.5,19.4,110,38.5,43.9,57,250
15,남자,171.6,56.5,10.5,67,19.2,131,27.2,33.2,52,219
13,남자,169,43.3,10.7,69,15.2,115,23.7,22.3,80,165
13,남자,160.6,53.4,20.6,80,20.7,111,23,24.9,30,165
15,남자,184.6,118.1,33.7,118,34.7,114,43.3,43.4,39,153
15,남자,189.9,89.7,25.5,83,24.9,108,38.6,39.6,24,200
15,남자,175.7,94.9,29.3,102,30.7,108,38.5,49.1,23,200
15,남자,176.1,92.2,28.4,93,29.7,110,40.4,37.8,22,200
15,남자,164.2,74.9,37,90,27.8,114,27.3,38.2,29,187
15,남자,160.4,44.1,8.9,62,17.1,108,21.2,29,35,185
15,남자,175,101.5,36.7,106,33.1,131,39.9,44.2,5,220
14,남자,163.3,60.4,24.3,77,22.6,108,34.4,38.8,26,165
14,남자,169.8,52.5,9.5,71,18.2,120,31.9,36.9,80,196
15,남자,173.9,86.9,29.1,96,28.7,123,30.9,35.3,60,175
13,남자,162.4,56.7,21.9,75,21.5,109,35,28.3,80,205
13,남자,163.1,55,17.1,80,20.7,114,31.2,34,36,160
13,남자,167,50,12.8,68,17.9,110,32.8,38.4,17,170
15,남자,176,67.6,16.8,74,21.8,120,33.2,37.4,37,205
14,남자,168,72.5,27,84,25.7,110,30,34.9,28,155
13,남자,143.2,42.8,30.6,71,20.9,117,14.9,20,30,180
13,남자,168.5,78.8,30.9,98,27.8,111,27.3,29.6,12,170
15,남자,166.1,57.1,20.6,75,20.7,121,25.6,27.7,24,191
15,남자,162.1,46.6,11.1,64,17.7,108,32.6,32.9,80,240
14,남자,168.4,56.6,21,78,20,101,31.8,30.9,20,200
15,남자,165.9,41.9,8.1,55,15.2,128,26.9,31.5,48,233
15,남자,169.2,55.3,11.1,69,19.3,126,27.2,38.5,33,223
15,남자,171.6,67.9,11.1,77,23.1,121,27.6,38.5,39,256
13,남자,169.3,51.2,13,67,17.9,115,25.5,29.4,24,201
13,남자,177,55.7,19.1,67,17.8,108,17.2,23.3,32,180
13,남자,167.3,70.1,31.5,82,25,111,27.3,29.3,47,185
15,남자,164.1,53.4,14.6,65,19.8,109,31.3,31.8,35,205
13,남자,173,76.3,28.7,78,25.5,120,32.5,30.1,41,205
13,남자,166.8,67.8,33.8,86,24.4,111,26.3,27.7,31,146
13,남자,164.9,60.6,28.1,79,22.3,107,21.4,20.6,35,180
13,남자,152.6,46.2,23.6,63,19.8,110,21.1,25.9,76,190
13,남자,159,38.3,16,57,15.1,108,25.9,15.9,47,175
13,남자,158.6,51.8,19.6,64,20.6,110,26.2,26.6,50,205
14,남자,173.8,58,14,70,19.2,120,33.5,28,80,196
13,남자,163.4,58.1,27.1,72,21.8,111,23.5,23.7,35,163
13,남자,160.2,75.6,42,95,29.5,108,13.2,18.6,30,115
13,남자,166.7,84.3,35.9,93,30.3,108,30.4,38.4,2,140
15,남자,175.6,63.2,18.9,81,20.5,126,23.1,21,25,213
13,남자,153.2,44.1,18,65,18.8,108,17.6,20.3,33,174
15,남자,171.3,72.4,30.1,89,24.7,131,26.6,31.3,16,181
15,남자,173.9,72.9,16,83,24.1,122,40.8,46.9,38,220
15,남자,173.5,59,15.4,83,19.6,124,25.6,29,20,198
13,남자,182.1,131.6,40.7,116,39.7,118,0,44,0,140
13,남자,164.5,84.6,38.4,95,31.3,115,35.7,34.3,24,170
13,남자,165.5,64.5,31.5,80,23.5,108,21.4,24.8,32,160
13,남자,167.8,51.1,14.9,66,18.1,117,27,29,27,202
13,남자,163.1,75.7,37.8,95,28.5,108,27.2,26.9,17,160
13,남자,175.9,62.7,19.4,68,20.3,108,23,27.7,30,190
13,남자,151.6,56,43.9,86,24.4,111,9.9,13.2,33,130
15,남자,165.9,68.7,32.2,84,25,120,34.9,35.7,25,153
15,남자,173.9,70.1,22.3,83,23.2,109,38.5,31,17,178
14,남자,167.9,60.7,24.5,74,21.5,122,27.1,28.3,29,162
15,남자,162.5,44.8,14.1,60,17,110,15.8,21.1,24,210
15,남자,171.7,58.9,14,68,20,114,46,47.7,34,209
15,남자,180,67.4,17.9,72,20.8,109,46,42.7,30,200
15,남자,176.1,59.9,12.9,71,19.3,114,36,43.4,31,220
15,남자,178.3,74.2,19.5,80,23.3,120,30.4,42.8,21,208
15,남자,165.8,71.8,33.7,83,26.1,115,21.1,22.8,24,135
15,남자,177.6,77.8,22.6,84,24.7,109,34.3,36.3,44,170
15,남자,182,73.2,15.6,64,22.1,121,37.8,42.8,40,210
15,남자,180.7,100.6,32.2,98,30.8,122,35.6,44.5,23,208
15,남자,168.7,53.8,14.1,73,18.9,122,27.2,30,21,241
15,남자,184.3,113.2,32.3,109,33.3,127,37.5,33.9,18,174
15,남자,177.2,65.7,17.7,82,20.9,126,36.3,35.6,23,215
15,남자,175.6,72.1,23.2,91,23.4,123,9.4,23,18,205
13,남자,156.7,38.2,9.5,68,15.6,114,16.2,19.7,10,190
13,남자,164.9,62.1,23.8,71,22.8,118,27.2,25.2,51,183
15,남자,171.7,74.5,33.6,83,25.3,110,27.5,35.9,23,195
15,남자,178,58.7,15.6,70,18.5,123,28.1,29.7,30,192
15,남자,177.9,67.7,18.4,75,21.4,122,26.6,33.4,41,258
15,남자,189.9,74.6,16.4,82,20.7,121,32.9,33.7,20,158
13,남자,158.2,45.9,12.7,62,18.3,108,24.4,28.5,50,194
15,남자,166.2,50.2,18.7,63,18.2,102,21.5,25.8,30,190
14,남자,172.2,75.1,26.9,91,25.3,131,24.4,29.4,28,170
14,남자,170.6,58,19.9,86,19.9,132,25.3,28.8,29,203
15,남자,167.5,65,29.6,72,23.2,107,23.2,29.2,41,160
15,남자,169,62,19.7,69,21.7,106,37.5,32.9,40,210
15,남자,178.6,96.3,31.4,91,30.2,110,31.3,34,34,215
15,남자,171.6,59.6,20.2,72,20.2,101,34.6,37,26,215
15,남자,169,70.7,20.4,71,24.8,118,34.6,46.1,35,210
15,남자,166.5,53.7,14.9,69,19.4,127,26.3,26.8,45,178
15,남자,163.9,47.6,13.9,64,17.7,109,23.5,28.9,40,215
15,남자,172.5,73.9,26.7,87,24.8,131,25,26.6,28,192
15,남자,166,58.6,18.3,66,21.3,114,32.1,36.6,80,210
15,남자,178.3,76.7,25.4,80,24.1,110,35.9,43.9,32,195
14,남자,165.6,61.6,17.2,70,22.5,114,32.8,41,29,221
15,남자,165.3,76.4,33,97,28,126,24.6,20.7,2,213
15,남자,162.9,50.9,12.2,69,19.2,126,28.1,29.3,30,185
14,남자,177.5,73.8,14.6,77,23.4,109,47.9,53.4,80,245
15,남자,175.8,70,22.4,80.5,22.6,118,29.9,37.2,50,188
14,남자,175.4,49.1,11.6,65,16,118,25.9,21.3,65,220
15,남자,176.7,68.5,17,76,21.9,113,50.1,42.3,40,240
15,남자,180.2,92.9,36.4,97,28.6,120,30.1,30.9,20,160
15,남자,158.4,49,20.9,68,19.5,123,32.5,34.1,32,170
15,남자,167.5,58.8,21.4,73,21,110,25.4,26.1,80,215
15,남자,166.1,50.1,15.1,63,18.2,110,22.3,24.8,80,208
15,남자,166.9,70.3,30.2,82,25.2,110,30.9,31.8,11,210
15,남자,169.2,83.2,30.4,85,29.1,121,47.7,51.4,32,191
15,남자,172.6,81,29,82.5,27.2,110,37.5,42.4,35,210
15,남자,176.6,90.8,32.9,98,29.1,113,35.1,41.1,29,218
15,남자,181.9,85.3,30.4,90,25.8,112,41.4,37.4,19,185
15,남자,169.7,56.1,11.3,67,19.5,111,34.1,34.4,56,235
15,남자,165.2,70.6,37.4,84,25.9,112,27,29.4,22,175
15,남자,170.8,99.2,42.8,100,34,115,37.4,36.6,37,165
15,남자,166.4,81,27.8,87,29.3,115,30.9,37.2,21,181
15,남자,176.5,71.4,22.6,79,22.9,108,41.4,49.1,24,193
15,남자,166.4,72.7,26.8,82,26.3,111,32.2,39.7,18,191
14,남자,174.2,70.7,24.8,81,23.3,105,36,34.3,18,138
15,남자,176.9,76.5,33.5,87,24.4,115,37.9,46.3,39,170
15,남자,164.1,65.5,31,83,24.3,115,33.5,33.2,70,190
15,남자,165.6,55.7,20.8,74,20.3,112,30,24.2,40,191
15,남자,165.7,54.1,17.6,65.5,19.7,110,32.6,31.9,80,234
15,남자,179,79.8,22.6,85,24.9,120,34.4,42.4,31,190
15,남자,172.4,67.8,18.3,76,22.8,128,37.1,41.8,29,203
15,남자,168.6,66.9,27.4,85,23.5,125,32.8,34.7,16,205
15,남자,169.9,73.7,24.6,85,25.5,110,38.5,37.5,40,190
15,남자,161.2,44.7,13.5,60,17.2,105,28,25.6,34,196
15,남자,172.9,95.8,33.1,101,32,110,33.2,38.5,21,184
15,남자,170.9,80.5,23.6,84,27.6,110,38.4,42.4,34,205
15,남자,174.9,77.1,22.7,80,25.2,109,52.9,48.9,50,234
15,남자,165.1,42.2,8.4,55,15.5,116,26.6,29.9,45,175
15,남자,177.4,77.6,31.5,85,24.7,108,26.9,32.9,58,110
15,남자,166.3,63.9,25.5,74,23.1,109,37.1,36.5,80,180
15,남자,169.1,69.1,22.5,79,24.2,110,35.7,45.4,26,200
15,남자,158.1,51.6,24.5,64,20.6,108,27.9,34.9,16,151
14,남자,166.1,68,26,76,24.6,104,35.7,38,26,202
14,남자,159.6,55.4,20,74,21.7,119,30.3,29.4,20,190
15,남자,179.1,77.4,27.6,81,24.1,127,36.8,44.8,24,195
15,남자,182.1,94,23.3,92,28.3,123,49,54.3,32,205
15,남자,166.1,65.2,36.2,83,23.6,130,28.1,31.6,12,178
15,남자,171,66.9,14.8,74,22.9,129,39,37.4,29,248
15,남자,171.9,47.1,13.5,65,15.9,127,26.6,30.4,20,206
15,남자,177.9,64.7,12.2,69,20.4,101,45.4,46.7,33,231
15,남자,173.6,71.9,26.7,80,23.9,111,30.7,35.9,35,210
15,남자,164.6,55,19.2,63.5,20.3,104,24.4,31.2,32,150
15,남자,169.7,51.4,20.8,66,17.8,104,25.1,25.9,18,180
15,남자,171,118.2,44.5,115,40.4,114,34.9,30.3,20,115
15,남자,169.8,74,29.4,76,25.7,120,40,40.7,31,195
15,남자,180.8,74.3,29.3,76,22.7,109,35.2,47,33,189
14,남자,173.5,77.8,17.4,79.5,25.8,115,51.9,50.3,47,250
15,남자,176.9,80.1,31.2,82,25.6,110,35,34.3,43,191
15,남자,167,55.8,13.4,68,20,124,35.1,35.3,45,215
15,남자,161.4,57.7,18.5,72,22.1,122,30.4,32.9,3,195
15,남자,167.9,57.2,16.4,76,20.3,124,22.6,32.9,28,195
14,남자,177,98.8,35.2,111,31.5,122,30.3,38.7,21,166
15,남자,176.8,90.9,34.1,99,29.1,131,29.4,26,8,90
15,남자,181.9,84.7,23.9,90,25.6,128,45.7,50.4,0,230
15,남자,178,75.9,27,85,24,120,26,35.1,3,205
15,남자,167.4,67.2,22.1,77,24,131,36,41.5,26,232
15,남자,166.1,58.7,26.3,73,21.3,127,28.8,31.2,71,225
15,남자,166.2,72,34.2,89,26.1,128,27.5,36.3,10,184
15,남자,165.1,70.2,30.3,83,25.8,121,30.9,34.6,30,182
15,남자,172.8,56.3,14.7,69,18.9,115,34.4,35,44,210
15,남자,163.8,65.7,26.8,78,24.5,116,29.7,35.9,17,200
15,남자,163.8,88.7,35,94,33.1,115,43.4,51.1,35,190
15,남자,168.2,68.2,25.8,77,24.1,115,36.3,38,41,180
15,남자,169.1,55.5,19.2,73,19.4,112,27.7,33.2,19,180
15,남자,164.9,53.6,12.8,66,19.7,110,41.7,48.4,50,230
15,남자,173.8,87.9,32.8,88,29.1,108,45.1,40.4,37,190
15,남자,172.8,97.3,41.9,103,32.6,108,33.4,38.8,8,156
15,남자,182.9,83.3,18.2,84,24.9,108,32.9,37.4,80,247
15,남자,164.9,68.6,27.9,82.5,25.2,120,26.2,28.9,31,228
15,남자,158.9,51.9,25.6,66,20.6,112,33.1,32.6,15,200
15,남자,177.3,57.8,11,71,18.4,127,29.3,40.4,17,213
15,남자,168.5,51.4,8.9,65,18.1,128,27.9,37.8,66,233
15,남자,178.7,72.4,21.5,80,22.7,120,31.8,39.1,45,195
15,남자,169.8,67.6,13.9,78,23.4,111,37.5,38.1,67,210
15,남자,178.3,55.7,19.7,67,17.5,120,31.8,34.1,20,195
15,남자,168,53.8,14,70,19.1,119,21.3,25.1,2,222
15,남자,169.7,52.6,10.6,63,18.3,110,43.3,48.9,38,235
15,남자,171,79.3,28,90,27.1,128,25.1,27.8,11,205
14,남자,171.6,90.8,36.4,102,30.8,121,36.5,44.8,17,175
14,남자,172.8,60.7,14.7,69,20.3,126,32.2,32.9,20,210
15,남자,177.4,86.6,24.1,93,27.5,127,35.6,41.3,30,188
15,남자,171.5,59.9,18.3,71,20.4,124,31.3,29.2,24,188
15,남자,179.1,74.4,30.5,91,23.2,128,22.8,30.9,21,162
15,남자,175,70.5,18.5,99,23,114,39.9,50.9,19,205
15,남자,178,81.4,23.9,92,25.7,121,31.5,28.1,3,135
15,남자,166.2,61.8,19.7,76,22.4,122,37.5,43.4,30,215
15,남자,176.6,65.9,16.9,77,21.1,123,29.7,22.2,45,225
15,남자,173,54.7,11,68,18.3,128,33.7,30.7,29,236
15,남자,171.3,93.5,28.9,94,31.9,131,46.6,54.9,22,188
15,남자,170.6,68.5,28.8,84,23.5,131,35.1,32.4,3,150
15,남자,179.8,59.2,14.8,87,18.3,123,17.2,24.4,2,147
15,남자,172.8,62.6,13.1,93,21,107,35,42.9,20,220
14,남자,167.5,67.3,23.5,83,24,124,36.9,43.1,32,217
15,남자,168.5,74.6,23.1,83,26.3,128,35.3,39.9,17,183
14,남자,172.6,60.1,18.1,78,20.2,127,28.2,29,38,233
15,남자,164.5,77.8,41.7,97,28.8,121,18.2,20,14,150
14,남자,163.7,74,29.9,93,27.6,131,22.1,31.6,2,160
15,남자,165.9,54.7,12.6,70,19.9,128,32.8,37.1,7,201
15,남자,173.5,86.7,25.3,99,28.8,131,27.8,47.2,42,190
15,남자,169.2,56.4,20.6,79,19.7,131,25.3,30.5,0,175
15,남자,167.4,92.5,37.7,106,33,122,25.6,33.8,8,203
15,남자,178.8,85.1,25.3,95,26.6,124,43.6,52.2,20,247
15,남자,166.8,66.4,26.4,90,23.9,131,33.1,35,14,153
15,남자,172.7,86.2,26.6,95,28.9,142,32.8,44.8,17,222
14,남자,166.5,51.7,14.6,69,18.6,111,31.9,32.8,30,168
15,남자,180.4,75.8,20.1,81,23.3,114,37.8,42.4,25,207
15,남자,172.9,64.3,18.6,78.5,21.5,110,32.6,34.1,45,230
15,남자,163.3,67.2,23.6,78,25.2,108,28.5,34.4,33,147
15,남자,178.7,80.1,25.5,82.5,25.1,106,34.6,45.6,30,198
15,남자,175.6,71.1,18.5,69,23.1,108,32.8,37.5,25,205
15,남자,171.8,78.1,32.2,86,26.5,111,39.9,33.5,34,0
15,남자,172.1,98.7,43.1,106,33.3,120,34.9,34.4,71,135
15,남자,172.7,55.7,14.5,68,18.7,108,37.2,36.9,80,212
15,남자,165.8,75.9,40.1,89,27.6,113,29.7,33.7,54,150
15,남자,168.3,50.1,11.4,68,17.7,113,26.5,26.8,20,200
15,남자,172.6,78,26.8,83,26.2,111,41.3,35.9,60,0
15,남자,162.4,46.2,26.1,67,17.5,108,21.5,20.1,29,150
15,남자,173.8,74.5,28,79,24.7,108,34,36.6,40,225
15,남자,166.6,50.9,12.1,63,18.3,111,33.8,35,80,203
15,남자,162.7,77.7,34.2,81,29.4,121,33,35.9,21,195
15,남자,173.4,67.9,20.1,79,22.6,108,34.1,37.2,20,185
14,남자,176.8,60,14.6,64,19.2,108,39.1,36.9,50,218
14,남자,174.5,66.5,17.7,70.5,21.8,108,51.7,51,56,205
15,남자,177.3,115.4,38.1,116,36.7,108,42.6,44.3,20,170
15,남자,170.5,70.6,24.6,78,24.3,115,40.4,49.4,30,190
17,여자,163.9,61.6,30.1,68,22.9,102,19.4,32.1,16,162
16,여자,157.7,54.7,35.7,67.5,22,111,22.1,27,20,150
17,여자,162.3,54.7,32.8,66.5,20.8,121,18.7,20,15,173
17,여자,150.3,54.3,39.1,71,24,121,24.2,25.5,10,174
17,여자,166.3,54.1,27.3,58,19.6,121,18.9,27.2,62,153
17,여자,164.9,67,37.6,76,24.6,122,25.6,33.8,27,135
17,여자,157.7,51.3,34.2,63,20.6,121,21.3,21.4,26,133
17,여자,160.9,59.8,36.5,66,23.1,111,29.2,31.3,24,130
17,여자,163.9,73.5,36.6,76,27.4,105,19.7,23.4,30,193
17,여자,160.1,49,29.6,61,19.1,122,14.2,21.1,60,175
17,여자,161.3,60.8,35.3,76,23.4,114,26.8,22.7,10,164
17,여자,158.8,60.4,34.9,69.5,24,111,21,25.8,33,150
17,여자,155,56.2,34.2,69.5,23.4,121,14.6,20.8,55,130
16,여자,160.5,58.9,35.7,62,22.9,113,21.4,29.7,17,175
17,여자,166.4,48.4,32.8,65,17.5,114,17.2,14.5,32,130
17,여자,162.8,56.8,34.5,64,21.4,113,16.5,22.3,27,141
17,여자,161.4,55.2,33.8,68,21.2,114,20.7,21.3,26,162
16,여자,167.5,60.7,34.5,69,21.6,114,25.5,29,20,160
17,여자,163.9,54.9,23.3,59,20.4,110,24.2,28.3,80,165
16,여자,155,44.2,25.6,57,18.4,105,24.1,24.2,26,120
17,여자,167.9,57,27.1,72,20.2,108,24.2,21.7,80,152
17,여자,162.5,47.6,31,63,18,110,17,20.7,80,135
17,여자,160.7,47.1,26.5,60,18.2,105,22.8,21.1,33,128
16,여자,175.1,69.8,40.5,71,22.8,114,24.4,25.1,20,170
17,여자,155,61.6,39.2,72,25.6,114,20.1,23.2,46,143
18,여자,159.8,44.9,27.9,56,17.6,114,14.5,19.6,24,125
17,여자,156.3,59,23.2,70,24.2,114,24.8,29.7,36,172
17,여자,172.7,80.4,36.6,82,27,110,30.7,32.6,12,170
17,여자,149.9,37,33.7,61,16.5,105,11.1,17.2,15,106
17,여자,157,59.1,38.4,70.5,24,111,26.5,22.4,25,173
17,여자,157.9,68.7,40.2,80,27.6,101,28.9,30.4,26,158
17,여자,165.5,75.5,39.4,77,27.6,108,19.3,28.7,30,140
17,여자,162.5,47.2,23.8,62,17.9,110,16.3,18.5,37,175
17,여자,159.3,58.2,41.9,69.5,22.9,121,19.3,19.7,31,129
17,여자,160.3,52.3,34.5,60.6,20.4,120,13.4,16.3,50,135
17,여자,156.8,54.7,39.8,63,22.2,111,15,20.8,14,125
17,여자,153.8,46.2,29.7,65,19.5,114,20,16.9,12,147
17,여자,156.8,51,29.7,63,20.7,108,27.7,33.4,25,170
17,여자,159.4,60.7,33.6,71,23.9,114,27.7,29.2,23,151
17,여자,160.9,61.1,28.3,72,23.6,117,28.2,27.7,34,165
17,여자,155.6,55,33.4,64,22.7,110,23.7,24.4,25,165
17,여자,156,56.7,38.3,76,23.3,120,14.4,17.7,38,133
16,여자,157.7,46.4,23,61,18.7,110,19.7,23.7,80,185
17,여자,157.8,53.1,30.9,61,21.3,114,19.3,21.5,55,155
17,여자,154.9,51.9,33.5,71,21.6,120,24.2,23.8,5,125
17,여자,166,69.5,36.5,75,25.2,121,30.7,29.4,50,145
17,여자,166.6,53.5,34.6,65,19.3,114,19,16.2,15,130
17,여자,159.5,58.5,33.6,65,23,115,26.1,26.9,10,165
17,여자,146.6,52,38.6,69,24.2,108,10.1,14.4,22,145
17,여자,158.3,63.7,32.3,68,25.4,105,26.8,38.1,80,180
17,여자,157.5,51.9,28.5,61,20.9,110,15.8,21.4,1,165
17,여자,160.5,64.8,41.8,70,25.2,108,24.7,28.7,24,132
17,여자,162.5,50,21.9,59,18.9,110,25.1,30.1,24,153
17,여자,163.8,54.5,28.2,63,20.3,110,17.9,23.8,57,185
17,여자,163.9,66.5,35.6,68,24.8,110,29.3,29.6,18,130
17,여자,168.9,57,29.8,75,20,111,15.9,18.9,21,135
17,여자,159.6,50,30.4,60,19.6,105,14.9,18.9,55,145
17,여자,158,59.6,32.4,68,23.9,105,21.1,21.3,43,173
16,여자,160.3,44.8,25.2,62,17.4,111,16.9,17.9,26,162
17,여자,160.6,48.8,28,65.5,18.9,108,14.3,18.9,15,133
16,여자,152.9,57.6,38.7,69,24.6,114,17.9,19,18,140
17,여자,155.5,60.2,39.4,69,24.9,114,21,25.9,25,142
16,여자,162.2,58.2,31.9,69,22.1,114,26.2,30.9,25,185
17,여자,158.3,72.4,41.9,83,28.9,108,20.6,24.4,9,145
17,여자,155.8,54.4,29.6,66,22.4,112,21,22.7,17,155
17,여자,170,63.9,29.2,66,22.1,112,28.2,32.2,23,175
16,여자,160.1,49.4,29.8,62,19.3,120,19.2,21.1,32,145
17,여자,162,57.2,38.5,68,21.8,110,23.1,23.2,22,137
17,여자,165.8,69.6,41.7,76,25.3,111,28.5,24.2,23,165
17,여자,159.9,55.2,41.2,65,21.6,111,14.2,18.5,15,120
16,여자,165.9,51.8,29.2,62,18.8,111,20.7,23.1,38,150
17,여자,169.9,98,42.4,89,33.9,130,31.8,32.4,20,127
17,여자,160.9,53.2,24.8,59,20.5,121,25.2,27.8,35,210
17,여자,158.1,52.3,32.7,60,20.9,111,27.3,25.4,13,155
17,여자,166.3,84.1,43,88,30.4,112,29.4,32.6,24,165
17,여자,159.2,47.3,29.2,58,18.7,111,21.7,17.6,23,145
17,여자,168.9,66,33.6,70,23.1,121,17.6,13.2,10,152
17,여자,171,64.6,30.9,70,22.1,115,30.7,32.2,17,145
16,여자,152.3,50.8,39,62,21.9,109,20,22.4,10,150
17,여자,165.8,69,30.1,72,25.1,110,28.6,35.7,29,165
17,여자,158.2,72.2,38.8,83,28.8,111,20.7,34.6,32,140
17,여자,168.5,62.5,33.9,70,22,111,20.7,20.8,6,125
16,여자,159.7,76.6,42.5,70,30,107,27.3,32.4,30,175
16,여자,155,51.3,34.9,67,21.4,110,22.7,24.4,26,155
17,여자,166.1,56.9,37.7,64,20.6,121,16.1,24.4,30,145
17,여자,169.5,58,29.9,66.5,20.2,105,25.8,30.7,28,154
17,여자,153.7,44.8,25.1,59,19,111,13.2,12.3,0,168
17,여자,165,60.8,33,75,22.3,112,26.8,34.6,28,171
15,여자,164.3,60.2,27.4,60,22.3,110,23.6,25.1,12,180
17,여자,160.2,54,31.9,59,21,111,21.1,29.3,20,160
17,여자,157.4,79.4,47.7,90,32,121,26.9,28,15,110
17,여자,155.4,49.8,29,63,20.6,110,24.1,23.1,35,206
17,여자,147.9,68.9,45.6,78,31.5,121,21.5,28.5,15,200
17,여자,164.4,54.1,31.1,62,20,121,25.2,29.2,31,150
17,여자,163.8,57.1,30.3,64,21.3,114,23.5,25.5,35,175
17,여자,161.9,62,33.5,71,23.7,110,24.1,30.2,32,195
17,여자,155.6,49.2,33.6,68,20.3,109,15.2,19.4,28,125
17,여자,157.4,45.9,34.4,63,18.5,114,17.9,13,11,102
17,여자,169.9,52.5,24.4,62.5,18.2,110,14.6,16.2,21,212
17,여자,152,60.1,40.8,69,26,120,25.2,26.9,24,165
17,여자,169.1,52.6,29.2,62,18.4,113,23.5,22,45,155
17,여자,157.8,57.3,35,70,23,121,19.3,21.8,13,155
16,여자,154.5,50.9,40.1,64.5,21.3,110,19.2,19.6,32,155
16,여자,159.3,63.1,36.4,67,24.9,107,29.4,30.6,20,180
16,여자,149.3,45.8,25.2,69,20.5,121,13.8,19,11,92
16,여자,164.7,54.4,29.4,68,20.1,108,24.3,29.9,38,160
16,여자,154.9,55.2,38.3,74,23,116,19.9,19,17,123
16,여자,150.3,48.6,33.9,65,21.5,114,19.2,17.6,7,131
16,여자,163.9,61.7,39.6,77,23,110,21.7,26.2,13,121
16,여자,160.3,47,26.4,57,18.3,109,19.4,23.2,34,170
16,여자,165.9,74.3,39,80,27,118,24.2,25.2,4,150
16,여자,156.4,48,26.5,59.5,19.6,114,15.9,19,36,165
16,여자,153.6,60.5,34.9,66,25.6,110,23.5,28.6,38,155
16,여자,163.7,51.7,30.1,67,19.3,110,23.7,26.9,15,125
16,여자,158.9,57.7,36.2,61,22.9,114,24.2,24.8,31,120
16,여자,162.9,62.5,35.7,69,23.6,120,23,28.5,49,185
17,여자,153,49.9,37.6,75,21.3,110,13,13.5,5,95
16,여자,161.5,51.2,35.3,61,19.6,110,16.6,23.2,38,180
15,여자,152.2,52.6,37.5,67,22.7,110,16.5,20.6,25,110
16,여자,161.6,54.5,38.2,69,20.9,110,20.4,23.1,15,142
16,여자,162.9,53.9,33,68,20.3,120,17.3,19.2,9,120
16,여자,155.4,53.4,39.1,66,22.1,108,18.9,21.3,22,148
16,여자,161.9,86.1,47,90,32.8,111,30.6,30.3,29,150
16,여자,158.2,53.5,37.5,62,21.4,110,18.6,22.7,17,155
16,여자,165,56.7,31.5,64,20.8,121,24.9,28.5,8,160
16,여자,154.4,60.1,42,70,25.2,120,18.5,25.9,2,140
16,여자,167.2,52.9,26,63,18.9,111,23.7,27.3,8,174
16,여자,165.2,71.5,37,80,26.2,110,31.3,38.7,56,166
16,여자,161.8,53,33.4,75,20.2,116,16.8,26.3,21,149
16,여자,169.5,74.2,33.3,81,25.8,120,26.5,39.1,10,140
16,여자,163.7,62,39.7,71,23.1,120,26.2,31.5,5,152
16,여자,160,62.6,37.3,70,24.5,115,19.2,22.8,28,160
16,여자,160.7,54.9,26.2,63,21.3,115,23.2,36.6,30,150
16,여자,165.3,67.1,40.6,69,24.6,112,27.2,27.4,28,103
16,여자,168.6,59.1,26,58,20.8,116,30.3,32.5,54,179
16,여자,159.6,61.1,35.6,76,24,114,25.4,27.5,52,128
16,여자,152.8,74.7,42.1,83,32,120,24.5,25.9,10,158
16,여자,156.2,51.9,35.6,64,21.3,121,15.4,16.3,3,100
16,여자,162.7,92.3,44,93,34.9,102,27.9,42.6,24,172
16,여자,163.3,50.6,32.3,60,19,111,17,22.5,12,145
16,여자,163.5,60.1,26.9,67,22.5,110,29.7,33.2,51,175
16,여자,163.4,63,36,68,23.6,110,20.8,22,38,175
16,여자,150.4,49.8,38.1,73,22,110,21.5,22.7,8,100
16,여자,158.1,56.1,40.6,69,22.4,110,16.9,16.8,16,142
16,여자,153.2,44.8,35.4,60,19.1,110,18.5,20.8,31,110
16,여자,159.4,43.1,21.9,55,17,120,25.2,30.1,30,168
16,여자,163.7,57.3,32.9,71,21.4,114,24.9,22.8,19,140
16,여자,159.4,50.6,30.8,66,19.9,109,17.2,24.2,7,140
16,여자,160.1,48.8,27.7,62,19,108,23,24.6,40,153
16,여자,164.9,52,27,62,19.1,113,23.7,26.2,51,175
15,여자,158.6,56.9,31.8,72,22.6,108,23.7,22.1,7,150
16,여자,162.2,64,33.4,66.5,24.3,117,26.3,32.5,45,190
16,여자,169.1,63.6,32.2,70,22.2,105,26.8,33.7,25,140
16,여자,156.8,49.8,30.2,66,20.3,108,24.5,25.8,27,162
16,여자,176.3,74.9,42.3,80,24.1,114,18.6,27.9,5,140
16,여자,165.2,59,33.5,62,21.6,120,22.1,24.5,9,165
16,여자,155.2,52.1,29.7,64,21.6,107,26.2,24.9,19,110
16,여자,145.7,39.7,29.3,59,18.7,109,19.2,23.2,25,174
16,여자,153.8,42.9,28.6,60,18.1,120,11.1,20.7,31,140
16,여자,165.4,45.4,25,57,16.6,114,17.2,21.4,15,132
16,여자,169,56,30,59.5,19.6,110,25.5,26.3,20,163
16,여자,159.5,62.1,41.4,76,24.4,113,25.2,28.3,20,115
16,여자,159.4,48.8,28.8,64,19.2,112,19.2,17.8,33,130
16,여자,156,41.5,21.1,58,17.1,112,21.7,18.5,40,114
16,여자,163.4,60.2,34.5,66.5,22.5,110,24.9,33.1,50,170
16,여자,152.9,53,29.1,67,22.7,114,22.3,16.6,50,182
16,여자,168.3,55.9,28.8,61,19.7,110,22.8,26.2,30,195
16,여자,160.7,51.7,32.2,64,20,110,16.8,21.3,27,150
16,여자,162.1,80.7,46.7,82.5,30.7,109,20.6,23.5,7,120
16,여자,167.4,61.7,34,67,22,115,20.7,30.1,19,143
16,여자,156.4,73.6,39.1,81,30.1,113,23.2,24.6,18,170
16,여자,165,51.4,29.9,58.5,18.9,112,18.5,25.8,43,170
15,여자,156.2,58.1,37.1,73,23.8,114,20.6,24.8,31,145
16,여자,164.6,70.7,39,73,26.1,109,22.8,21,8,120
16,여자,159,47.7,25.2,58,18.9,120,17.2,21.4,15,146
16,여자,158.9,47.1,18.3,56,18.7,114,22,31.6,9,182
15,여자,166.1,71.5,39.6,75,25.9,112,31.4,33.5,9,163
16,여자,154.7,48.3,33.3,66,20.2,113,20.1,19,12,162
15,여자,160.3,54.4,28.9,62,21.2,110,17.9,23.4,20,140
16,여자,154.7,54.3,37.9,76,22.7,114,16.8,14.2,36,172
15,여자,155.8,60.9,38.8,80,25.1,109,22.3,21,0,136
16,여자,165.4,77.6,35.8,83,28.4,110,31.6,34.4,24,173
16,여자,161.5,61.8,39.6,70,23.7,113,23.2,22.4,22,165
16,여자,155.1,70.3,44.4,88,29.2,112,17.5,24.9,9,127
16,여자,165,58,34.9,63,21.3,120,26.1,29.7,2,130
16,여자,151.4,59.3,41.3,63.5,25.9,114,19.7,22.4,27,170
16,여자,150.8,62.2,36.6,73,27.4,120,28.5,22.3,25,185
16,여자,162.6,52.5,27.9,68.5,19.9,108,21.5,23.7,24,155
16,여자,159.2,72,45.3,85,28.4,120,27.6,25.8,13,160
16,여자,164.1,64.8,32.2,70,24.1,110,28.7,28.7,40,150
16,여자,163.9,55.5,23.9,63.3,20.7,110,24.9,29.9,49,215
16,여자,164.1,57.2,33,68.7,21.2,110,24.9,29.6,14,200
16,여자,161.9,64.4,37.2,78,24.6,112,27,29.7,30,173
16,여자,161.6,59.8,38,72,22.9,120,23,22.7,19,145
16,여자,159.6,55.4,35.6,65,21.7,111,21.8,26,23,176
16,여자,161.8,70.7,42.1,71,27,120,17.9,20.4,10,150
16,여자,161.6,64.1,42.8,64.8,24.5,113,24.5,27,17,140
16,여자,164.8,52,26.5,61,19.1,109,22.4,23,20,152
16,여자,166.9,58.2,30,68,20.9,105,26.1,32.1,41,190
16,여자,158.9,41.9,24.4,54,16.6,113,20.6,26.5,46,140
16,여자,160.5,54.6,30.5,65,21.2,120,24.6,29.7,24,160
16,여자,156.7,56,40,66,22.8,112,15.4,24.4,4,115
16,여자,158.2,59.6,40.2,70,23.8,120,21.5,26.6,52,150
16,여자,165.6,57.9,29.1,64.5,21.1,110,26.2,28.9,18,160
16,여자,148,52.6,33.3,80.5,24,105,5.1,9.9,5,110
16,여자,154.6,65.4,41.7,78,27.4,110,25.8,25.4,23,140
16,여자,157.2,64.9,39.9,73,26.3,110,27.6,31.6,54,172
16,여자,164.1,57.9,30.1,64,21.5,108,15.4,16.9,17,182
16,여자,159.7,52.1,25.2,75.3,20.4,108,28.5,31.6,43,200
18,남자,178.7,73.6,14,71,23,136,37.8,41.9,53,283
18,여자,150.6,49,30.6,64.3,21.6,104,19.7,21.3,80,117
17,남자,174.8,66.4,21.9,81,21.7,136,29.7,36.4,53,207
17,남자,172.7,87.1,30.5,88,29.2,134,39.9,37.4,80,185
17,여자,156.8,31,34.5,69.5,12.6,132,23.4,24.6,51,185
17,여자,159.5,37.6,23.4,63,14.8,121,16.7,17.7,40,90
17,여자,170.1,52.7,26.2,66,18.2,119,23.1,24.4,80,160
17,남자,173.5,81.2,21,85,27,124,49.1,53.3,80,216
18,여자,160.8,67,44,81,25.9,131,20,22,31,120
13,여자,154.1,40.7,19.7,65.9,17.1,110,18.1,22,40,146
14,여자,166.1,89.1,42,91,32.3,141,32,37,25,170
13,여자,157.7,50.6,29.5,71,20.3,121,16.3,17.1,41,151
13,남자,177.1,65.9,21.6,79,21,117,31.2,35.7,72,171
13,남자,142.7,44.2,32,72,21.7,129,17.1,17.7,23,142
13,남자,164.5,73.4,35.3,95,27.1,130,23,24.8,7,135
13,남자,165.7,77.1,37.1,95,28.1,93,30.1,28.1,28,134
13,남자,164.4,75.9,38.9,78,28.1,122,28.3,30,14,181
13,남자,168.5,56.3,19.5,74,19.8,120,31.4,31.2,61,228
13,남자,167.1,69.4,28.4,87,24.9,115,24.8,25.2,20,188
13,남자,165,50.2,10.6,64,18.4,95,31.2,27.4,29,196
13,남자,159.8,49.2,18.2,74,19.3,106,21.2,23.7,62,195
13,남자,166.5,58.8,23.3,76,21.2,108,26.7,27.8,36,158
13,남자,160.5,56.8,18.1,71,22,121,31.7,31,70,190
13,남자,174.9,58,10.6,69,19,139,25.6,29.9,34,210
13,남자,155.3,48.4,31.1,68,20.1,117,19.5,20.7,19,145
13,남자,170,69.8,19.9,78,24.2,119,29.1,28.9,31,225
13,남자,168.9,90,34.9,104,31.5,109,33.7,37.9,20,148
13,남자,173.5,81.3,29.2,93,27,144,23.4,34.4,20,159
13,남자,153.2,40.1,17.9,66,17.1,108,17,18.1,16,169
13,남자,159.5,60.3,22.4,88,23.7,128,17.7,20.6,32,160
13,남자,167.4,49.2,7,76,17.6,90,23.4,31.4,62,204
13,남자,160.3,64.5,31.5,90,25.1,106,31.5,32.9,62,178
13,남자,161.3,65.2,36.3,86,25.1,116,23.3,21.9,38,155
13,남자,162.3,50.1,20.3,77,19,115,18.1,20.5,62,155
13,남자,160.6,56.5,22.2,82,21.9,129,31.1,26.8,29,175
13,남자,162.3,60.1,22.2,88,22.8,107,31,26.3,31,180
13,남자,172.9,69.1,20.6,88,23.1,105,33.9,32.3,32,183
13,남자,156.6,57.2,28.3,82,23.3,101,18.8,19.6,35,168
13,남자,170.2,50.3,12.2,82,17.4,103,18.7,25.5,52,165
13,남자,169.8,56.8,11,83,19.7,112,31.7,36.5,77,202
13,남자,163.6,60,19.2,78,22.4,99,32.4,36,61,207
13,남자,163.5,46.3,6.8,72,17.3,110,29,32.8,39,207
13,남자,162.7,44.5,7.4,60,16.8,83,26.8,20.1,43,215
13,남자,162.9,47.2,12.1,65,17.8,112,27.1,30.5,74,200
13,남자,169.3,56.5,13.7,67,19.7,127,35.2,37.9,31,181
13,남자,161.7,74.5,38.7,94,28.5,95,29.4,29.4,11,155
13,남자,164,70.7,30.9,84,26.3,117,25.3,32.5,24,150
13,남자,165.7,53.2,12.8,76,19.4,102,31.5,33,18,190
13,남자,160.4,60,22.4,84,23.3,137,24.6,23.1,39,168
13,남자,163,59.9,23.5,76,22.5,77,25.7,23.7,20,168
13,남자,161,68.5,34.4,96,26.4,122,24.9,24.2,12,178
13,남자,150,39.5,16.4,57,17.6,112,31,17.7,27,170
13,남자,160,56.6,19,67,22.1,84,25.4,21.4,26,162
13,남자,154,56.5,21.3,66,23.8,119,32.5,30.9,41,200
13,남자,174.2,64.2,13.9,77,21.2,108,42.7,38.4,41,220
13,남자,166.3,56.6,15.5,67,20.5,114,19.7,21.2,6,190
13,남자,160.2,58.5,28.9,78,22.8,110,18,20,14,161
13,남자,168.9,71.2,29.4,86,25,143,31,30.8,6,195
13,남자,164.5,64.8,33.6,87,23.9,116,21.9,23.5,17,143
13,남자,163.8,50.1,12.8,70,18.7,104,41.6,38.2,61,230
13,남자,166.6,59.8,14.3,74,21.5,80,37.5,33.8,40,178
13,남자,159.9,63.4,29.9,85,24.8,112,29.7,29,41,180
13,남자,157,45,8.7,68,18.3,99,32.6,33.2,61,225
13,남자,162.4,59.8,22.6,83,22.7,104,22,26.3,67,150
13,남자,153.7,47.5,29.4,73,20.1,121,19.5,21.1,10,138
13,남자,161.8,64.7,23.6,87,24.7,114,27.4,33.8,30,164
13,남자,173.3,89.6,23.5,99,29.8,121,49.7,54.8,45,235
13,남자,165.2,42.8,11.5,64,15.7,100,20.7,21.3,22,160
13,남자,164.6,48.4,73,73,17.9,120,24.2,27.3,62,195
13,남자,142,28.1,16,72,13.9,97,13.2,13.7,37,174
13,남자,157.3,73,40.6,93,29.5,127,24.5,24.4,8,165
13,남자,165.6,57.6,26.8,74,21,119,23.8,26.6,42,165
13,남자,177.8,104.8,39.4,109,33.2,127,23.1,26.9,10,140
13,남자,162.8,44.5,11.8,60,16.8,131,21.2,22,41,169
13,남자,158.3,64.4,24.8,89,25.7,114,22,22,35,160
13,남자,159.6,64.8,33.8,76,25.4,118,27.8,30.1,19,181
13,남자,175.4,81.4,24.6,96,26.5,107,40.8,39.8,18,145
13,남자,161.4,59.2,25.2,71,22.7,106,33.8,37.5,4,210
13,남자,164.1,53.6,18.6,73,19.9,100,24,28,26,178
13,남자,157.3,53.5,23.8,82,21.6,124,22.6,21.8,20,165
13,남자,167.4,62.3,23,87,22.2,71,30.7,35.2,61,168
13,여자,160.1,44.9,29.3,69.8,17.5,117,21.8,22.1,19,123
13,남자,164.2,63.4,19.3,77.3,23.5,123,34.1,43.1,40,200
13,여자,154.7,52.6,35,74.8,22,118,18.1,20.6,19,135
13,남자,155.1,55.9,34.6,74.4,23.2,107,17.4,19.1,36,150
13,여자,166.7,73.1,38.5,90.4,26.3,119,26.3,25.9,31,120
13,남자,162,44.1,12.4,67,16.8,118,21.5,28.7,23,170
13,남자,156.7,49.8,19.6,69,20.3,118,17.3,20,28,150
13,여자,162,53,23.7,67.2,20.2,113,21.8,22.3,35,150
13,남자,163.7,81.1,40.7,95.3,30.3,118,20.4,25.9,21,140
13,남자,161.5,63.4,25.2,78.9,24.3,124,33.9,32.9,17,164
13,남자,162.8,46.5,13,67,17.5,116,30.4,29.7,43,200
13,남자,166.4,61.6,15.7,82,22.2,114,34.7,42.2,40,205
13,여자,162.5,49.4,34.5,70,18.7,117,12,11.1,17,130
13,남자,161.4,53.4,13.6,68.7,20.5,118,32.3,31,41,150
13,남자,169.4,56.8,9.4,71.4,19.8,114,34.7,32.4,60,152
13,남자,165.8,50.7,16.5,67.9,18.4,122,20,24.6,31,130
13,남자,169,62,23.2,89,21.7,114,22,26.6,46,140
13,여자,156.7,44.9,17.9,64.8,18.3,107,19.7,21.8,38,105
13,여자,156,43.6,15.4,63.5,17.9,112,23.1,25.8,38,115
13,남자,168.1,54.7,13.4,66.3,19.4,115,23.9,24.9,33,195
13,남자,170.4,91.5,38.9,93.8,31.5,120,34.5,32.8,32,115
13,여자,161.7,54.6,32.9,73.6,20.9,116,18.4,17.9,16,100
13,남자,175.7,82.9,21,86.5,26.9,117,38.9,47.9,35,221
13,남자,158.1,48.7,9.3,62,19.5,123,32.9,36,39,207
13,남자,153.5,57.1,31.6,72.5,24.2,118,16.7,21.4,19,150
13,남자,167.1,65.4,23.1,75.3,23.4,116,31.4,29,29,185
13,남자,168,66.7,23.7,81.6,23.6,121,30,34.6,62,170
13,남자,162,58,30.5,81.4,22.1,117,20.4,22.7,23,130
13,남자,164.8,49.8,15.7,63,18.3,116,24.2,28.5,17,165
13,남자,164.1,53,20,72,19.7,117,29.3,32.4,38,150
13,남자,165,61.1,24.5,77.6,22.4,117,27.6,22.8,22,160
13,남자,162.4,53.4,13.5,72,20.2,117,28.5,29.2,35,180
14,남자,167.6,60.8,14.1,72.2,21.6,116,43.6,45.6,53,215
13,남자,177.6,98.1,30.9,101.3,31.1,124,36.8,33.9,23,150
13,여자,166.5,60.4,23.7,75.8,21.8,120,26.5,29.8,29,150
17,여자,157,54,30.2,70,21.9,128,30.4,23.6,19,160
17,여자,161.7,51.9,31.5,65,19.8,124,20.3,23.7,23,144
17,여자,157.4,47.4,29.3,61.5,19.1,134,20,22,20,151
17,여자,165.1,55.7,35.5,64,20.4,128,23,23.4,1,95
17,여자,152.5,45.9,31.7,60.5,19.7,137,17.2,21.4,1,114
18,여자,164.5,57.6,31.1,67.8,21.3,123,19.7,23.6,29,157
17,여자,172.3,65.4,26.8,76.2,22,104,24.4,26,2,145
17,여자,156.8,48.8,35.7,66.3,19.8,116,8.2,12.1,11,142
17,여자,162.1,63.3,34.3,68.5,24.1,121,23,27,22,165
17,여자,162,56.6,28,64,21.6,113,19.4,23.1,0,162
15,남자,175,66.9,10.6,78,21.8,120,47.6,56.7,80,59
17,여자,157.1,51,29.1,69,20.7,108,17.5,20.3,3,166
17,여자,159.6,44.2,24.2,63,17.4,111,20.1,27.4,7,145
18,여자,160.3,81.1,45.4,91,31.6,141,21.1,24.6,0,107
18,여자,155.7,52.2,36.1,64.5,21.5,112,18.5,23.1,0,115
14,남자,160.8,41.5,10.6,68.7,16.1,114,22.1,24.5,45,185
13,남자,163.4,55.1,15.6,72.1,20.6,115,29.9,32.4,43,185
17,여자,156.6,60.9,41,70,24.8,131,20.6,24.1,8,145
17,여자,165.8,74.4,36.3,76,27.1,105,32.5,31,41,155
17,남자,162,51.1,14.8,62,19.5,101,27.3,28.6,23,230
17,여자,168.8,58.9,31.8,68,20.7,111,20.1,23.2,12,129
18,여자,160.5,89.5,48.5,91.6,34.7,137,20.1,20.9,0,100
13,남자,161.4,47.3,9.7,62.4,18.2,114,24.4,32.6,44,190
13,남자,168.3,67.3,30,82.5,23.8,116,29.2,29.6,49,150
13,남자,168.2,49.7,9.7,64.8,17.6,112,21.3,26.6,13,180
17,여자,156.7,53.4,32.8,66,21.7,114,17.6,24.1,17,170
13,남자,178,87.4,30.9,98.1,27.6,119,36.8,37.7,30,175
17,여자,157.7,88,51.4,89.5,35.4,123,24.3,26.1,1,120
13,남자,171.4,56,14,78,19.1,116,25.2,28.2,100,170
13,여자,155.2,61.5,35.5,81.7,25.5,113,22.8,20.3,47,165
14,여자,153.3,37.4,44.4,68.6,15.9,117,16.3,18.1,17,155