1978.8.30 2:29,4.5,39.1,124.2
1978.9.16 2:07,5.2,36.6,127.9
1978.10.7 18:19,5,36.6,126.7
1978.11.23 11:06,4.6,38.4,125.6
1978.12.4 15:16,2.8,37.4,128.7
1978.12.12 21:58,3.3,35.9,126.3
1979.1.1 0:11,2.9,36.6,126.7
1979.1.24 0:40,3,35.7,126
1979.1.29 10:06,3.3,38.3,126
1979.1.30 0:33,3,36.1,128.3
1979.2.4 9:29,3.7,38.4,125.7
1979.2.8 8:52,4,36.6,126.7
1979.2.24 14:44,2.7,38.3,125.1
1979.2.24 19:00,2.9,36.6,126.7
1979.3.12 11:09,3.8,36.6,126.7
1979.4.9 8:49,3.3,39.7,125.7
1979.4.24 5:44,3,36.8,128.5
1979.8.13 12:12,3.5,36.3,128.5
1979.8.14 10:05,2.5,39.5,125.8
1979.8.18 16:34,2.4,37,126.4
1979.8.24 8:30,3.8,36.6,124
1979.8.30 0:39,3,38.3,127.9
1979.10.10 6:59,3.1,38.9,125.7
1979.10.27 12:59,3.7,39.5,125.7
1979.11.19 4:13,3.2,35.9,126.1
1979.12.19 7:32,3.5,35.4,127.5
1979.12.20 15:07,3,36.2,127.3
1979.12.25 16:55,3.2,38.8,126.3
1980.1.8 8:44,5.3,40.2,125
1980.5.15 14:43,3.1,38.3,125.7
1980.6.30 13:29,2.8,39.4,125.7
1980.6.30 23:00,3.6,34,126
1980.7.26 5:59,3.5,38.8,125.7
1980.8.23 11:24,2.5,37.1,125.3
1980.9.25 13:00,2.6,39.5,126
1980.11.28 12:59,2.6,39.4,125.8
1980.11.28 14:27,2.7,38.8,125.6
1980.12.1 13:29,3.5,40.7,127.2
1980.12.1 20:46,3,40.7,127.2
1980.12.6 0:08,2.8,38.4,126.1
1980.12.23 7:04,2.5,38.2,129.4
1980.12.24 21:38,2.7,36,128.6
1980.12.29 13:00,2.8,39.8,126.4
1981.1.2 19:08,3.5,39.7,124.8
1981.3.10 15:24,3,38.9,125.7
1981.4.3 18:39,2.6,36,128.9
1981.4.6 18:42,3.7,38.9,125.4
1981.4.15 11:47,4.8,35.9,130.1
1981.5.19 13:59,2.8,39.4,125.6
1981.5.21 18:09,3,38.7,126.1
1981.6.10 12:59,3,39.5,125.8
1981.6.14 20:57,2.8,37.8,125.7
1981.8.27 21:35,3.5,35.8,129.8
1981.9.6 12:59,2.6,39.6,126.6
1981.9.23 8:13,3.5,36.9,126.3
1981.9.25 3:18,3.4,39.7,125.5
1981.10.10 0:17,2.6,37.3,128.7
1981.12.3 12:25,3,38.9,125.9
1982.2.12 6:48,2.7,34.5,128.2
1982.2.14 23:37,4.5,38.3,125.7
1982.2.24 23:27,2.6,36.1,127.5
1982.2.25 19:14,3.4,38.8,125.7
1982.3.1 0:28,4.7,37.2,129.8
1982.3.28 1:04,3.6,37.6,125.3
1982.3.30 6:13,3,36.4,127.6
1982.5.27 19:21,3.5,38.6,125.8
1982.8.29 3:18,4,37.2,125.9
1982.8.29 15:29,3.3,37.1,125.9
1982.8.29 15:34,3.5,37.1,126
1982.8.31 20:49,3.2,37.1,126
1982.10.11 17:32,3.1,36.4,129.6
1983.1.11 1:15,3.4,38.7,125.6
1983.2.8 20:57,2.9,38,124.9
1983.2.11 4:53,2.6,38.6,126.5
1983.2.28 16:36,2.6,37.7,126.1
1983.5.9 18:59,3.2,38.9,126.3
1983.6.8 21:25,3.4,36.8,127.8
1983.6.21 0:52,3,36.8,127.5
1983.8.9 13:00,2.8,39.5,125.9
1983.8.21 5:13,3.5,36.4,126
1983.9.17 12:17,4.2,38.3,126.1
1983.9.27 13:07,2.9,38.9,124.9
1983.10.8 13:58,3.3,39.6,126.1
1983.10.11 13:47,3.5,38.8,125.7
1983.12.8 3:04,2.5,36.9,125.6
1983.12.21 20:10,2.3,38.2,126.1
1983.12.23 22:40,3,36.5,128.1
1984.1.13 17:06,3,37.4,129.5
1984.1.28 13:30,2.9,37.1,124.6
1984.1.30 13:21,2.4,39.6,126.2
1984.2.13 11:31,3.2,37,125.5
1984.3.17 13:00,3,39.5,126.1
1984.3.21 0:15,3.2,36.8,126.6
1984.3.30 13:30,2.6,39.1,125.9
1984.4.10 1:56,2.2,36.1,128.2
1984.4.30 11:59,3.1,39.3,125.7
1984.5.4 22:04,2.5,35.1,126.6
1984.5.4 22:05,2.6,35.1,126.7
1984.5.11 15:00,3.2,38.6,125.1
1984.5.14 11:39,2.6,35.2,126.7
1984.6.25 23:53,2.2,37,126.8
1984.7.19 13:57,3.9,36,125.2
1984.8.5 7:35,2.8,37.2,125
1984.10.10 16:30,2.9,38.9,125.9
1984.11.9 21:29,2.4,35.8,128.5
1984.11.16 8:50,2.6,39.9,125.9
1985.1.14 12:44,4.2,34.6,129.9
1985.1.15 9:59,3.4,34.7,130
1985.3.22 16:01,2.7,38.4,125.1
1985.4.20 21:36,3.4,41.6,127
1985.5.13 18:26,2.9,36.6,128.6
1985.5.22 17:27,2.9,38.1,125.6
1985.5.27 6:23,2.4,38.3,125.9
1985.6.7 12:59,3.1,39.4,125.9
1985.6.18 13:43,2.8,38.5,125.8
1985.6.20 5:03,3.3,35.9,128.6
1985.6.25 6:40,4,37.3,126.4
1985.6.25 7:29,2.8,37.3,126.4
1985.6.25 11:13,3.8,36.9,129.7
1985.6.26 17:19,2.6,37.3,126.4
1985.7.18 19:14,2.4,38.5,125.8
1985.8.5 19:24,2.8,39.4,125.9
1985.8.8 16:47,3.1,38.4,125.1
1985.11.2 2:56,2.9,36.7,128.9
1985.11.10 17:23,3.1,39.8,125.8
1985.12.10 21:42,3.2,35.8,129.7
1985.12.22 12:09,3,39.3,125.8
1986.1.19 11:20,3,33.5,126.4
1986.2.3 16:38,2.8,35.7,126.9
1986.2.9 7:04,3.3,35.9,125.8
1986.3.4 5:29,2.7,39.4,125.7
1986.3.17 11:52,3.2,35.9,129.5
1986.3.20 16:46,3.6,34.2,125.1
1986.3.24 10:58,2.6,38.8,125.9
1986.4.26 4:24,3.5,36.6,125.5
1986.4.27 9:03,3.3,36.5,125.6
1986.5.2 12:44,3.4,36.6,125.8
1986.5.2 17:26,3,36.7,125.7
1986.5.11 4:03,3.1,36.6,125.9
1986.7.11 16:43,3.2,34.3,126.9
1986.8.11 9:52,3.5,37.1,126
1987.3.6 7:10,4,38.7,125.5
1987.6.13 11:32,2.8,35.3,126.1
1987.9.25 0:44,2.2,37.8,129.1
1987.10.6 7:04,3.1,35.9,129.9
1987.10.6 23:36,3.5,36.2,130.1
1987.10.25 13:23,3.7,37.5,130.1
1988.1.24 6:46,2.9,36.2,129.2
1988.4.15 15:44,3.7,40.4,127
1988.5.3 14:59,3.4,38.3,126.3
1988.10.15 17:26,3.4,38.4,126.2
1988.12.2 23:54,2.5,36.3,127.9
1989.1.5 15:13,3.2,38.5,126.1
1989.3.3 15:15,3.4,38.1,124.9
1989.3.13 16:03,3.4,38.2,125.5
1989.3.29 15:00,3.1,37.9,125.9
1989.4.30 15:27,3.4,36.3,127.3
1989.5.22 14:59,3.2,37.8,125.8
1989.5.25 14:58,3.1,38.6,126.3
1989.6.20 15:28,3.2,38.1,126.2
1989.6.23 0:26,3.5,36.7,127.8
1989.12.11 15:18,2.8,38,125.9
1989.12.29 14:59,2.8,38.2,126.2
1990.1.9 13:53,2.9,36.6,125.6
1990.1.10 17:08,2.5,36.3,127.4
1990.1.28 15:01,2.7,38.3,126.2
1990.2.18 21:29,3.3,38.2,123.9
1990.2.22 15:14,2.8,38.3,126.4
1990.2.28 13:53,2.5,38,126.2
1990.2.28 15:01,3.1,38.3,126.3
1990.3.4 14:51,2.6,38.7,125.8
1990.3.10 16:59,2.7,38.2,126.3
1990.3.11 15:30,2.6,38.1,126.3
1990.6.2 1:46,2.4,36.4,127.8
1990.6.14 3:37,2.3,37.5,127.1
1990.6.19 13:28,2.6,37.8,123.7
1990.6.30 10:45,2.5,36.5,126.7
1990.10.22 18:09,3.4,35.9,130
1991.1.3 8:27,2.7,36.4,128.8
1991.1.3 14:39,3.4,37.6,124.7
1991.1.25 3:57,2.8,37.3,129.8
1991.2.2 11:08,3.4,33.4,123.8
1991.3.28 3:31,2.7,37,126.4
1991.4.14 1:48,3.1,36.5,128.7
1991.4.27 20:01,3,36.1,127.2
1991.5.13 1:25,2.2,35.9,128.5
1991.5.13 10:58,2,35.3,126.7
1991.5.23 7:16,2.6,36.5,127.9
1991.6.7 15:25,2.7,35.8,128.8
1991.6.18 16:07,2.6,39.1,126.1
1991.7.20 12:25,3.1,35.3,127.9
1991.7.23 23:08,3.1,35.6,128
1991.8.10 8:26,2.7,36.5,129.7
1991.10.11 7:20,3.2,36.8,129.3
1991.10.16 4:59,2.8,35.6,129.6
1991.10.30 0:57,2.2,38.5,127.2
1992.1.15 21:26,2,36,127.3
1992.1.21 3:36,4,35.4,129.9
1992.4.9 5:32,2.9,36.2,127.2
1992.5.4 17:06,2.6,35.8,128.4
1992.7.17 8:16,2.5,37.1,126.1
1992.7.19 17:01,3.1,39.1,127.1
1992.9.5 0:22,2.7,37,126.8
1992.10.20 10:34,2.6,36,128.2
1992.11.4 2:30,4.4,34.7,122.8
1992.11.11 9:32,3.4,35.8,123.7
1992.11.12 8:02,3.8,38.5,125.4
1992.11.13 2:47,3.4,38.4,125.3
1992.11.25 18:45,2.6,37.7,126.4
1992.12.13 20:22,4,35.3,130.1
1992.12.16 10:28,2.1,38.1,128.3
1993.1.31 15:31,3.1,41.1,125.7
1993.2.8 10:04,2.1,38.7,127.8
1993.2.25 10:15,2.9,35.6,126.4
1993.3.1 11:59,3.3,35.6,126.9
1993.3.1 12:00,3.9,35.6,126.8
1993.3.11 6:55,2.8,37.5,124.8
1993.3.17 0:36,2.6,36.6,129.9
1993.3.18 0:36,2.8,36.4,130
1993.3.28 10:16,4.5,33.1,123.8
1993.4.2 1:20,2.2,35.2,128.3
1993.4.8 12:01,2.9,34.9,130.6
1993.4.9 2:28,2.2,36.6,126.9
1993.4.16 18:32,2.2,36.5,128.3
1993.5.2 17:57,2.9,37.3,130.5
1993.6.8 17:42,2.2,38.7,126.7
1993.6.12 16:03,2.7,37.5,125.5
1993.7.8 11:10,3.6,35.2,128.4
1993.7.14 11:48,2.6,38.8,125.7
1993.7.20 4:52,1.9,37.1,129.2
1993.8.26 0:07,2.9,35.7,127.9
1993.12.8 11:43,3.4,39.6,125.9
1993.12.24 8:13,3.1,35.9,129.1
1993.12.30 9:58,2.6,38.5,127.6
1994.1.11 8:09,3,36.3,123.9
1994.1.24 15:47,2.3,38.4,126.4
1994.2.2 14:12,2,35.9,128.3
1994.2.12 11:58,3.5,36.4,127.3
1994.2.24 6:40,2.2,37.4,129.4
1994.2.26 4:52,2.5,35.6,127.9
1994.3.3 19:39,2.7,34.4,127.9
1994.3.4 0:33,2.7,35.9,129.6
1994.3.25 6:03,2.3,36.3,128.2
1994.4.12 16:04,3.1,38.5,125.5
1994.4.22 2:05,4.6,34.9,131
1994.4.23 12:41,4.5,35.1,131.1
1994.4.23 13:03,4.1,35.7,130.9
1994.7.26 2:41,4.9,34.9,124.1
1994.8.24 15:18,2.1,38.5,127.5
1994.8.31 0:07,2.8,37.4,124.8
1994.9.21 3:35,3.2,36.4,128.9
1994.10.14 21:51,3.5,38.8,125.6
1994.11.1 9:11,3.4,38.9,125.8
1994.12.2 0:42,3.6,37.9,123.8
1994.12.15 10:41,2.8,36.1,125.4
1994.12.18 3:23,2,36.4,128.1
1994.12.19 17:25,1.9,34.9,126.7
1994.12.25 2:41,2.4,35.3,126
1994.12.26 23:09,2.3,34.8,128.1
1995.1.14 6:43,3,37.9,124.5
1995.1.21 7:39,3.3,34.2,125
1995.1.29 17:02,2.4,38.9,126
1995.2.2 15:56,2.5,38.9,126
1995.2.5 12:59,2.6,39.6,126
1995.3.11 9:30,3,38.7,125.6
1995.3.20 1:01,2.5,35.7,131.1
1995.4.28 15:38,2.5,34.7,128.9
1995.4.30 19:40,2.5,35.8,128.7
1995.5.10 8:46,3.4,39.3,126
1995.5.17 1:43,2.9,37.6,124.3
1995.6.5 18:21,2.5,38.7,126.4
1995.6.19 18:09,3,36.4,128.2
1995.6.24 19:47,2.6,36.8,129.5
1995.6.24 21:49,2.2,37,129.3
1995.7.24 19:02,4.2,38.2,124.4
1995.8.4 10:15,2.8,36.3,123.7
1995.8.9 15:42,2.9,37.9,124.6
1995.8.12 3:17,3.6,38,124.6
1995.8.24 3:08,2.8,36.2,123.7
1995.9.3 22:38,2.4,33.5,126.9
1995.9.17 0:13,2.4,36.3,126.8
1995.10.3 14:05,2.9,36.9,129.2
1995.10.6 21:07,3.7,37.5,129.8
1995.10.8 8:33,3.5,35.6,129.7
1995.11.10 14:03,3,38.9,125.8
1995.12.21 8:25,2.6,36.6,128.1
1995.12.22 5:24,2.5,34.6,127.5
1995.12.24 3:47,3,35.3,124.6
1996.1.24 5:09,4.2,37.9,129.6
1996.2.9 8:51,3.1,39.2,126.4
1996.2.27 4:39,2.6,35.9,129.6
1996.3.2 21:42,2.2,36.4,127.8
1996.3.20 4:54,2.5,36.6,128.1
1996.4.14 2:20,2.3,35.8,127.9
1996.4.14 5:22,3.1,35.9,127.9
1996.4.19 2:39,2.8,36.3,127
1996.5.6 21:02,2.1,35.9,127.7
1996.5.7 0:13,2.9,34.7,127.3
1996.5.13 0:49,3,35.8,130.2
1996.5.14 13:36,2.1,36.5,127.5
1996.5.16 11:05,2.8,35.3,129.1
1996.5.21 17:15,3.1,38.8,125.6
1996.5.26 8:34,2.5,33.5,126
1996.5.26 19:58,3.5,36.4,125.5
1996.6.4 1:14,2.6,39.3,126.3
1996.6.4 18:33,2.4,36.8,129.1
1996.6.15 6:05,2.8,38.9,125.9
1996.6.18 16:33,2.7,39.5,126.3
1996.6.21 1:04,2.8,36.1,126.9
1996.6.27 21:35,2.1,38.2,126.3
1996.7.15 4:58,2.8,36.9,126.5
1996.7.27 1:22,3,34.2,123.3
1996.8.3 0:06,2.7,37.4,129.5
1996.8.14 18:10,3,36.7,128
1996.9.14 22:38,3.6,39,126
1996.9.27 19:32,2.4,35.6,129.9
1996.10.16 4:45,3.3,36.1,128.3
1996.11.10 21:33,3.5,36.7,125.4
1996.11.17 8:49,3.6,39,127.6
1996.11.22 10:09,2.9,32.8,127.2
1996.11.25 0:27,2.3,35.6,129.3
1996.12.13 13:10,4.5,37.2,128.8
1996.12.13 13:27,3,37.3,128.8
1996.12.14 15:17,2.7,37.3,128.8
1996.12.15 16:20,2.5,37.2,128.8
1996.12.18 17:23,2.7,37.3,128.6
1996.12.21 7:45,2.8,37.3,128.6
1997.1.3 20:34,2.9,35,125.2
1997.1.15 5:34,3.2,38.3,128.7
1997.3.9 23:40,2.8,39,127.3
1997.4.23 1:39,2.5,36.2,126
1997.5.9 21:40,3.2,35.2,126
1997.5.9 21:43,3,35.2,126
1997.5.10 0:56,2.5,37.3,128.5
1997.5.22 7:47,3.5,36,126.8
1997.6.15 8:45,2.8,37.4,126.2
1997.6.15 12:46,2.7,37.4,126.2
1997.6.16 22:51,2.7,35.3,129.1
1997.6.26 3:50,4.2,35.8,129.3
1997.6.30 23:48,2.8,36.1,127.7
1997.8.5 4:47,2.3,37.2,128.7
1997.8.5 12:45,2.8,36.7,128.4
1997.9.26 8:35,2.5,37.9,129.7
1997.10.2 23:47,2.4,35,128
1997.10.11 19:50,3.2,35.9,128.7
1997.10.18 19:35,3,37.3,128.8
1997.11.9 18:16,2.5,37.8,126.8
1997.11.10 18:26,3,37.8,125.4
1998.1.18 1:16,3.9,35.6,129.9
1998.2.10 21:11,4.1,37.8,123.6
1998.2.12 3:36,2.9,38.4,128.5
1998.4.2 9:34,2.3,36.3,127.4
1998.4.16 3:58,3.5,38.4,126.3
1998.4.30 21:57,2.3,36.6,128.4
1998.5.1 7:16,2.5,36.1,128
1998.5.14 14:23,2.2,36.7,128.4
1998.5.20 0:34,2.3,35.5,126.2
1998.5.25 11:19,2.4,37.6,129.7
1998.6.5 19:42,2.9,35.9,123.9
1998.6.6 15:04,2.8,38.9,126
1998.6.7 17:39,2.8,34.4,129
1998.6.8 11:45,3.7,38.5,124.3
1998.6.8 19:55,2.8,36,125.2
1998.6.13 18:24,2.4,36.7,130
1998.6.13 23:29,2.4,36.7,130.1
1998.6.19 6:19,2.3,36.7,128.4
1998.7.1 17:09,2,36.8,127.8
1998.7.7 0:13,2.7,38.8,126.1
1998.7.7 17:37,2.7,36,129.9
1998.8.4 21:43,2.9,35.5,128.8
1998.9.3 16:52,3.8,36.6,125.7
1998.9.9 19:53,2.1,36.1,128.5
1998.9.12 23:08,2.3,35.9,129.3
1998.9.13 20:42,3.6,36.1,126.9
1998.9.30 22:29,3.3,35.8,126.9
1998.10.2 20:09,2.5,37.3,128.8
1998.10.14 3:50,2.5,35.8,128.3
1998.10.22 17:34,2.8,36.6,125.5
1998.11.30 8:57,2.8,37.2,128.7
1998.12.9 6:42,2.7,37.5,129.1
1999.1.11 13:07,4.2,38.3,128.7
1999.1.12 21:51,2.9,38.3,128.6
1999.1.24 1:01,3.3,37,128.8
1999.1.24 2:43,2.9,37.4,130.3
1999.2.3 3:21,2.9,38.5,127.8
1999.2.8 6:36,2.5,37.1,128.9
1999.2.24 2:14,3.5,37.3,126
1999.3.5 23:41,3.5,40.5,126.3
1999.3.14 20:31,3.2,37.5,130.4
1999.3.15 16:11,2.7,37.5,130.4
1999.3.15 22:08,2.4,37.5,130.4
1999.3.28 12:39,3,37.5,130.2
1999.4.4 11:29,3.1,36.4,124
1999.4.7 23:43,3.3,37.2,128.9
1999.4.8 0:40,2.9,37.2,128.9
1999.4.8 1:09,2.6,37.2,128.9
1999.4.9 20:48,2.8,37.3,128.9
1999.4.21 11:24,2.1,36.7,127.1
1999.4.22 1:27,2,36.5,127.8
1999.4.23 12:41,2.2,37.3,128.9
1999.4.24 1:35,3.2,36,129.3
1999.4.25 18:35,2.8,35.8,127.1
1999.5.4 3:09,2.5,37.3,129.4
1999.5.9 8:11,3.1,37.7,130.5
1999.5.9 8:17,3.5,36.2,123.7
1999.5.15 14:41,3.1,35.5,126.2
1999.6.2 18:12,3.4,35.9,129.3
1999.6.9 2:15,2.6,37.7,125.8
1999.6.17 22:33,2.6,33.2,126.4
1999.6.19 20:58,2.7,36.3,127.8
1999.7.17 15:22,2.9,36.2,127
1999.9.11 3:17,3.4,36.1,123.7
1999.9.12 5:56,3.2,35.9,129.3
1999.9.24 1:59,2.7,38.2,128.8
1999.12.14 14:46,2.8,36.7,127.3
1999.12.20 13:28,2.5,36,128.4
1999.12.27 12:29,3,36.8,128.2
2000.1.18 15:08,3,38.7,127.9
2000.2.21 1:06,2.1,35.8,128.2
2000.3.15 1:10,2.5,36.3,125.9
2000.3.21 13:43,2.3,36.5,126
2000.4.12 4:44,3.5,36.9,125.3
2000.4.15 8:05,2.3,36.6,128.3
2000.4.29 8:53,3.3,35.8,125.7
2000.5.9 6:55,2.3,35.2,128.1
2000.5.11 10:51,3.1,33.3,125.9
2000.5.11 15:01,2.9,38.6,127.8
2000.5.11 16:00,2.9,38.6,127.8
2000.5.19 1:44,2.7,36.6,128.5
2000.5.26 21:41,2.4,36.2,127.1
2000.7.24 7:00,3,38.5,127.8
2000.8.5 21:02,2.7,35.1,124.9
2000.8.6 19:35,2.2,36.3,128.4
2000.8.15 1:36,2.2,35.3,125.9
2000.8.21 19:43,3.4,38.9,125.9
2000.9.13 20:38,2.4,35.7,127.1
2000.9.23 10:07,2.4,35.6,128.4
2000.10.3 0:01,2,36.7,127.2
2000.10.8 7:46,2.6,37.3,128.8
2000.10.23 11:35,2.6,37.7,125.7
2000.10.28 7:10,2.7,37.1,126.7
2000.11.5 21:39,2.2,36.2,127.2
2000.11.14 17:41,2.9,38.8,125.8
2000.12.2 16:53,3.1,34.6,126.9
2000.12.9 18:51,3.7,36.5,130
2000.12.22 8:19,2.7,36.3,127.4
2001.1.29 11:44,3,35.7,126.6
2001.2.8 16:59,2.3,38.4,127.9
2001.2.10 17:47,2,37.1,127.6
2001.2.14 1:02,2.2,36,128.2
2001.2.19 8:27,2,37.4,128.4
2001.2.28 12:46,2.9,35.3,127.9
2001.3.6 0:23,2.3,35.3,125.7
2001.3.7 8:27,2.5,35.1,127.8
2001.3.19 22:16,2.8,37.6,124.6
2001.4.16 22:50,2.2,35.9,129.7
2001.4.17 2:42,2.5,35.4,126.1
2001.4.21 2:30,2.1,35.9,125.3
2001.5.5 11:21,3.3,37.8,124.5
2001.5.5 19:23,1.7,34.4,127.4
2001.5.16 1:09,2,36,126.7
2001.5.25 0:06,2.6,33.6,126.8
2001.5.27 15:25,2.6,34.1,127.6
2001.5.27 20:24,2.5,35.8,129.7
2001.5.28 7:25,2.1,36.4,127.8
2001.6.9 0:36,2.3,36.7,128.8
2001.6.13 13:53,2.9,34.8,127.3
2001.6.16 21:26,2.2,36,127.9
2001.6.17 1:04,2.3,35.7,126.4
2001.6.29 11:21,3.6,35.8,126.6
2001.7.15 20:01,2.3,36.7,127
2001.7.23 17:29,3.5,36.4,128
2001.7.26 19:55,2,36.2,127.4
2001.7.27 10:04,2.2,36.5,128
2001.8.6 23:46,2.3,36.7,128.3
2001.8.20 21:04,2.5,34,125.5
2001.8.24 11:12,3.1,35.9,128.2
2001.9.7 8:42,2.8,34.8,127.4
2001.9.13 6:07,2.2,36.4,127
2001.9.15 2:32,2.2,35.6,125.9
2001.9.19 8:47,2.6,36.6,126.9
2001.9.24 9:33,2.6,35.5,127.5
2001.10.1 3:35,2.6,36,127.7
2001.10.28 22:27,2.1,37.1,129
2001.11.9 13:54,2.6,34.7,126.9
2001.11.13 6:15,1.9,36.5,127.9
2001.11.21 10:49,3.5,36.7,128.3
2001.11.24 16:10,4.1,36.7,129.9
2001.11.30 11:18,2.4,35.9,127.5
2002.1.4 0:33,2.3,34.8,127.4
2002.1.7 17:10,3.1,35.4,128.8
2002.1.8 8:18,2.8,35.8,128.2
2002.1.17 6:28,2.8,36.2,126.2
2002.1.17 20:16,2.9,35.1,125
2002.2.3 22:44,2.6,35,125
2002.2.7 9:31,2.4,36.1,129.2
2002.2.28 22:26,2.1,36.7,128.1
2002.3.7 23:30,3,36.5,126.6
2002.3.8 2:09,2.4,35.5,126.1
2002.3.12 20:04,2.4,34.9,127.4
2002.3.17 9:26,3.9,38.1,124.3
2002.3.22 11:28,3.5,38.3,124.5
2002.3.25 5:31,2.4,37.4,129.2
2002.3.25 18:10,2.4,37.1,127.2
2002.4.1 7:46,2.5,37.3,128.1
2002.4.14 12:29,2.4,35.1,125
2002.4.17 7:52,3.9,40.5,128.5
2002.5.29 18:22,2.4,34.7,127.9
2002.6.7 22:24,2.8,38.4,125.3
2002.6.23 11:12,2,34.7,126.6
2002.7.2 1:49,2.3,35.8,128
2002.7.9 4:01,3.8,35.9,129.6
2002.7.12 8:17,2.1,35.9,129.8
2002.7.17 6:50,3.3,38,124.4
2002.8.6 7:32,3,34.7,127.4
2002.8.6 21:37,2.5,35.7,127.6
2002.8.10 21:47,4,35.1,123.4
2002.8.13 16:07,2.7,35.1,125.2
2002.9.15 16:40,2.5,35.9,129.7
2002.9.16 7:36,2.8,36.1,128.3
2002.9.19 3:10,2.9,35.6,125.4
2002.10.4 2:06,2.4,38.1,126.4
2002.10.16 19:48,2.4,36.6,127.6
2002.10.19 21:31,2.7,36.2,127.6
2002.10.20 4:22,3,35.2,127.7
2002.10.23 10:30,2.8,34.9,128.4
2002.10.25 4:06,2.4,33.9,127.1
2002.10.28 11:50,2.8,35.1,126.6
2002.11.6 21:48,2.5,36.4,127.7
2002.11.13 21:46,2.4,35.8,127.9
2002.12.5 10:05,2,36.7,126.3
2002.12.5 11:01,2.1,36.7,126.2
2002.12.7 16:43,2.7,37.4,129.4
2002.12.10 7:42,3.8,38.8,127.2
2002.12.12 21:42,2.3,37.1,126.4
2002.12.16 18:21,2.4,36.7,130.2
2002.12.17 8:44,2.1,37.1,126.4
2002.12.26 23:41,2.7,36.5,127
2003.1.9 17:33,3.9,37.4,124.2
2003.1.10 7:56,2.7,35.9,129.2
2003.1.13 22:03,2.8,35.8,129.4
2003.1.16 14:02,2.2,33.6,127.3
2003.2.8 23:46,2.9,35.3,126.6
2003.2.9 22:28,2.3,36,127.9
2003.2.14 16:42,2.9,38,124.5
2003.3.1 21:07,2.5,37.6,124.6
2003.3.1 23:33,3,35.8,129.3
2003.3.4 12:44,2.9,38.3,128.6
2003.3.10 3:28,3.1,36.1,128.4
2003.3.14 4:06,2.1,36.2,128.7
2003.3.19 23:05,2.3,36.5,129.6
2003.3.23 5:38,4.9,35,124.6
2003.3.30 20:10,5,37.8,123.7
2003.4.1 22:26,2.1,36.4,127.8
2003.4.5 0:25,2.5,36.2,127.3
2003.4.5 0:31,2.9,36.2,127.3
2003.4.5 0:56,2.4,36.2,127.3
2003.4.16 2:55,3.3,36.4,126.3
2003.6.4 3:34,2.7,35.2,125.2
2003.6.8 2:07,2.6,36.5,125.1
2003.6.9 10:14,4,36,123.6
2003.6.29 11:53,2.1,35.7,124.8
2003.7.5 12:18,3,37.4,125.3
2003.7.9 15:20,2.7,34.9,128.2
2003.7.18 17:05,2.9,35,124.3
2003.7.28 6:12,2.7,35.1,124.7
2003.8.7 11:04,2.7,36.8,129.5
2003.8.12 1:25,2.6,34.7,130.3
2003.9.19 20:48,2.9,37.5,124.5
2003.9.24 3:26,2.3,35.8,128.5
2003.9.25 15:24,2.5,36,129.6
2003.10.4 4:59,2.3,33.2,126.9
2003.10.5 5:03,2.1,36.3,127.3
2003.10.13 18:12,3.6,37,126.5
2003.10.14 1:44,2.4,34.1,127.5
2003.10.17 11:55,2,35.8,129.4
2004.1.5 6:11,2.9,36.2,127
2004.1.6 1:49,3.2,38.7,125.1
2004.1.17 9:47,2.9,33.7,125.8
2004.1.23 5:27,2,35.4,128
2004.1.29 20:22,2.4,35.9,128.5
2004.2.6 7:30,2.4,38.6,126.1
2004.2.26 5:51,2.1,37.2,128.9
2004.3.7 20:58,2.9,35.8,125.4
2004.4.2 12:04,2.9,39.4,126
2004.4.15 23:25,2,34.9,124.6
2004.4.26 13:29,3.9,35.8,128.2
2004.4.29 17:31,2.9,37.4,123.8
2004.4.30 23:43,2.8,35.8,129.4
2004.5.5 1:07,2.2,33.4,127.3
2004.5.5 2:15,2.2,33.4,127.3
2004.5.5 12:22,3.1,32.7,126
2004.5.6 23:10,2,37.5,129.9
2004.5.17 15:05,2.1,36.4,125.9
2004.5.25 18:08,2.7,39.5,124.9
2004.5.29 19:14,5.2,36.8,130.2
2004.5.30 4:45,2,36.6,130
2004.5.30 21:45,2.2,37,129.3
2004.6.1 20:22,3.5,37.2,130
2004.6.11 16:25,2.1,37.3,128.7
2004.7.13 21:08,2.1,38.5,126
2004.7.14 13:44,2.6,33.4,127.2
2004.7.14 20:37,2.1,36.4,127.3
2004.8.6 5:32,3.3,35.9,127.4
2004.8.11 4:29,2.3,33.3,126.2
2004.8.13 22:42,2.7,37.6,126.5
2004.9.15 7:47,2.5,37.5,126.9
2004.9.24 1:40,2.5,33.4,127.1
2004.9.27 18:47,2.5,35.5,128.3
2004.10.4 6:24,2,35.5,128.3
2004.10.11 19:19,2.2,38,125.4
2004.10.14 3:02,2.7,33.7,127.3
2004.10.20 14:12,2.7,34.4,125.5
2004.11.5 1:25,2,37.1,126.1
2004.11.28 13:15,2.4,37.6,129.5
2004.11.30 13:51,2.5,33.2,125.7
2004.12.10 19:41,2.3,32.9,125.8
2004.12.12 3:00,2.1,33.6,127.7
2005.2.3 7:48,2.4,38.95,130.39
2005.2.5 11:27,2.5,33.49,126.36
2005.2.7 20:16,2.8,36.59,130.02
2005.2.20 22:18,3.4,35.4,126.22
2005.3.12 11:56,2.4,38.82,127.14
2005.3.17 23:39,3.1,32.47,125.85
2005.3.31 19:32,2.2,36.43,125.57
2005.4.1 0:15,2.4,33.56,126.97
2005.4.9 19:14,2.4,37.17,125.41
2005.4.9 23:04,2.4,35.67,130.03
2005.4.21 12:37,3,34.91,125.47
2005.5.1 16:27,3.6,35.04,122.99
2005.5.15 7:22,2.6,38.13,125.6
2005.6.8 0:07,2.5,37.51,124.76
2005.6.10 12:49,2.3,36.78,128.49
2005.6.10 21:14,2.5,36.77,128.48
2005.6.15 7:07,3.9,33.06,126.17
2005.6.15 7:37,3,33,126.15
2005.6.20 15:31,3,38.81,125.57
2005.6.29 23:18,4,34.5,129.05
2005.6.30 0:25,3.1,36.66,129.63
2005.7.30 3:01,3.1,34.16,127.44
2005.8.24 5:06,3.4,34.16,127.03
2005.8.25 19:33,2.4,36.65,126.26
2005.8.31 12:58,2.2,37.13,129.69
2005.9.7 17:11,2.1,37.09,127.84
2005.10.3 19:18,2.1,35.82,129.58
2005.10.10 8:51,3.5,37.92,124.94
2005.10.13 11:22,2.7,36.94,129.47
2005.10.21 12:00,3.2,37.87,125.05
2005.10.23 1:02,2.7,34.98,127.01
2005.11.6 12:52,2.2,35.98,128.13
2005.11.15 9:10,3.1,37.21,128.8
2005.11.27 11:47,3.1,38.35,123.99
2005.12.7 18:02,2.5,36.62,127.76
2005.12.18 0:00,2.2,34.64,127.61
2005.12.25 3:58,2.6,34.76,127.11
2006.1.19 12:35,3.2,37.21,128.8
2006.1.19 22:53,2,37.19,128.77
2006.1.21 11:29,2.1,36.33,127.26
2006.2.14 3:32,3,38.67,126.03
2006.2.28 0:11,2.3,35.8,127.89
2006.2.28 18:52,2.3,36.22,127.66
2006.3.10 5:57,2.5,33.3,127.15
2006.3.11 4:52,2.1,37.13,126
2006.3.15 4:36,2.4,38.19,125.94
2006.3.19 13:59,2.9,36.34,127.36
2006.3.19 14:03,2,36.33,127.34
2006.3.23 7:42,2.5,38.33,127.3
2006.3.26 7:54,2.4,35.67,126.26
2006.4.2 0:04,2,35.38,127.22
2006.4.3 18:14,3.3,38.68,125.96
2006.4.13 1:09,2.8,34.74,125.01
2006.4.19 9:35,2.4,37.07,129.93
2006.4.19 9:49,3,37.05,129.96
2006.4.19 10:57,2.5,37.1,129.91
2006.4.19 16:01,2.4,37.1,129.92
2006.4.19 16:18,2.1,37.01,129.82
2006.4.28 23:47,3,37.09,129.93
2006.4.28 23:54,2.5,37.12,129.93
2006.4.29 1:01,2.5,37.07,129.81
2006.4.29 11:01,3.5,37.09,129.93
2006.4.30 9:50,2.5,37.05,129.84
2006.5.8 6:59,2.4,36.22,129.54
2006.6.1 11:58,2.4,34.6,128.16
2006.7.18 14:49,2,36.13,126.65
2006.7.24 2:44,2,37.17,126.32
2006.7.25 23:29,2.5,35.79,127.89
2006.7.26 2:50,2,35.8,127.88
2006.8.1 12:57,2,35.74,127.82
2006.8.7 14:18,2.8,35.6,124.63
2006.8.9 8:16,2.3,35.7,124.82
2006.8.26 7:44,2.2,37.21,128.81
2006.9.20 0:03,2.6,35.92,129.56
2006.9.20 14:15,2.1,34.62,128.81
2006.9.29 23:07,3.4,34.1,124.9
2006.10.4 5:29,2.2,36.67,127.67
2006.10.16 14:12,2.4,37.35,124.88
2006.10.22 14:09,2.2,37.13,125.98
2006.10.25 18:14,2.6,33.36,125.75
2006.11.11 1:16,2.4,35.97,127.45
2006.11.12 8:19,2.9,38.59,125.12
2006.11.26 3:05,2.4,34.14,127.48
2006.12.4 0:51,2.7,36.46,127.92
2006.12.10 1:39,2.5,33.06,126.22
2006.12.20 1:18,2.1,37.14,129.9
2006.12.28 9:44,2.2,36.11,128.11
2007.1.6 5:47,2.4,39.11,127.98
2007.1.19 9:06,2,37.69,128.57
2007.1.20 20:56,4.8,37.68,128.59
2007.1.24 16:31,2.4,38.62,125.59
2007.2.6 0:35,2.2,34.97,129.68
2007.3.10 18:18,2,37.21,128.85
2007.3.15 5:30,2.9,36.18,127.97
2007.3.28 2:47,2.8,38.64,125.6
2007.4.1 22:16,2.3,38.58,125.63
2007.4.25 8:36,2,36.94,126.53
2007.5.3 12:24,2.2,36.13,127.85
2007.5.3 18:24,2.1,36.6,127.83
2007.5.11 5:51,2.1,35.55,129.91
2007.5.13 16:22,2.2,35.92,128.01
2007.5.16 4:56,2.5,35.72,129.22
2007.5.19 7:53,2.4,36.57,129
2007.5.26 19:59,2.5,36.1,125.05
2007.5.28 0:51,2.1,35.23,128.57
2007.6.26 0:01,2.2,35.61,130.15
2007.7.8 19:28,2.2,37.37,129.66
2007.7.19 21:01,2.2,37.08,129.01
2007.7.22 13:49,2.6,36.88,126.66
2007.7.27 1:37,2.1,39.16,126.65
2007.8.7 18:39,2.4,37.23,128.8
2007.8.12 4:52,2.1,36.05,127.74
2007.8.18 15:09,2.5,35.99,125.78
2007.8.30 16:12,2.9,38.69,125.64
2007.9.12 6:50,2.7,36.46,129.47
2007.9.17 1:16,3,36.45,129.69
2007.9.24 0:24,2.6,36.45,129.61
2007.10.1 1:02,2.2,36.44,129.54
2007.10.4 23:56,2.9,36.43,129.55
2007.10.6 9:08,2.5,35.59,125.96
2007.10.8 22:36,2.2,38.9,125.76
2007.10.13 4:13,2.1,36.44,129.63
2007.10.16 14:59,2.9,37.45,128.97
2007.10.17 20:06,2.1,36.43,129.57
2007.10.29 2:32,2.5,36.62,128.42
2007.11.19 5:51,2.1,34.78,126.48
2007.12.16 0:04,2.2,35.62,127.8
2007.12.22 9:54,2.6,38.63,125.5
2007.12.28 4:03,2.7,34.98,129.64
2008.1.1 6:33,3.2,40.41,127.25
2008.1.10 22:51,2.2,35.09,125.06
2008.1.14 18:03,2.2,36.19,127.54
2008.1.16 19:58,3.9,35.65,125.37
2008.2.5 10:06,2.3,38.41,125.9
2008.2.23 18:19,2.2,35.82,129.33
2008.2.26 9:10,2.6,37.95,124.85
2008.2.26 23:22,2.5,35.97,126.56
2008.2.29 5:37,2.4,33.57,126.54
2008.2.29 15:53,3.2,38.75,126.23
2008.3.8 18:05,2,35.66,128.8
2008.3.9 18:07,2.2,38.75,125.84
2008.3.15 1:38,2,38.11,127.1
2008.3.21 23:57,2.7,35.15,124.57
2008.3.27 16:29,2.8,37.78,126.4
2008.5.26 11:01,2.6,35.85,130.01
2008.5.31 21:59,4.2,33.5,125.69
2008.6.21 23:30,2.2,35.57,128.6
2008.6.30 3:34,2.3,35.1,124.66
2008.7.1 16:32,2.3,35.54,128.82
2008.7.4 19:39,2.1,39.26,127.22
2008.7.4 20:48,2.5,39.3,127.19
2008.7.22 23:11,2.5,35.31,129.74
2008.7.23 19:29,3.2,34.49,128.04
2008.7.27 17:13,2.4,39.4,126.03
2008.7.27 21:48,2.2,34.45,128.08
2008.8.20 14:45,2.2,35.72,125.69
2008.9.4 0:44,3,35.13,125.04
2008.9.8 15:35,2.6,34.57,128.25
2008.9.11 10:46,2.4,38.08,127.12
2008.9.13 12:05,2.5,35.6,126.99
2008.9.20 11:24,2.8,34.11,125.02
2008.10.8 11:04,2.1,38.12,127.11
2008.10.29 9:26,3.4,36.35,127.25
2008.11.5 18:12,2.3,37.07,129.11
2008.11.11 21:20,3,38.54,125.65
2008.11.11 21:30,3,38.55,125.67
2008.11.11 23:37,2.5,38.56,125.66
2008.12.7 2:28,2.4,36.45,129.56
2008.12.7 18:02,2.3,37.79,125.02
2008.12.8 8:49,2.4,35.14,124.62
2008.12.11 19:31,2.7,40.38,126.87
2008.12.18 23:38,2.3,36.47,129.66
2008.12.19 17:53,3.5,36.49,129.68
2008.12.19 21:53,2.2,37.36,129.83
2008.12.29 5:51,2.2,35.67,126.34
2009.1.1 6:45,2.1,36.31,128.35
2009.1.1 15:58,2.5,36.5,129.08
2009.1.2 8:15,2.2,33.94,127.67
2009.1.5 2:59,2.1,33.47,127.31
2009.1.9 20:53,3.2,38.73,125.82
2009.1.13 19:07,3,36.47,129.64
2009.2.12 17:46,3.2,35.26,127.44
2009.2.15 12:57,2.3,35.85,127.72
2009.2.15 22:41,3,35.76,125.71
2009.2.19 0:01,2.3,39.72,126.89
2009.2.23 21:47,2.8,37.13,126.01
2009.2.26 15:03,2.7,35.03,129.59
2009.2.26 20:53,2.2,36.94,129.36
2009.3.2 14:20,3.4,37.08,124.65
2009.3.26 2:32,2.3,33.38,127.14
2009.3.26 22:21,2.9,38.11,127.13
2009.3.30 5:58,2.3,36.21,128.08
2009.4.2 20:28,3,37.6,125.95
2009.4.14 4:51,2.5,38.45,125.65
2009.4.18 20:19,2.5,33.39,127.07
2009.4.21 17:44,2,35.45,128.21
2009.4.29 12:15,2.9,33.43,127.36
2009.5.2 7:58,4,36.56,128.71
2009.5.2 12:28,2.9,36.57,128.71
2009.5.14 20:50,2.2,36.25,127.13
2009.5.15 22:41,2.4,36.59,126.41
2009.5.25 18:12,2.4,36.95,129.33
2009.5.26 18:59,2.2,36.57,129.22
2009.5.31 0:10,2.5,33.52,125.85
2009.5.31 15:24,2.3,38.6,126.43
2009.6.3 15:56,2.4,33.19,126.33
2009.6.3 20:09,2.9,38.57,126.5
2009.6.6 0:49,2.8,38.63,127.44
2009.6.6 1:56,2.4,35.09,125.06
2009.6.20 4:05,2.9,37.09,124.74
2009.6.20 21:14,2.2,38.03,126.62
2009.6.25 13:05,2.2,39.43,126.11
2009.6.28 22:07,3,35.78,128.29
2009.6.29 11:52,2.7,37.14,126
2009.7.1 8:55,2.6,37.84,124.94
2009.7.15 4:04,3,35.14,125.1
2009.7.17 13:14,2.5,38.45,126.15
2009.7.30 9:27,2.6,35.85,126.29
2009.8.15 3:18,2.6,36.52,129.61
2009.8.17 15:24,2.4,36.54,129.6
2009.8.21 23:02,3.8,38.82,125.79
2009.8.25 23:08,2.4,37.68,124.68
2009.10.1 21:30,2.9,38.12,126.02
2009.10.4 12:00,2.5,39.38,126.05
2009.10.16 13:12,2.3,33.4,127.29
2009.11.5 4:31,2.7,38.42,124.87
2009.11.14 5:28,2.4,35.66,126.91
2009.11.14 21:27,2.5,34.81,127.93
2009.11.17 5:38,2.3,36.07,126.95
2009.11.27 10:34,2.4,37.69,129.58
2009.12.4 5:14,2.8,36.72,128.55
2009.12.11 13:13,2.8,33.69,125.64
2009.12.15 7:19,2.3,38.8,125.94
2009.12.15 9:02,2.4,36.76,127.1
2009.12.26 10:55,2.2,37.87,124.91
2010.1.5 20:12,2.6,36.97,126.52
2010.1.10 11:58,2.1,38.8,126.07
2010.1.23 17:54,2.1,36.59,128.17
2010.2.1 5:00,2.3,33.3,127.14
2010.2.1 6:42,2.4,33.34,127.18
2010.2.3 20:57,2.6,33.33,127.19
2010.2.9 18:08,3,37.45,126.8
2010.2.16 18:53,3.3,35.63,129.95
2010.2.21 21:17,2.3,36.75,127.1
2010.2.22 23:29,3,33.29,127.17
2010.3.1 21:58,2.2,38.41,125.62
2010.3.9 12:50,3.2,36.42,125.75
2010.4.4 12:49,2.3,38.51,126.06
2010.4.12 1:18,2.2,34.12,125.66
2010.4.13 2:14,2.5,34.02,125.44
2010.4.16 19:56,2.2,38.78,126.01
2010.4.27 19:29,2.3,36.8,128.75
2010.4.28 14:42,2.1,36.55,128.71
2010.5.15 14:44,2.2,36,127.84
2010.5.26 15:22,2.4,37.6,129.68
2010.6.11 13:02,2.1,38.78,126.07
2010.6.22 22:21,2.6,38.46,125.64
2010.6.26 4:59,2.7,32.35,125.88
2010.6.28 12:19,2.1,38.75,126.03
2010.7.6 3:44,2.3,36.47,127.13
2010.7.27 18:32,2.2,36.34,127.26
2010.8.24 3:59,2.5,38.71,125.9
2010.8.28 7:35,3.2,32.9,126.27
2010.9.6 19:32,2.8,36.56,129.01
2010.9.30 2:07,2.5,33.41,127.34
2010.10.4 23:24,2.8,37.67,129.7
2010.10.7 2:33,2.8,35.87,129.79
2010.10.14 18:06,2.3,37.14,129.73
2010.10.22 11:59,2.5,35.85,128.18
2010.10.23 23:43,2.4,39.77,126.7
2010.10.25 12:36,2.5,34.29,127.39
2010.11.7 20:11,2.8,40.15,128.28
2010.11.20 0:07,2.7,36.83,126.76
2010.11.27 7:51,2.8,35.95,129.79
2010.11.28 10:15,2.3,35.18,127.02
2010.12.19 9:11,2.6,37.31,129.38
2010.12.20 6:56,2.2,36.93,125.5
2011.1.4 1:22,2,36.41,127.15
2011.1.21 10:56,2.2,33.7,127.38
2011.1.26 22:15,2.7,33.4,127.33
2011.2.11 19:21,2.2,37.19,129.06
2011.2.27 18:50,3.5,33.65,125.9
2011.3.6 11:04,2.9,38.66,125.67
2011.3.11 9:57,2.5,38.51,127.57
2011.3.12 8:15,2.6,37,125.27
2011.3.13 3:12,2.3,37.5,125.33
2011.3.14 14:47,2.9,34.62,126.1
2011.3.24 4:35,2.8,36.34,127.83
2011.3.28 13:50,3.2,35.97,129.95
2011.4.3 1:47,2.7,35.77,128.53
2011.4.11 6:11,3.1,37.72,129.07
2011.4.11 23:48,2.8,39.13,125.87
2011.4.24 16:37,3.1,37.85,125.01
2011.5.11 21:08,2.2,39.33,126.22
2011.5.25 18:29,2.3,33.61,127.28
2011.5.28 15:41,2.5,35.93,129.69
2011.5.29 10:22,3.2,35.58,128.75
2011.6.2 8:09,2.9,33.59,127.26
2011.6.2 10:50,2.9,36.7,127.94
2011.6.5 22:53,2.5,36.05,127.53
2011.6.8 14:21,3,35.08,125.3
2011.6.9 15:13,2.6,35.91,129.7
2011.6.15 14:21,3.7,33.71,127.81
2011.6.16 8:13,2.8,33.62,127.27
2011.6.17 16:38,4,37.89,124.81
2011.6.17 16:57,2.4,37.9,124.81
2011.6.27 14:11,2.9,35.52,126.14
2011.7.5 2:13,2.3,38.58,126.36
2011.7.13 4:05,2.1,35.91,128.39
2011.7.19 14:54,2.4,37.89,124.67
2011.7.27 14:38,2.8,36.55,129.56
2011.7.28 11:28,2.2,35.9,129.7
2011.8.9 12:11,2.5,35.66,129.76
2011.8.15 6:10,3.2,38.47,125.63
2011.8.20 6:57,3,37.5,124.46
2011.8.20 13:22,2.2,38.46,127.83
2011.8.31 19:39,2.6,35.7,129.75
2011.9.8 1:56,3.2,38.82,126
2011.9.21 23:59,2.6,35.91,125.21
2011.9.25 12:59,2.6,35.58,125.9
2011.9.26 22:12,3.3,34.58,128.12
2011.9.28 13:20,2.6,38.48,126.26
2011.10.7 19:04,2.7,33.34,127.19
2011.11.2 7:20,3,35.54,130.65
2011.11.26 4:03,2.2,34.23,127.67
2011.11.30 0:37,2.5,35.98,126.53
2011.12.14 15:39,2,37.97,125.82
2011.12.25 0:01,2.3,37.12,128.99
2011.12.27 21:57,3.3,36.86,129.94
2012.1.1 19:40,2,39.02,125.82
2012.1.16 3:03,2.2,36.79,128.75
2012.1.19 15:43,2.7,38.51,126.23
2012.1.24 2:41,2.2,37.12,125.96
2012.2.19 20:21,2.7,35.13,129.89
2012.2.21 22:30,2.5,35.13,129.8
2012.2.24 0:54,2.4,35.13,129.85
2012.2.24 9:05,3.2,35.2,129.93
2012.2.27 0:26,2.5,35.15,129.85
2012.3.18 9:21,2.5,36.9,130.24
2012.3.29 0:26,2.2,35.34,125.95
2012.3.30 14:51,2.3,36.49,127.91
2012.4.17 13:31,2.6,35.72,126.51
2012.4.20 21:11,3.1,33.43,127.26
2012.5.2 1:33,3.4,33.69,126.04
2012.5.2 5:04,2.1,35.77,126.81
2012.5.11 12:46,3.9,36.02,127.71
2012.5.15 11:05,2.9,35.92,129.62
2012.5.16 17:50,2.7,36.23,128.49
2012.5.30 2:48,3.4,36.57,129.57
2012.6.1 8:09,2.3,35.92,127.61
2012.6.1 12:05,2.6,37.12,125.96
2012.6.5 8:18,2.1,38.43,126.16
2012.6.12 3:42,2.1,36.32,127.51
2012.6.12 9:01,2.1,38.77,125.72
2012.6.12 13:34,2.4,37.33,125.27
2012.6.12 17:52,2.2,35.87,128.67
2012.6.14 6:15,2.1,39.72,126.92
2012.6.19 20:55,3.1,33.48,125.93
2012.6.23 16:42,2.6,36.7,128.31
2012.6.24 1:20,2.1,37.53,124.56
2012.7.3 9:42,2.2,37.19,129.08
2012.7.8 9:43,2.5,35.72,129.35
2012.7.9 8:59,2.4,35.32,128.71
2012.7.11 19:27,2.5,36.9,125.27
2012.7.11 19:33,2.1,36.87,125.28
2012.7.14 2:38,2.6,33.78,124.97
2012.7.22 12:04,2.3,34.69,126.6
2012.7.26 19:24,3.4,37.98,125.45
2012.7.29 3:22,2.7,32.85,126.02
2012.8.10 21:25,2.6,35.82,128.39
2012.8.13 0:54,2.2,36.84,128.68
2012.8.18 18:06,2.2,36.2,125.26
2012.9.7 2:34,3.1,36.4,127.25
2012.9.10 22:06,2.1,35.82,129.41
2012.9.18 5:39,2.7,33.53,125.81
2012.9.19 14:49,2.1,34.71,128.72
2012.9.19 14:52,2.2,34.66,128.75
2012.9.20 2:43,2.4,35.61,129.82
2012.9.24 9:59,2.5,38.73,125.48
2012.9.27 22:24,2.7,35.4,126.08
2012.9.28 19:36,2.1,36.41,128.73
2012.10.1 6:51,2.4,36.73,128.4
2012.10.17 14:37,2.5,37.54,124.84
2012.11.22 3:04,3,35.22,127.97
2012.12.19 15:05,2.2,35.72,127.22
2013.1.2 5:53,2.5,33.37,127.27
2013.1.15 13:31,2.8,36.59,129.73
2013.1.26 8:57,2.4,36.11,127.73
2013.2.4 5:39,3.1,36.55,128.9
2013.2.5 21:25,3.5,35.77,127.97
2013.2.7 22:07,2.2,35.76,129.13
2013.4.10 13:07,2.2,36.5,127.44
2013.4.14 16:16,2.3,38.2,129.29
2013.4.17 21:33,2.3,36.56,129.61
2013.4.19 23:46,2.2,36.55,129.6
2013.4.21 8:21,4.9,35.16,124.56
2013.4.21 18:21,2.7,35.14,124.49
2013.4.28 3:39,2.7,33.65,127.29
2013.4.30 5:26,2.5,36.47,129.61
2013.4.30 10:58,2,36.46,129.63
2013.5.14 20:17,2.8,37.7,124.79
2013.5.15 8:34,2.7,37.71,124.68
2013.5.15 8:48,2.8,37.69,124.74
2013.5.18 3:00,3.5,37.68,124.6
2013.5.18 7:02,4.9,37.68,124.63
2013.5.18 7:24,2.2,37.69,124.65
2013.5.18 7:26,3.3,37.67,124.66
2013.5.18 7:54,2.5,37.69,124.65
2013.5.18 9:13,2.4,37.67,124.62
2013.5.18 9:32,2.5,37.64,124.57
2013.5.18 11:45,3.9,37.67,124.61
2013.5.18 14:09,2.6,37.71,124.68
2013.5.18 16:18,2.1,37.69,124.61
2013.5.19 5:27,2.3,37.73,124.74
2013.5.21 16:17,3.7,37.66,124.71
2013.5.22 23:25,2.1,38.75,128.81
2013.6.5 12:34,2.6,36.23,126.18
2013.6.8 5:56,3.2,35.14,126.96
2013.6.10 14:01,2.1,37.71,124.7
2013.6.16 19:47,2.1,36.19,126.15
2013.6.16 22:12,2.5,36.2,126.16
2013.6.17 20:31,2.4,36.2,126.17
2013.6.18 2:31,2.3,36.21,126.18
2013.6.19 1:52,2.3,36.2,126.16
2013.6.19 16:02,2.6,36.19,126.16
2013.6.20 12:35,2.4,39.23,125.95
2013.6.21 16:29,2.2,36.19,126.14
2013.6.21 21:55,2.4,36.2,126.19
2013.6.22 3:51,2.5,36.2,126.17
2013.6.22 10:37,2.8,36.19,126.16
2013.6.22 11:18,2.3,36.2,126.17
2013.6.24 5:28,2.3,36.2,126.17
2013.6.24 18:26,2.1,38.04,129.75
2013.6.27 19:33,2.5,36.2,126.14
2013.6.29 13:32,2.3,36.2,126.17
2013.7.1 11:24,3,38.78,126.36
2013.7.13 2:02,3.5,36.2,126.18
2013.7.15 1:39,2.4,33.03,125.68
2013.7.15 19:44,2.5,36.2,126.15
2013.7.23 16:03,2.7,36.19,126.16
2013.7.26 11:23,2.2,36.19,126.14
2013.7.28 9:10,2.8,36.2,126.14
2013.7.29 10:29,2.7,36.2,126.13
2013.7.30 14:57,2.7,36.21,126.14
2013.7.31 20:05,2.2,36.21,126.17
2013.7.31 20:27,2.2,36.2,126.17
2013.7.31 22:30,3.2,36.21,126.18
2013.8.1 0:57,2.8,36.23,126.22
2013.8.1 17:22,3.1,36.19,126.17
2013.8.4 19:58,2.3,36.2,126.16
2013.8.7 21:08,2,36.19,126.08
2013.8.10 12:43,2.6,35.9,129.75
2013.8.11 4:19,2.3,38.48,126.13
2013.8.12 4:33,3.1,35.66,129.75
2013.8.12 4:39,2.3,35.66,129.77
2013.8.13 0:01,2.1,36.92,129.44
2013.8.13 0:36,3,36.91,129.44
2013.8.29 8:35,2.5,38.19,129.3
2013.9.11 13:00,4,33.56,125.39
2013.9.14 17:33,2.2,36.2,126.16
2013.9.15 13:16,2.3,36.55,129.23
2013.10.10 13:08,2.6,35.36,128.23
2013.10.11 16:06,3.6,36.46,129.61
2013.10.19 0:16,2,35.96,128.06
2013.10.26 6:47,2.7,37.96,124.61
2013.11.8 19:14,2.6,36.23,126.36
2013.11.8 21:02,3,36.24,126.36
2013.11.10 16:28,2,37.66,124.67
2013.11.16 22:32,2.1,38.51,125.66
2013.11.20 21:07,2.1,38.47,126.17
2013.11.22 23:29,2.1,36.99,126.4
2013.11.26 2:26,2.1,37.12,128.11
2013.12.2 20:02,2.8,38.56,126.1
2013.12.3 21:00,2.5,35.64,128.72
2013.12.4 6:28,2.4,38.71,125.69
2013.12.8 16:38,2.8,33.44,125.09
2013.12.13 11:40,2.5,36.1,129.04
2013.12.19 12:38,2.9,38.11,127.11
2014.1.29 6:08,2.2,36.23,128.8
2014.2.5 23:06,2.8,38.26,124.4
2014.2.21 21:17,2.7,35.05,127.75
2014.2.22 20:44,2.6,38.31,124.27
2014.2.28 3:20,2.4,38.74,125.01
2014.3.11 11:39,2.7,35.86,128.47
2014.3.14 12:59,2.5,39.41,126.09
2014.3.28 10:40,3,36.47,127.93
2014.4.1 4:48,5.1,36.95,124.5
2014.4.1 9:25,2.3,36.95,124.5
2014.4.8 6:19,2.7,36.96,124.44
2014.4.12 1:44,2.6,33.52,126.9
2014.4.13 14:02,2.9,36.93,124.52
2014.4.25 12:14,2.9,35.97,128.04
2014.4.26 14:08,2.7,36.46,127.93
2014.5.15 8:46,3.4,33,126.21
2014.6.5 13:29,2.3,35.97,128.62
2014.6.8 4:05,2.6,33.52,125.96
2014.6.18 9:59,2.1,35.91,128.66
2014.6.21 8:29,2.6,38.77,125.89
2014.7.3 21:57,3.5,35.66,129.76
2014.7.3 22:04,2.6,35.66,129.82
2014.7.4 0:11,2.5,35.65,129.81
2014.7.4 4:13,2.9,35.66,129.78
2014.7.4 6:27,2.2,34.51,125.41
2014.8.2 1:32,2.2,37.4,127.2
2014.8.5 6:16,2.5,40.11,127.2
2014.8.10 18:07,2.4,38.15,126.63
2014.8.16 0:51,2.1,33.59,126.58
2014.8.18 5:13,2.1,36.57,125.64
2014.8.21 22:30,2.7,33.87,127.83
2014.9.9 0:24,2.2,35.68,129.38
2014.9.23 15:27,3.5,35.8,129.41
2014.9.25 2:26,3.8,35.07,129.94
2014.9.28 21:32,3.2,37.24,126.44
2014.10.1 16:34,2.2,36.67,125.45
2014.10.7 1:57,2.9,33.3,125.96
2014.10.11 22:11,2.3,37.73,129.43
2014.10.19 19:57,2.6,36.44,128.19
2014.10.20 21:15,2.2,33.68,125.88
2014.10.21 6:33,2.3,35.21,129.49
2014.10.28 19:07,2.2,38,125.34
2014.11.6 4:25,2.5,37.23,126.44
2014.11.6 14:48,2.3,33.34,125.89
2014.11.15 3:31,2.5,38.77,126.36
2014.12.8 5:28,3.3,34.75,127.17
2014.12.15 9:08,2.1,39.09,126.52
2014.12.24 20:33,2.1,35.89,127.33
2014.12.30 15:36,2.6,35.21,124.79
2015.1.6 13:06,2.8,38.43,126.28
2015.1.8 20:15,3.5,37.51,125.63
2015.1.31 5:10,2.2,36.6,129.45
2015.2.3 19:54,2.1,33.61,127.57
2015.2.19 14:25,2.1,36.09,125.05
2015.2.23 4:54,2.7,32.96,126.25
2015.3.10 13:10,2.7,37.36,125.15
2015.3.19 12:54,2.2,34.16,128.37
2015.3.19 16:20,2.7,36.43,127.65
2015.4.13 18:02,3.3,37.18,125.47
2015.4.15 4:10,2.9,35.14,129.93
2015.4.21 2:05,2.1,35.88,129.75
2015.4.24 10:14,2.3,35.88,129.69
2015.6.2 1:01,2,36.76,129.98
2015.6.7 20:54,2.1,33.79,126.16
2015.6.17 0:55,2.3,38.41,125.57
2015.6.22 12:02,2.6,35.85,125
2015.6.22 12:44,2.4,36.35,127.24
2015.7.4 8:49,2.1,36.32,128.18
2015.7.8 11:01,2,37.63,125.86
2015.7.14 14:34,2.8,33.24,127.01
2015.7.18 21:15,2.3,36.07,128.08
2015.7.20 1:33,2.2,33.26,127.21
2015.7.23 4:02,2.6,33.22,127.05
2015.7.30 9:39,2.2,35.15,127.98
2015.8.1 23:58,2.2,35.32,127.45
2015.8.2 3:22,2.1,37.19,128.44
2015.8.3 10:11,3.7,33.26,127.06
2015.8.12 17:09,2.2,37.17,127.5
2015.8.17 16:56,2.5,37.2,125.38
2015.8.23 9:19,2.5,36.38,129.77
2015.9.1 13:47,2.5,39.09,126.53
2015.9.3 4:53,2.7,33.27,127.04
2015.9.18 10:12,2.1,34.7,128.75
2015.10.1 9:21,2.5,35.78,129.14
2015.10.1 14:06,2.1,35.78,129.14
2015.10.11 0:55,2.1,33.3,127.02
2015.10.26 23:29,2.1,34.09,126.85
2015.10.30 15:17,2.9,35.74,129.37
2015.11.13 20:04,2.6,35.8,129.42
2015.11.24 11:27,3.2,35.67,129.82
2015.11.24 14:10,2.4,35.69,129.75
2015.12.11 1:25,2.1,36.9,126.58
2015.12.22 4:31,3.9,36.02,126.95
2016.1.6 20:39,3,36.01,128.07
2016.1.23 7:14,2.4,38.42,126.25
2016.1.25 18:40,2.3,36.22,128.69
2016.1.31 3:03,2,36.95,129.92
2016.2.11 5:57,3.1,36.21,127.48
2016.2.24 23:22,2.9,33.52,125.92
2016.2.26 18:46,2.2,33.23,127.19
2016.2.28 16:52,2.5,38.73,125.85
2016.3.2 14:04,2.7,36.35,127.2
2016.3.5 11:11,3.3,35.61,129.82
2016.3.14 5:17,3.1,38.71,125.87
2016.3.15 3:00,2.7,36.31,128.21
2016.3.15 3:38,2.5,37.6,129.82
2016.3.27 14:52,2.3,35.33,130.04
2016.3.27 18:28,3.1,39.38,126.06
2016.3.28 14:34,2.9,35.22,127.96
2016.4.13 5:28,2.1,35.92,127.93
2016.4.21 15:53,2.7,33.52,125.92
2016.4.21 15:55,2.7,33.53,125.89
2016.4.25 11:42,2.3,33.51,125.91
2016.4.27 19:27,2.3,35.57,128.34
2016.4.28 10:16,2.4,35.42,128.56
2016.4.30 22:46,2.6,37.75,125.4
2016.5.3 3:29,2.4,37.11,129.02
2016.5.22 1:22,3.5,40.68,127.15
2016.5.24 4:52,2.3,33.61,125.56
2016.6.3 4:53,3,36.39,127.92
2016.6.5 10:11,2.2,36,129.58
2016.6.7 16:06,2.3,33.05,126.17
2016.6.13 12:33,2.7,34.3,124.68
2016.6.15 2:07,2.6,35.87,129.69
2016.6.21 3:23,3.1,39.49,126.19
2016.6.25 3:24,2.6,38.74,125.86
2016.7.5 20:33,5,35.51,129.99
2016.7.5 21:24,2.6,35.51,129.87
2016.7.9 4:47,2.3,35.48,129.97
2016.7.9 13:16,2.6,38.69,125.83
2016.7.13 14:13,2,36.8,128.53
2016.7.14 22:31,2.8,35.12,130.24
2016.7.30 1:51,2.3,33.06,126.33
2016.8.16 11:57,2.4,36.75,128.84
2016.8.17 11:17,2.9,38.35,128.09
2016.8.18 17:08,2.1,37.18,125.46
2016.8.18 22:21,2.6,38.84,125.7
2016.8.20 12:18,3,38.38,128.09
2016.8.20 18:54,2.9,33.48,127.31
2016.8.28 21:27,2.4,38.65,127.16
2016.8.28 23:27,2.1,35.65,127.48
2016.8.30 0:39,2.6,35.55,128.03
2016.9.12 19:44,5.1,35.77,129.19
2016.9.12 19:45,2.4,35.78,129.2
2016.9.12 19:46,2.2,35.76,129.19
2016.9.12 19:48,3.1,35.77,129.19
2016.9.12 19:50,2.2,35.77,129.18
2016.9.12 19:53,2.1,35.77,129.19
2016.9.12 19:55,2.4,35.76,129.18
2016.9.12 20:00,2.4,35.78,129.16
2016.9.12 20:04,2.5,35.77,129.18
2016.9.12 20:07,2.6,35.76,129.19
2016.9.12 20:08,2.7,35.76,129.18
2016.9.12 20:09,2.7,35.76,129.17
2016.9.12 20:10,3.1,35.77,129.18
2016.9.12 20:17,2.3,35.76,129.19
2016.9.12 20:26,2.5,35.77,129.2
2016.9.12 20:32,5.8,35.76,129.19
2016.9.12 20:34,3.6,35.78,129.19
2016.9.12 20:36,3.4,35.75,129.18
2016.9.12 20:38,3,35.78,129.2
2016.9.12 20:39,3,35.77,129.19
2016.9.12 20:40,3,35.76,129.18
2016.9.12 20:42,2.5,35.79,129.2
2016.9.12 20:43,2.4,35.76,129.19
2016.9.12 20:44,2.5,35.76,129.18
2016.9.12 20:45,2.3,35.76,129.17
2016.9.12 20:45,2.7,35.78,129.2
2016.9.12 20:46,2.4,35.76,129.17
2016.9.12 20:47,2.2,35.81,129.23
2016.9.12 20:47,2.9,35.76,129.19
2016.9.12 20:51,2.6,35.75,129.16
2016.9.12 20:55,2,35.76,129.18
2016.9.12 20:58,2.1,35.77,129.17
2016.9.12 21:00,2.5,35.77,129.18
2016.9.12 21:07,2,35.77,129.19
2016.9.12 21:09,2.2,35.77,129.19
2016.9.12 21:16,2.1,35.76,129.18
2016.9.12 21:20,2.8,35.78,129.18
2016.9.12 21:33,2.3,35.76,129.02
2016.9.12 21:38,2.6,35.76,129.19
2016.9.12 21:54,2.2,35.76,129.16
2016.9.12 21:54,2.1,35.77,129.19
2016.9.12 22:06,2.1,35.77,129.19
2016.9.12 22:08,2,35.76,129.18
2016.9.12 22:13,2.4,35.76,129.19
2016.9.12 22:17,2.5,35.76,129.18
2016.9.12 22:18,2,35.77,129.18
2016.9.12 22:22,2.2,35.76,129.18
2016.9.12 22:23,2.4,35.77,129.18
2016.9.12 22:47,2.1,35.77,129.19
2016.9.12 23:18,3,35.76,129.17
2016.9.12 23:52,3.1,35.75,129.18
2016.9.12 23:53,2.2,35.77,129.19
2016.9.13 0:07,2.2,35.76,129.19
2016.9.13 0:10,2,35.76,129.18
2016.9.13 0:15,2,35.76,129.18
2016.9.13 0:21,2.5,35.76,129.19
2016.9.13 0:32,2.1,35.76,129.19
2016.9.13 0:37,3.1,35.78,129.21
2016.9.13 0:45,2.2,35.76,129.18
2016.9.13 1:03,2,35.77,129.17
2016.9.13 1:23,2.2,35.75,129.19
2016.9.13 1:31,2,35.77,129.18
2016.9.13 1:35,2.3,35.75,129.17
2016.9.13 1:37,2.2,35.77,129.18
2016.9.13 1:58,2.5,35.77,129.18
2016.9.13 2:03,2.1,35.76,129.17
2016.9.13 2:03,2.2,35.78,129.19
2016.9.13 2:09,2,35.75,129.18
2016.9.13 3:11,2.1,35.75,129.17
2016.9.13 4:13,2.1,35.78,129.19
2016.9.13 4:41,2.1,35.76,129.17
2016.9.13 4:56,2,35.77,129.19
2016.9.13 5:15,2,35.77,129.18
2016.9.13 6:15,2.3,35.77,129.18
2016.9.13 6:48,2,35.78,129.18
2016.9.13 7:03,2.1,35.77,129.19
2016.9.13 7:47,2.4,35.77,129.18
2016.9.13 8:24,3.2,35.76,129.17
2016.9.13 8:47,2.3,35.76,129.17
2016.9.13 9:23,2.3,35.76,129.18
2016.9.13 10:01,2.3,35.78,129.19
2016.9.13 10:05,2,35.76,129.18
2016.9.13 10:44,2.2,35.76,129.18
2016.9.13 10:58,2,35.76,129.18
2016.9.13 12:27,2.2,35.78,129.19
2016.9.13 12:33,2,35.76,129.16
2016.9.13 13:09,2.3,35.77,129.17
2016.9.13 13:16,2.4,35.77,129.17
2016.9.13 13:18,2.1,35.77,129.17
2016.9.13 14:31,3,35.76,129.18
2016.9.13 14:41,2.1,35.76,129.17
2016.9.13 16:02,2.5,35.76,129.2
2016.9.13 16:21,2,35.75,129.17
2016.9.13 16:52,2.5,35.75,129.18
2016.9.13 17:15,2,35.77,129.18
2016.9.13 18:54,2.1,35.76,129.18
2016.9.13 21:49,2.1,35.76,129.17
2016.9.13 23:08,2.3,35.73,129.36
2016.9.14 0:48,3,35.75,129.18
2016.9.14 1:37,2.1,35.77,129.18
2016.9.14 3:55,2.4,35.76,129.18
2016.9.14 4:43,2.1,35.77,129.17
2016.9.14 11:57,2.4,33.93,126.62
2016.9.14 12:38,2.2,35.78,129.19
2016.9.14 16:47,2.1,35.77,129.18
2016.9.14 17:27,2.3,35.77,129.17
2016.9.14 22:31,2.4,35.76,129.17
2016.9.15 3:22,2.7,35.76,129.18
2016.9.15 19:47,2.2,35.77,129.19
2016.9.15 20:48,2.6,35.76,129.19
2016.9.16 5:31,2.2,35.78,129.19
2016.9.16 15:13,2.3,35.76,129.17
2016.9.16 18:58,2,35.75,129.18
2016.9.16 19:15,2,35.76,129.18
2016.9.16 19:54,2.1,35.74,129.17
2016.9.16 21:14,2.2,35.76,129.18
2016.9.17 7:12,2.1,35.76,129.18
2016.9.17 16:21,2.1,35.76,129.18
2016.9.18 16:27,2.4,35.76,129.17
2016.9.18 22:38,2,35.75,129.18
2016.9.19 9:17,2.1,35.76,129.17
2016.9.19 20:33,4.5,35.74,129.18
2016.9.19 21:00,2.1,35.75,129.17
2016.9.20 9:58,2.4,35.76,129.2
2016.9.20 15:05,2.5,38.36,128.09
2016.9.20 20:03,2.1,35.77,129.19
2016.9.21 0:59,2.1,35.76,129.18
2016.9.21 3:36,2.9,35.77,129.18
2016.9.21 11:36,2.2,35.78,129.15
2016.9.21 11:53,3.5,35.75,129.18
2016.9.22 0:01,2.3,35.76,129.18
2016.9.22 3:22,2.1,35.76,129.18
2016.9.23 18:21,2.1,35.76,129.18
2016.9.24 19:56,2.5,35.79,129.19
2016.9.28 16:34,3.1,35.76,129.18
2016.9.28 18:54,2.8,38.74,125.69
2016.9.28 19:00,2.6,38.74,125.73
2016.9.28 21:10,2.7,35.77,129.17
2016.9.30 11:09,2.1,35.76,129.18
2016.9.30 16:24,2,35.77,129.16
2016.9.30 18:06,2.3,35.76,129.16
2016.9.30 21:52,2.2,35.75,129.18
2016.10.1 13:04,2,35.76,129.18
2016.10.1 17:00,2.3,35.76,129.18
2016.10.2 20:53,3,35.75,129.19
2016.10.4 15:16,2.6,35.76,129.19
2016.10.5 23:29,2.3,38.76,125.62
2016.10.7 17:17,2.2,35.77,129.23
2016.10.9 14:03,2.2,35.08,126.93
2016.10.10 22:59,3.3,35.75,129.18
2016.10.12 0:29,2.9,35.76,129.18
2016.10.14 8:20,2.3,35.76,129.19
2016.10.15 18:55,2.5,35.74,129.18
2016.10.15 23:49,2.2,35.76,129.17
2016.10.20 12:17,2.4,35.76,129.19
2016.10.21 10:13,2.2,36.46,126.87
2016.10.21 12:47,2.6,35.75,129.17
2016.10.23 3:00,2.7,35.78,129.2
2016.10.24 9:02,2.2,37.25,127.02
2016.10.25 3:23,2,35.76,129.19
2016.10.25 19:57,2.4,35.7,129.37
2016.11.2 3:01,2.3,33.53,126.88
2016.11.3 3:46,2.1,35.75,129.18
2016.11.3 10:02,2.3,35.76,129.19
2016.11.3 10:36,2.3,35.76,129.19
2016.11.3 23:35,2.6,35.32,128.49
2016.11.6 6:26,3.5,33.76,125.07
2016.11.9 20:55,2.3,36.55,129.6
2016.11.10 22:37,2.5,36.46,129.89
2016.11.13 2:27,2.3,38.76,125.66
2016.11.13 21:52,3.5,36.36,126.63
2016.11.15 12:22,2.5,38.35,128.09
2016.11.15 16:27,2,35.76,129.19
2016.11.16 23:15,2.1,34.86,125.08
2016.11.18 2:02,2,35.51,128.09
2016.11.19 3:29,2.1,35.76,129.19
2016.11.25 18:53,2.3,35.75,129.17
2016.11.27 6:53,2.5,36.34,127.33
2016.11.27 20:08,2.2,36.02,127.39
2016.11.28 20:57,2.4,35.77,129.19
2016.11.28 23:33,2.2,38.49,126.14
2016.11.29 10:09,2.9,33.4,125.72
2016.12.2 4:45,2.1,35.76,129.19
2016.12.5 0:47,2.1,35.77,129.18
2016.12.5 7:42,2.1,35.81,129.72
2016.12.7 22:34,2.4,37.18,125.48
2016.12.9 11:30,2.4,35.69,129.36
2016.12.10 0:51,2.1,35.77,129.17
2016.12.10 15:51,2,37.63,129.68
2016.12.11 16:05,2.6,36.07,125.57
2016.12.12 4:46,2.2,35.76,129.18
2016.12.12 17:53,3.3,35.76,129.18
2016.12.14 10:05,2.1,36.54,128.08
2016.12.14 17:20,3.3,35.76,129.17
2016.12.15 17:14,2.1,35.76,129.19
2016.12.22 21:13,2.2,34.45,128.54
2016.12.23 5:31,2.2,36.12,129.36
2016.12.25 1:59,2.4,35.25,129.39
2016.12.25 6:29,2.5,35.78,129.31
2016.12.29 5:53,2.6,38.71,125.76
2016.12.29 21:32,2.3,36.12,129.36
2016.12.30 15:04,2.5,38.64,125.76
2016.12.31 8:01,2.6,39.31,126.27
2017.1.4 5:00,2.5,36.58,129.24
2017.1.6 5:31,3.3,35.75,129.17
2017.1.6 5:33,2.2,35.75,129.18
2017.1.7 6:37,2.4,38.69,125.73
2017.1.11 0:10,2.1,36.44,128.42
2017.1.14 11:52,2.2,35.17,127.79
2017.1.16 6:57,2.7,33.64,127.51
2017.1.16 19:54,2.1,36.33,126.59
2017.1.17 16:06,2.8,38.71,125.86
2017.1.18 12:49,2.5,35.02,125.06
2017.1.21 3:27,2.6,35.75,129.18
2017.1.24 4:07,2.6,35.77,129.17
2017.1.26 22:53,2,33.54,126.87
2017.1.29 13:45,2.6,38.7,127.16
2017.2.5 19:07,2.5,33.61,126.73
2017.2.5 20:06,2.6,39.61,127.64
2017.2.10 5:22,2.2,35.65,129.57
2017.2.10 18:01,2.6,38.54,125.84
2017.2.12 9:22,2.3,35.69,129.58
2017.2.16 2:34,2.9,35.78,129.2
2017.2.16 18:20,2.3,35.64,128.09
2017.2.18 16:53,2,33.23,126.18
2017.2.18 20:58,2.4,35.23,126.94
2017.2.21 3:21,2.1,35.76,129.2
2017.2.22 13:08,2.1,35.77,129.18
2017.2.23 21:03,3.1,37.4,124.89
2017.2.24 11:34,2.3,36.38,127.79
2017.2.24 12:29,2.5,38.89,126.09
2017.2.25 6:58,2.2,35.74,129.17
2017.2.25 6:59,2.4,35.74,129.18
2017.3.4 6:33,2.3,35.99,127.95
2017.3.5 7:52,2.4,35.75,129.17
2017.3.5 9:18,3.2,37.75,129.66
2017.3.5 9:28,2.4,37.74,129.69
2017.3.5 15:09,2.1,37.72,129.59
2017.3.5 19:19,2.1,37.77,129.7
2017.3.6 6:21,2,35.75,126.1
2017.3.7 3:48,2.2,36.3,128.23
2017.3.7 6:53,2.6,37.75,129.71
2017.3.9 2:24,2,35.82,129.78
2017.3.14 5:41,2.1,34.64,127.78
2017.3.19 3:01,2.9,33.32,127.18
2017.3.21 23:19,2.4,38.52,126.03
2017.3.27 9:28,2,35.21,126.95
2017.3.28 0:48,2.2,37.17,125.48
2017.3.28 15:45,2,35.79,129.2
2017.3.30 21:49,2,35.76,129.19
2017.3.31 13:46,3.3,35.78,129.2
2017.3.31 13:53,2.5,35.78,129.2
2017.4.1 16:04,2.2,35.78,129.2
2017.4.4 23:25,2.2,35.67,129.85
2017.4.7 0:04,2,35.97,127.8
2017.4.8 18:20,2.7,35.76,129.18
2017.4.8 23:13,2.1,38.72,125.61
2017.4.9 1:45,2.1,35.76,129.2
2017.4.9 14:12,2.4,38.99,126.2
2017.4.10 4:02,2.3,35.16,128.77
2017.4.15 5:41,2.2,35.76,129.18
2017.4.15 11:31,3.1,36.11,129.36
2017.4.15 17:16,2,36.11,129.37
2017.4.16 21:39,2.2,36.7,125.18
2017.4.18 1:17,2,35.76,129.18
2017.4.18 17:36,2.1,35.5,128.88
2017.4.20 16:00,3.2,33.77,127.28
2017.4.28 5:54,2.4,33.33,127.85
2017.4.28 11:19,2.1,36.6,128.81
2017.5.4 1:08,2.6,36.61,129.44
2017.5.4 21:46,2.4,36.74,128.1
2017.5.5 0:02,2,36.73,128.1
2017.5.5 23:16,3,35.32,127.43
2017.5.10 14:06,2.5,35.88,126.19
2017.5.10 22:31,2.1,36.61,129.45
2017.5.13 18:37,2.8,36.61,129.44
2017.5.16 20:06,2.1,36.85,124.55
2017.5.16 23:29,2.2,36.6,128.92
2017.5.20 16:29,2,35.92,128.27
2017.5.20 22:29,2.9,37.73,129.62
2017.5.25 11:20,3,36.96,124.4
2017.5.28 15:47,2.7,35.67,129.56
2017.6.4 5:16,2.1,36.83,128.1
2017.6.11 18:16,2,37.28,129.21
2017.6.11 20:31,2.5,35.77,129.17
2017.6.13 8:01,2.1,35.74,129.18
2017.6.14 2:43,2.2,38.34,126.14
2017.6.15 16:56,2.4,36.54,125.07
2017.6.17 14:30,2.3,33.38,127.21
2017.6.20 11:02,2,35.85,129.08
2017.6.27 20:17,2,35.77,129.2
2017.6.28 13:00,2.7,40,125.81
2017.7.5 19:17,2.5,35.99,127.97
2017.7.6 6:00,2.4,36,127.94
2017.7.8 23:45,2.8,40.4,127.29
2017.7.9 3:43,2.1,33.51,125.73
2017.7.18 10:31,2.7,37.69,126.19
2017.7.19 10:23,2.2,33.77,126.12
2017.7.20 14:38,2,37.39,129.54
2017.8.7 20:53,2.6,38.7,125.63
2017.8.9 13:53,2.7,33.87,125.52
2017.8.15 21:32,2.6,38.73,125.67
2017.8.16 0:35,2.5,38.73,125.69
2017.8.21 1:30,2.1,38.82,126.13
2017.8.29 22:06,2.4,35.31,125.36
2017.9.1 5:57,2.1,36.42,127.21
2017.9.7 14:58,2.9,37.6,125.34
2017.9.11 17:25,3.2,35.29,124.16
2017.9.16 1:34,2.2,34.25,127.13
2017.9.23 13:43,2.6,41.35,129.06
2017.9.23 17:29,3.2,41.35,129.06
2017.9.30 15:34,2.5,33.42,127.15
2017.10.4 2:11,2.4,35.56,129.88
2017.10.4 12:10,2.1,36.16,127.13
2017.10.8 12:18,2.8,34.84,127.25
2017.10.13 1:41,2.7,41.39,129.03
2017.10.16 6:08,2.8,33.86,125.3
2017.10.16 15:51,2.5,35.79,129.19
2017.10.18 4:56,2.6,36.59,129.45
2017.10.20 6:41,2,35.9,127.54
2017.10.20 12:20,2.2,38.44,126.16
2017.10.21 13:11,2.7,33.63,126.05
2017.10.29 2:14,2.2,34.39,127.34
2017.10.30 11:02,2.1,36.42,126.48
2017.11.8 9:35,2.5,33.05,126.2
2017.11.8 17:52,2,35.16,128.57
2017.11.9 13:29,2,35.75,129.18
2017.11.11 17:18,2.2,34.84,127.46
2017.11.14 2:17,2.7,37.29,124.82
2017.11.15 14:22,2.2,36.11,129.36
2017.11.15 14:22,2.6,36.08,129.31
2017.11.15 14:29,5.4,36.11,129.37
2017.11.15 14:32,3.6,36.1,129.36
2017.11.15 14:46,2.5,36.12,129.39
2017.11.15 14:50,2.4,36.1,129.36
2017.11.15 14:52,2.4,36.11,129.35
2017.11.15 14:56,2.8,36.1,129.35
2017.11.15 14:58,2.9,36.12,129.37
2017.11.15 15:00,2.9,36.11,129.35
2017.11.15 15:09,3.5,36.09,129.34
2017.11.15 15:14,2.5,36.11,129.35
2017.11.15 15:19,2.4,36.14,129.38
2017.11.15 15:23,2.6,36.09,129.35
2017.11.15 15:36,2.3,36.09,129.33
2017.11.15 15:55,2.2,36.12,129.37
2017.11.15 16:11,2.9,36.13,129.36
2017.11.15 16:16,2.4,36.09,129.35
2017.11.15 16:18,2,36.14,129.36
2017.11.15 16:49,4.3,36.12,129.36
2017.11.15 16:57,2.2,36.14,129.37
2017.11.15 17:11,2.8,36.08,129.31
2017.11.15 17:42,2.2,36.14,129.37
2017.11.15 18:41,2.1,36.09,129.32
2017.11.15 18:48,2.1,36.14,129.38
2017.11.15 18:51,2,36.14,129.38
2017.11.15 18:57,2.3,36.11,129.35
2017.11.15 18:58,2.2,36.1,129.35
2017.11.15 18:59,2.1,36.11,129.35
2017.11.15 20:54,2.4,36.1,129.35
2017.11.15 21:35,2,36.11,129.36
2017.11.15 21:59,2.1,36.14,129.36
2017.11.15 22:24,2.1,36.14,129.38
2017.11.15 22:43,2.1,36.1,129.36
2017.11.15 23:05,2,36.1,129.36
2017.11.15 23:18,2.1,36.13,129.38
2017.11.16 0:21,2.4,36.14,129.35
2017.11.16 0:38,2,36.09,129.35
2017.11.16 1:23,2.1,36.09,129.35
2017.11.16 1:36,2.5,36.14,129.36
2017.11.16 2:37,2.3,36.14,129.37
2017.11.16 5:03,2,36.08,129.34
2017.11.16 5:54,2.5,36.09,129.34
2017.11.16 9:02,3.6,36.12,129.37
2017.11.16 9:47,2.1,36.12,129.37
2017.11.16 10:37,2.3,36.1,129.35
2017.11.16 14:04,2.3,36.13,129.37
2017.11.16 14:31,2,36.1,129.34
2017.11.16 16:48,2.4,36.12,129.36
2017.11.16 17:31,2,36.11,129.37
2017.11.16 17:32,2.2,36.12,129.36
2017.11.16 19:05,2.4,36.12,129.36
2017.11.17 1:17,2.1,36.08,129.33
2017.11.17 8:25,2.1,36.12,129.37
2017.11.17 18:57,2.6,36.1,129.35
2017.11.19 1:18,2,36.11,129.34
2017.11.19 3:33,2.4,36.09,129.35
2017.11.19 5:07,2.1,36.12,129.38
2017.11.19 6:40,2.2,36.09,129.34
2017.11.19 23:45,3.5,36.12,129.36
2017.11.20 6:05,3.6,36.14,129.36
2017.11.21 5:58,2,36.09,129.35
2017.11.21 8:57,2.1,36.09,129.34
2017.11.21 9:53,2.4,36.11,129.33
2017.11.22 12:41,2.5,36.1,129.35
2017.11.22 22:15,2,36.12,129.35
2017.11.23 23:27,2.3,36.11,129.37
2017.11.24 0:29,2.6,37.23,125.04
2017.11.24 1:17,2.3,36.11,129.35
2017.11.24 21:27,2.3,34.05,125.57
2017.11.25 12:51,2,36.1,129.35
2017.11.25 14:10,2.3,36.11,129.35
2017.11.26 3:13,2.9,36.69,124.65
2017.12.1 8:03,2.4,36.1,129.35
2017.12.1 16:23,2.7,33.24,127.32
2017.12.2 7:45,2.5,41.31,129.11
2017.12.3 1:13,2.1,36.75,128.82
2017.12.4 21:55,2.5,33.42,127.15
2017.12.5 21:19,2.1,36.02,129.45
2017.12.5 23:40,2.7,41.32,129.13
2017.12.9 1:49,2.2,36.1,129.35
2017.12.9 2:39,2.3,36.1,129.35
2017.12.9 15:13,3,41.32,129.1
2017.12.9 15:40,2.8,41.31,129.11
2017.12.9 16:15,2.3,35.61,129.99
2017.12.12 10:06,2.5,38.32,126.18
2017.12.19 13:34,2.1,35.77,129.42
2017.12.20 19:22,2.3,36.09,125.64
2017.12.21 12:01,2,36.72,128.01
2017.12.22 12:35,2.2,39.31,127.15
2017.12.25 16:19,3.5,36.11,129.36
2017.12.25 16:32,2.1,36.11,129.36
2017.12.26 4:05,2.2,36.14,129.37
2017.12.27 19:27,2.8,36.11,129.36
2017.12.27 19:42,2.3,36.11,129.36
2017.12.29 17:40,2.1,36.11,129.34
2017.12.30 19:44,2,35.76,129.17
2018.1.1 18:35,2.1,38.33,126.16
2018.1.1 19:11,2,36.11,129.36
2018.1.6 2:47,2.2,37.71,125.94
2018.1.9 16:17,2.1,33.98,127.11
2018.1.10 18:42,2,36.26,127.34
2018.1.24 1:25,2.4,34.32,127.32
2018.1.28 20:07,3.2,40.24,127.3
2018.2.2 12:21,2.9,36.12,129.37
2018.2.3 11:12,2,36.14,129.36
2018.2.3 12:35,2.6,33.77,127.4
2018.2.4 15:43,2.1,36.11,129.36
2018.2.4 18:50,2.8,36.37,127.62
2018.2.4 22:20,2.3,36.06,129.31
2018.2.6 9:18,2.5,36.08,129.33
2018.2.6 19:53,2.6,41.33,129.1
2018.2.8 6:46,2.7,41.32,129.09
2018.2.8 9:56,2.7,35.1,124.99
2018.2.9 0:43,2.5,33.92,125.22
2018.2.10 1:32,2.4,36.6,125.76
2018.2.11 5:03,4.6,36.08,129.33
2018.2.11 5:07,2.5,36.08,129.33
2018.2.11 5:12,2.2,36.07,129.34
2018.2.11 5:14,2.2,36.08,129.33
2018.2.11 5:18,2.1,36.07,129.32
2018.2.11 5:38,2.1,36.09,129.32
2018.2.11 8:11,2.1,36.08,129.34
2018.2.11 12:14,2.1,36.08,129.32
2018.2.11 12:49,2.4,36.08,129.33
2018.2.13 6:30,2.6,36.07,129.33
2018.2.13 10:32,2.5,36.12,129.37
2018.2.14 2:14,2.3,37.8,125.38
2018.2.17 18:35,2,36.11,129.37
2018.2.17 21:31,2.6,36.09,129.33
2018.2.17 23:38,2.2,36.1,129.35
2018.2.18 3:34,2.4,36.07,129.33
2018.2.26 2:23,2.4,33.97,126.87
2018.2.26 11:06,2.5,34.52,125.32
2018.2.27 13:14,2.4,37.09,124.87
2018.3.4 0:52,2.6,38.13,130.33
2018.3.8 23:16,2,35.3,127.33
2018.3.8 23:38,2,35.31,127.32
2018.3.9 18:05,2.2,36.95,126.45
2018.3.10 1:31,2.8,36.14,129.37
2018.3.16 0:23,2,36.98,128.42
2018.3.16 18:02,2.7,36.1,129.35
2018.3.26 9:40,2.7,37.78,124.83
2018.3.31 0:20,2,36.1,129.36
2018.4.6 21:09,2.6,36.08,129.82
2018.4.9 12:15,2.4,35.76,129.19
2018.4.23 4:31,2.3,41.35,129.12
2018.4.23 13:10,2.4,33.21,126.4
2018.4.24 5:20,2.5,37.06,125.92
2018.5.1 19:09,2,35.77,129.2
2018.5.2 12:34,2.5,36.56,127.64
2018.5.4 19:20,2,36.1,127.7
2018.5.7 1:52,2,36.72,128.37
2018.5.14 2:07,2.5,33.62,125.58
2018.5.20 13:58,2,34.16,125.61
2018.5.22 0:12,2.2,36.37,129.49
2018.5.31 0:13,2.6,36.22,129.38
2018.5.31 16:38,2.8,38.53,127.68
2018.6.9 17:38,2.3,35.87,129.73
2018.6.15 11:10,2.1,36.39,128.49
2018.6.16 21:05,2.3,37.19,129.08
2018.6.20 23:06,2.1,34.9,124.81
2018.6.28 18:43,2.7,38.18,127.34
2018.6.28 21:03,2.2,36.99,125.25
2018.7.1 15:33,2.2,37.63,129.48
2018.7.4 4:39,2.1,37.3,127.7
2018.7.17 20:19,2.7,35.91,127.81
2018.7.19 5:52,2.5,35.83,129.8
2018.7.20 12:14,2.4,36.01,126.16
2018.7.20 12:29,2.3,35.84,129.79
2018.7.21 23:30,2.2,34.47,127.25
2018.7.22 13:59,2.9,33.41,125.91
2018.8.9 0:21,2.1,37.03,125.3
2018.8.9 0:23,2.1,37.03,125.27
2018.8.10 21:41,2.4,33.21,127.53
2018.8.15 3:02,2.5,37.27,130.63
2018.8.24 2:57,2.6,37.92,125.68
2018.8.24 21:28,2.1,34.33,127.42
2018.8.29 5:01,2.5,37,129.32
2018.9.14 9:08,2.2,36.78,128.36
2018.9.15 21:45,2.4,37.07,129.91
2018.9.17 10:52,2.4,36.05,129.69
2018.9.24 17:38,2.8,40.2,127.7
2018.9.25 4:05,2.5,33.46,125.8
2018.9.27 12:24,2.4,38.74,125.7
2018.10.12 16:43,2.3,38.67,127.18
2018.10.14 14:46,2.4,37.49,124.58
2018.10.17 3:14,2,36.16,127.3
2018.10.20 1:22,2.6,37.26,129.96
2018.10.22 12:09,2.1,35.61,124.94
2018.10.24 15:14,2.2,38.04,125.37
2018.10.25 5:53,2.3,35.76,129.19
2018.11.4 17:04,2.5,36.08,128.25
2018.11.5 12:01,3.2,37.8,124.9
2018.11.5 12:07,3.1,37.85,124.87
2018.11.19 3:34,2.1,36.42,127.3
2018.11.20 14:10,2.3,33.52,127.29
2018.11.22 18:36,2.2,35.91,129.71
2018.11.24 8:16,2.9,38.7,127.16
2018.11.25 2:58,2.2,38.73,125.92
2018.11.25 23:27,2.1,33.15,126.09
2018.11.29 3:05,3.3,34.94,124.53
2018.11.29 14:52,2.1,37.32,129.69
2018.12.5 8:01,2.1,36.45,129.62
2018.12.5 8:28,2.5,36.45,129.62
2018.12.8 4:16,2.4,36.31,128.25
2018.12.9 14:06,2.2,35.86,129.69
2018.12.12 3:43,2.1,35.72,126.78
2018.12.17 2:16,2.2,36.53,129.65
2018.12.20 13:23,2,35.88,129.69
2018.12.21 16:06,2.7,35.76,127.95
2018.12.27 3:10,2,36.99,128.89
2019.1.1 3:40,1.5,34.05,125.75
2019.1.1 5:09,1.4,36.53,129.64
2019.1.1 6:49,3.1,36.53,129.66
2019.1.1 15:17,1.6,37.89,126.03
2019.1.1 21:32,1,37.19,126.46
2019.1.1 23:21,1.7,37.55,129.17
2019.1.2 7:20,2.8,41.3,129.21
2019.1.2 13:12,2.2,36.77,128.31
2019.1.2 13:44,1.1,36.77,128.31
2019.1.3 7:00,1.2,35.77,129.19
2019.1.3 9:43,1.5,36.57,127.26
2019.1.3 23:03,1.2,35.76,129.75
2019.1.4 11:59,1.7,36.54,129.65
2019.1.4 14:04,1.1,36.01,126.63
2019.1.4 21:27,1.8,33.88,126.51
2019.1.5 6:54,1.8,37.82,125.86
2019.1.5 12:40,0.8,36.12,129.36
2019.1.5 21:59,1.1,36.3,128.17
2019.1.6 22:51,1.9,36.08,129.54
2019.1.7 2:18,1.7,37.99,128.94
2019.1.7 13:43,1.5,36.09,129.33
2019.1.7 15:15,1.1,36.28,128.14
2019.1.8 5:09,1,36.77,128.31
2019.1.8 6:51,1.4,36.53,129.66
2019.1.8 7:21,1.2,37.49,127.27
2019.1.8 11:37,1.2,36.54,129.62
2019.1.9 3:10,3.7,37.37,124.23
2019.1.9 7:15,1.5,36.53,129.66
2019.1.9 20:06,1.2,35.39,129.38
2019.1.9 20:24,1.9,35.93,129.41
2019.1.10 1:52,1.1,36.78,128.31
2019.1.10 3:20,1.6,36.52,129.64
2019.1.10 3:46,1.7,36.54,129.66
2019.1.10 4:30,1.9,35.98,127.17
2019.1.10 5:31,2.5,35.79,129.2
2019.1.10 19:00,1.4,36.53,129.64
2019.1.10 21:39,1.1,35.74,129.18
2019.1.11 2:45,1.7,38.02,126
2019.1.11 5:55,1.1,35.84,127.51
2019.1.11 10:24,1.4,36.61,128.83
2019.1.12 3:14,0.9,37.82,124.8
2019.1.12 16:59,1.6,36.41,127.1
2019.1.13 19:31,1.8,35.73,126.31
2019.1.13 21:09,2,37.02,127.93
2019.1.14 1:34,1.3,36.39,128.64
2019.1.15 1:54,1.3,35.97,127.96
2019.1.15 15:25,1.3,36.36,127
2019.1.17 0:04,1.4,34.97,127.38
2019.1.17 13:46,1.2,36.2,127.01
2019.1.17 21:34,2.7,33.94,127.62
2019.1.18 5:21,1.4,35.71,127.87
2019.1.18 6:24,1.4,36.73,127.46
2019.1.19 0:56,1.6,33.97,127.6
2019.1.19 13:38,1.3,35.78,129.21
2019.1.19 16:41,1.9,33.29,126.23
2019.1.19 17:50,1.9,36.54,129.66
2019.1.19 19:48,1.6,38.67,127.37
2019.1.19 23:42,0.7,36.23,126.89
2019.1.20 11:20,1.2,36.53,129.66
2019.1.20 14:17,1.6,36.03,129.57
2019.1.22 22:42,1,38.66,127.17
2019.1.23 5:12,1.8,35.89,129.62
2019.1.24 13:27,1.1,35.71,129.4
2019.1.24 14:09,1.5,33.82,125.98
2019.1.24 17:35,1.2,36.71,128.9
2019.1.25 3:20,1.7,34.76,127.53
2019.1.25 6:03,1.3,37.92,128.01
2019.1.25 18:40,1,35.72,129.39
2019.1.25 18:48,1.6,35.96,129.79
2019.1.26 0:51,1,35.73,129.4
2019.1.26 3:42,1.2,34.84,128.05
2019.1.26 7:14,1.3,35.72,129.39
2019.1.26 8:06,1.7,36.14,129.38
2019.1.26 11:55,1.3,35.75,127.98
2019.1.27 2:47,1,35.73,129.34
2019.1.27 14:03,1.8,36.11,126.36
2019.1.27 19:44,0.8,36.92,127.75
2019.1.27 22:52,0.7,35.76,129.36
2019.1.28 3:02,1.3,35.94,129.67
2019.1.28 21:48,1.3,36.37,127.39
2019.1.31 2:24,1.2,36.39,128.95
2019.1.31 3:57,1.7,35.1,125.09
2019.1.31 19:57,2.2,36.53,129.66
2019.2.2 2:51,1.2,35.7,129.34
2019.2.2 21:16,1.1,35.76,129.18
2019.2.3 8:09,1.4,37.09,128.33
2019.2.3 8:22,1.5,36.11,129.36
2019.2.3 10:43,0.9,37.09,128.32
2019.2.3 12:07,1.3,35.76,129.19
2019.2.3 18:06,1.8,35.87,129.58
2019.2.4 23:19,1.7,35.78,129.2
2019.2.5 3:22,1.7,36.13,129.37
2019.2.5 11:57,1.4,36.19,127.36
2019.2.6 2:20,1.4,36.05,127.73
2019.2.6 12:14,1.6,36.15,127.71
2019.2.6 22:11,0.6,35.72,129.4
2019.2.6 22:42,1.8,35.09,128.36
2019.2.7 3:24,1,35.77,129.17
2019.2.8 0:29,1.2,36.08,129.32
2019.2.8 7:50,1.6,36.22,128.81
2019.2.9 10:30,1.1,35.92,128.37
2019.2.9 14:24,1.3,36.16,127.02
2019.2.10 12:53,4.1,36.16,129.9
2019.2.10 14:12,2.5,36.16,129.85
2019.2.10 19:27,1.9,36.16,129.85
2019.2.11 10:56,1,36.13,129.37
2019.2.12 1:21,1.2,36.34,127.26
2019.2.12 22:51,1.4,35.63,128.64
2019.2.13 1:50,1.8,37.98,124.2
2019.2.13 2:24,1.7,33.97,126.85
2019.2.13 5:16,2.7,38.9,125.86
2019.2.14 4:17,1.4,35.94,126.76
2019.2.15 20:39,1.6,39.3,126.17
2019.2.16 16:22,1.2,35.28,126.61
2019.2.17 3:08,1.4,36.58,129.61
2019.2.17 6:15,1.5,36.16,127.18
2019.2.17 10:09,1.8,37.15,125.92
2019.2.17 22:19,2.6,33.29,126.25
2019.2.17 22:26,1.9,33.32,126.25
2019.2.18 0:53,1.7,35.93,126.41
2019.2.18 4:21,1.1,34.89,127.41
2019.2.18 4:42,1.1,34.89,127.41
2019.2.18 5:33,2.4,36.72,128.41
2019.2.20 9:32,1.1,38.13,127.09
2019.2.20 22:14,2.9,36.51,125.5
2019.2.21 13:21,1.8,35.86,129.67
2019.2.21 17:22,1.4,35.63,129.56
2019.2.22 20:55,0.8,36.37,127.03
2019.2.23 21:53,1.8,39.64,125.04
2019.2.24 7:09,1.6,36.72,128.42
2019.2.24 10:49,1.2,35.89,126.64
2019.2.25 9:30,2.9,36.77,129.03
2019.2.25 9:39,0.9,36.77,129.04
2019.2.25 13:18,1.7,36.76,129.03
2019.2.26 0:52,1.7,39.1,126.64
2019.2.26 11:25,0.9,36.57,127.63
2019.2.26 20:36,1.8,34.13,125.12
2019.2.27 2:02,1.3,37.12,128.99
2019.2.27 21:22,2.2,37.31,124.74
2019.2.28 23:55,1.7,38.4,129.15
2019.3.1 8:19,1.3,36.34,127.25
2019.3.1 10:08,1.4,36.32,129.01
2019.3.1 14:01,1.6,38.4,129.14
2019.3.1 17:04,1.7,38.41,129.13
2019.3.1 19:24,0.7,38.41,129.14
2019.3.3 7:45,1,35.61,127.48
2019.3.3 14:25,2.5,39.63,127.12
2019.3.3 18:44,0.9,35.78,129.2
2019.3.5 4:21,1.6,36.8,128.36
2019.3.5 20:24,1.1,36.33,127.89
2019.3.6 9:04,1.5,38.67,127.17
2019.3.6 11:15,1.4,38.19,124.47
2019.3.8 21:42,0.9,35.93,129.12
2019.3.9 15:06,2,36.82,128.73
2019.3.10 0:11,1.3,36.37,127.25
2019.3.10 5:31,1.5,36.56,127.59
2019.3.10 6:50,1.4,36.23,128.81
2019.3.10 19:58,1.9,35.74,128.66
2019.3.11 4:16,1.8,36.99,129.52
2019.3.11 4:27,2.4,33.47,126.4
2019.3.11 19:09,0.6,36.35,128.08
2019.3.11 19:34,1.8,35.78,128.49
2019.3.12 4:13,1.6,35.58,129.78
2019.3.12 4:59,1.6,36.23,127.41
2019.3.12 12:03,1.3,35.77,129.18
2019.3.13 12:20,2.4,33.63,126.93
2019.3.13 18:05,1.2,37.79,125.92
2019.3.14 2:52,1.5,36.15,129.41
2019.3.14 18:52,1.4,36.15,128.08
2019.3.15 18:48,1.9,38.64,127.16
2019.3.16 13:56,1.6,36.37,127.24
2019.3.17 6:35,1.4,35.73,129.72
2019.3.17 14:03,1.3,36.49,129.73
2019.3.17 16:31,1.1,35.57,127.35
2019.3.17 17:15,1.3,36.22,127.4
2019.3.17 17:15,1.7,36.22,127.4
2019.3.17 19:28,2.3,36.34,127.87
2019.3.19 5:31,2.2,38.01,126
2019.3.19 9:17,1,35.77,129.18
2019.3.19 12:15,1.7,37.1,129.32
2019.3.20 1:33,0.5,36.08,129.32
2019.3.20 3:53,1.2,35.8,128.47
2019.3.20 17:53,1.7,35.75,129.41
2019.3.20 22:17,1.4,35.74,129.4
2019.3.21 2:29,1.4,37.38,128.85
2019.3.21 4:41,2.8,41.32,129.09
2019.3.21 7:13,2.7,37.56,125.2
2019.3.21 9:08,1.5,35.65,129.56
2019.3.22 3:01,1.6,36.51,129.68
2019.3.23 15:21,0.7,35.92,127.79
2019.3.24 21:24,1.8,36.39,126.62
2019.3.24 23:01,1.1,35.87,129.66
2019.3.24 23:55,1.3,36.8,128.07
2019.3.26 11:48,1,34.9,126.35
2019.3.26 19:20,1.4,36.62,127.66
2019.3.26 21:44,1.3,36.3,126.59
2019.3.27 20:54,1.3,35.03,125.91
2019.3.28 16:21,2.2,33.62,126.94
2019.3.28 21:05,1.4,39.38,126.84
2019.3.29 19:42,1.3,33.27,127.21
2019.3.30 13:46,1.9,38.69,127.18
2019.3.31 15:44,0.9,34.88,127.83
2019.4.1 21:10,1.9,38.69,127.17
2019.4.2 0:43,1.1,35.76,129.18
2019.4.3 7:16,0.9,38.67,127.18
2019.4.4 5:38,1.1,36.22,127.31
2019.4.4 11:04,1.7,36.8,127.05
2019.4.5 2:41,1,36.73,127.28
2019.4.5 2:50,1.9,35.57,124.85
2019.4.5 12:27,1.7,35.57,128.94
2019.4.5 17:00,1.7,36.26,129.52
2019.4.6 5:38,1.9,35.74,129.41
2019.4.6 7:38,0.8,36.66,129.27
2019.4.6 16:20,1,35.98,128.09
2019.4.6 17:34,1.3,37.93,128.01
2019.4.6 20:33,1.9,36.63,128.24
2019.4.6 21:11,1.2,34.49,127.47
2019.4.7 17:51,1.1,36.24,127.09
2019.4.10 10:06,1,37.16,127.18
2019.4.10 22:07,1.8,36.2,128.14
2019.4.11 9:17,1.2,36.42,127.21
2019.4.11 18:39,1,36.56,129.67
2019.4.12 19:26,1.5,35.76,129.18
2019.4.13 0:44,1.1,33.4,127.16
2019.4.13 3:59,0.9,35.94,129.68
2019.4.13 13:40,1.5,36.37,127.25
2019.4.13 23:43,1.5,37.49,125.68
2019.4.14 3:30,1.6,36.16,129.87
2019.4.14 17:37,0.7,37.3,127.71
2019.4.15 16:13,1,35.87,126.69
2019.4.15 22:09,1.7,38.81,125.77
2019.4.16 2:23,1.3,35.78,129.58
2019.4.16 7:40,0.8,35.22,128.98
2019.4.16 10:33,0.8,35.22,129
2019.4.16 18:08,1.1,36.51,128.02
2019.4.17 11:27,1.4,35.75,129.18
2019.4.17 12:50,1.1,35.92,128.38
2019.4.17 13:46,1.6,37.9,129.57
2019.4.18 18:38,0.7,35.78,127.79
2019.4.19 11:16,4.3,37.88,129.54
2019.4.19 11:40,1.6,37.87,129.53
2019.4.19 15:49,1.9,37.86,129.48
2019.4.19 17:46,1.9,37.85,129.48
2019.4.19 18:12,1.7,37.85,129.52
2019.4.20 0:32,1.9,33.51,126.22
2019.4.20 11:40,1.6,37.84,129.47
2019.4.20 15:22,1.7,35.64,127.48
2019.4.20 20:23,0.8,36.6,129.07
2019.4.20 20:51,1,36.6,129.07
2019.4.20 21:09,1.2,36.6,129.08
2019.4.20 21:37,0.8,36.6,129.08
2019.4.20 21:54,1.1,36.6,129.07
2019.4.20 21:54,0.9,36.6,129.08
2019.4.20 23:40,0.7,36.6,129.08
2019.4.20 23:43,0.8,35.78,129.2
2019.4.21 0:54,0.9,36.6,129.07
2019.4.21 1:15,0.7,36.23,127.23
2019.4.21 1:31,0.8,36.23,127.23
2019.4.21 2:14,0.8,36.6,129.08
2019.4.21 3:14,0.9,36.6,129.08
2019.4.21 13:20,0.5,36.6,129.07
2019.4.21 23:15,0.8,36.45,127.84
2019.4.22 1:27,1.7,36.87,129.78
2019.4.22 3:40,0.8,36.6,129.07
2019.4.22 5:45,3.8,36.86,129.8
2019.4.22 5:49,1.3,36.86,129.78
2019.4.22 6:18,1.1,36.19,128.65
2019.4.22 10:50,0.6,34.7,127.35
2019.4.22 20:44,1.7,36.11,129.36
2019.4.22 23:20,0.8,36.01,126.61
2019.4.23 2:22,1.5,36.14,129.37
2019.4.23 6:10,1,35,127.69
2019.4.23 11:15,1.3,36.36,128.65
2019.4.23 20:23,0.6,36.08,129.33
2019.4.24 3:32,1.2,37.96,124.64
2019.4.25 1:25,1.7,33.24,126.53
2019.4.25 12:28,1.9,37.91,129.61
2019.4.25 15:49,0.8,37.95,124.68
2019.4.26 4:41,1.8,38.65,127.17
2019.4.26 10:43,1.6,37.26,128.71
2019.4.27 1:10,2.5,33.79,126.09
2019.4.27 10:48,1.9,36.97,126.55
2019.4.27 12:40,1.6,36.8,128.07
2019.4.27 16:01,1.7,36.86,129.79
2019.4.27 17:51,1.3,34.7,126.9
2019.4.28 0:04,1.2,36.3,126.49
2019.4.28 18:21,1.9,37.85,129.47
2019.4.28 20:46,0.8,34.76,127.37
2019.4.29 0:22,1.1,35.63,128.14
2019.4.29 1:09,0.8,37.97,124.64
2019.4.29 5:24,1.8,38.69,127.17
2019.4.29 8:05,1.7,37.98,124.66
2019.4.29 13:43,0.5,37.96,124.64
2019.4.29 17:57,1.5,37.97,124.65
2019.4.30 5:55,1.4,35.77,129.19
2019.4.30 6:59,1,37.96,124.67
2019.4.30 7:04,1,37.96,124.64
2019.4.30 11:40,1.2,36.61,128.6
2019.4.30 17:08,1,35.78,127.97
2019.5.1 17:27,1,35.76,129.18
2019.5.1 20:55,0.6,37.26,127.03
2019.5.2 7:57,0.7,37.93,124.63
2019.5.3 0:52,1.1,37.95,124.64
2019.5.3 1:44,1.4,35.93,127.93
2019.5.3 2:39,1,35.75,129.58
2019.5.3 2:53,1.2,38.47,127.55
2019.5.3 6:11,1.6,36.12,127.39
2019.5.3 9:54,0.9,37.97,124.66
2019.5.3 12:08,1,35.76,129.19
2019.5.3 16:33,1.1,36.4,128.42
2019.5.4 5:43,2.4,37.42,124.56
2019.5.5 12:03,1.5,36.15,129.45
2019.5.5 16:57,2.1,36.55,129.54
2019.5.5 18:51,1.8,37.76,124.76
2019.5.5 18:54,1.8,37.77,124.75
2019.5.5 19:15,1,36.54,129.55
2019.5.6 11:28,0.9,37.97,124.64
2019.5.6 21:46,1.2,37.97,124.65
2019.5.7 0:56,1.2,35.74,129.18
2019.5.7 1:26,1.5,36.81,129.39
2019.5.7 2:08,1,37.36,127.7
2019.5.7 3:39,0.8,35.9,127.57
2019.5.7 6:08,0.9,37.96,124.64
2019.5.7 14:46,0.5,37.97,124.62
2019.5.8 1:55,0.7,37.96,124.64
2019.5.8 3:14,1.9,37.55,124.75
2019.5.8 4:46,0.8,35.76,129.19
2019.5.8 5:19,0.9,37.96,124.64
2019.5.8 22:59,0.8,37.19,129.06
2019.5.9 8:57,0.8,35.92,127.75
2019.5.9 19:42,0.5,37.97,124.64
2019.5.9 20:33,1.7,36.6,127.77
2019.5.10 1:33,0.8,35.18,128.73
2019.5.10 16:05,2,36.56,129.64
2019.5.12 1:10,0.8,35.75,129.41
2019.5.12 5:58,1.7,36.87,129.8
2019.5.12 12:57,0.5,36.71,128.05
2019.5.12 19:36,0.9,37.97,124.64
2019.5.12 21:33,1.6,39.1,126.52
2019.5.12 22:20,0.9,38.41,128.1
2019.5.13 4:07,1.9,33.65,127.24
2019.5.13 23:50,2.4,33.35,127.17
2019.5.14 7:44,0.7,35.99,127.85
2019.5.14 13:21,1.7,36.9,125.66
2019.5.14 17:28,1.7,34.98,127.39
2019.5.14 18:04,1.2,34.97,127.38
2019.5.14 21:40,0.8,34.98,127.38
2019.5.15 5:19,1.6,34.98,127.38
2019.5.15 21:29,1.7,36.9,125.68
2019.5.15 21:55,0.6,37.97,124.64
2019.5.15 22:23,1.1,35.91,127.8
2019.5.16 0:35,3.3,39.15,126.47
2019.5.16 1:14,1.9,39.1,126.5
2019.5.17 2:03,0.6,37.97,124.64
2019.5.17 5:38,1.4,36.14,127.18
2019.5.17 11:08,2.4,38.37,126.3
2019.5.17 17:21,1.2,35.92,129.65
2019.5.17 20:20,1.2,36.29,127.36
2019.5.18 5:02,1.2,34.99,127.38
2019.5.18 9:00,1.1,36.28,127.37
2019.5.18 12:49,1.4,36.66,127.79
2019.5.18 18:32,1.4,35.76,129.19
2019.5.18 23:07,0.9,35.91,129.6
2019.5.19 9:37,1.7,35.95,129.26
2019.5.20 4:57,0.9,36.12,129.38
2019.5.20 9:41,1.8,33.91,127.08
2019.5.21 17:35,1.9,36.94,124.5
2019.5.21 18:58,1.4,34.95,126.46
2019.5.21 23:48,0.7,36.29,127.89
2019.5.22 23:32,1.3,36.45,129.61
2019.5.22 23:35,1.7,36.45,129.61
2019.5.22 23:36,1,36.45,129.61
2019.5.23 0:45,0.9,36.72,126.95
2019.5.23 11:05,1,36.3,127.37
2019.5.23 19:02,0.9,36.29,127.37
2019.5.24 23:33,0.8,35.78,129.2
2019.5.25 1:38,0.9,34.98,127.38
2019.5.25 5:08,0.6,37.97,124.64
2019.5.25 7:41,1.7,36.9,125.65
2019.5.26 1:42,1.9,37.98,125.39
2019.5.26 16:51,1.9,38.69,127.17
2019.5.26 20:01,0.9,36.35,128.36
2019.5.26 22:16,1.2,35.78,129.58
2019.5.27 5:20,0.9,36.12,129.36
2019.5.28 4:35,1.1,38.67,127.16
2019.5.28 4:39,1.4,37.97,124.64
2019.5.28 13:45,1.7,36.45,129.6
2019.5.28 17:14,1.8,36.46,129.63
2019.5.29 2:38,1.5,34.7,127.76
2019.5.29 16:39,1.2,34.4,125.2
2019.5.30 5:31,1.2,35.81,129.25
2019.5.31 1:25,1.1,34.94,127.99
2019.5.31 16:38,1.3,37.96,124.65
2019.6.1 5:28,1,35.77,129.37
2019.6.1 18:31,0.9,36.52,129.64
2019.6.1 21:53,1.8,36.86,124.9
2019.6.2 0:27,0.4,36.16,127.73
2019.6.2 1:32,0.9,35.92,127.8
2019.6.2 7:26,0.7,35.9,129.13
2019.6.2 22:02,0.6,35.78,129.2
2019.6.2 22:32,1.4,37.96,124.67
2019.6.3 3:08,0.4,36.63,128.24
2019.6.3 5:30,0.7,37.19,129.07
2019.6.3 8:43,1.9,37.19,129.08
2019.6.3 15:22,1.2,36.16,128.14
2019.6.4 1:10,1.3,37.8,125.96
2019.6.4 9:39,1.2,36.42,127.21
2019.6.4 11:47,0.8,36.33,127.34
2019.6.4 23:34,0.6,36.59,128.87
2019.6.6 4:27,1.6,38.01,125.38
2019.6.6 7:41,1.7,36.7,129.88
2019.6.6 23:18,1.6,35.44,128.86
2019.6.7 3:01,1.7,35.44,128.86
2019.6.7 7:47,1.8,36.53,127.87
2019.6.7 14:34,1.8,35.81,126.88
2019.6.8 17:04,1.3,36.12,127.38
2019.6.8 21:37,1.2,35.77,129.2
2019.6.8 21:54,1.4,36.08,128.72
2019.6.9 6:29,0.8,37.96,124.65
2019.6.9 20:35,0.8,37.97,124.64
2019.6.9 22:38,1.3,36.8,128.48
2019.6.10 2:43,1.1,35.68,128.15
2019.6.10 19:31,1,37.97,124.64
2019.6.11 0:06,1.3,36.42,127.64
2019.6.11 3:16,1.5,33.05,126.34
2019.6.11 4:35,1.6,36.37,127.98
2019.6.11 22:20,0.7,35.76,129.19
2019.6.11 23:18,2.5,35.76,129.19
2019.6.12 2:42,1,38.17,128.66
2019.6.12 16:59,1.1,36.74,128.05
2019.6.12 17:17,1.4,38.22,124.95
2019.6.13 7:54,0.8,36.55,128.22
2019.6.13 8:50,0.7,36.1,129.35
2019.6.13 21:08,1.1,37.11,129
2019.6.13 21:22,1.5,35.44,128.85
2019.6.14 1:21,1.5,35.44,128.85
2019.6.14 3:20,1.8,33.7,126.97
2019.6.14 23:49,1.1,37.18,129.06
2019.6.15 1:31,0.8,35.71,129.17
2019.6.15 1:59,0.7,35.76,129.19
2019.6.15 4:51,1.3,36.46,128.36
2019.6.15 5:29,1.1,35.76,129.19
2019.6.15 5:56,1.3,36.54,129.56
2019.6.15 6:11,0.8,37.97,124.64
2019.6.15 9:06,1.6,35.76,129.19
2019.6.15 12:08,1.2,37.18,129.05
2019.6.15 18:01,1.6,35.91,128.39
2019.6.15 19:05,0.7,37.96,124.64
2019.6.15 19:46,1,37.97,124.65
2019.6.15 22:05,1,37.97,124.63
2019.6.15 22:07,2.2,35.71,126.36
2019.6.16 11:52,1.1,35.76,129.18
2019.6.16 19:25,1.6,36,126.59
2019.6.16 19:47,1.7,36.28,128.17
2019.6.16 20:01,1.3,35.76,129.19
2019.6.16 21:38,1.3,36.47,127.93
2019.6.17 1:59,1.4,36.34,129.98
2019.6.17 2:34,1.3,35.49,128.89
2019.6.17 6:49,1.7,36.54,129.7
2019.6.17 18:49,1.3,37.18,129.07
2019.6.18 17:32,0.5,36.04,128.15
2019.6.19 2:45,1.6,37.97,124.65
2019.6.19 5:57,0.9,37.97,124.64
2019.6.19 8:55,0.9,37.96,124.64
2019.6.19 8:56,0.7,37.97,124.64
2019.6.20 0:42,0.7,37.97,124.64
2019.6.20 5:19,1.4,37.05,124.88
2019.6.20 12:10,1.5,36.96,126.49
2019.6.20 12:54,0.5,37.96,124.64
2019.6.20 17:01,0.6,37.96,124.66
2019.6.20 17:47,0.9,36.55,129.57
2019.6.21 5:07,1.2,37.97,124.64
2019.6.21 13:20,2.5,38.81,125.68
2019.6.22 4:06,1.3,38.79,125.75
2019.6.22 5:43,2.7,38.81,125.71
2019.6.22 5:49,3.4,38.81,125.7
2019.6.22 5:53,1.9,38.8,125.71
2019.6.22 6:00,1.4,36.08,127.25
2019.6.22 22:15,1.2,38.76,125.72
2019.6.22 23:33,1,38.13,127.09
2019.6.23 5:26,3.4,38.81,125.7
2019.6.23 6:10,1.4,38.77,125.72
2019.6.23 7:03,1.1,36.42,127.21
2019.6.23 13:15,2.4,38.75,125.73
2019.6.23 15:53,0.9,36.6,128.25
2019.6.23 18:26,1.1,36.6,128.25
2019.6.23 18:41,2.4,36.69,128.41
2019.6.23 21:39,1.2,35.48,129.19
2019.6.24 4:14,0.8,35.77,129.18
2019.6.24 11:36,0.8,37.97,124.64
2019.6.24 22:17,1.1,35.7,126.38
2019.6.25 3:11,1.3,37.68,126.3
2019.6.25 6:04,0.9,36.53,127.99
2019.6.25 6:33,0.9,36.45,127.27
2019.6.26 2:03,1.3,35.77,127.4
2019.6.26 6:39,1.8,37.59,128.13
2019.6.26 12:30,1,36.43,127.2
2019.6.27 3:54,1.1,33.72,125.23
2019.6.27 15:19,3.9,38.8,125.69
2019.6.27 15:37,2.5,38.8,125.71
2019.6.27 15:39,2.3,38.77,125.71
2019.6.28 2:33,0.9,35.76,127.09
2019.6.28 9:18,1.9,35.46,125.3
2019.6.28 17:02,1.4,38.67,127.19
2019.6.28 18:08,0.5,35.8,127.88
2019.6.28 18:19,1.4,38.67,127.16
2019.6.28 19:37,1.3,36.39,128.31
2019.6.28 23:39,1.6,39.09,125.67
2019.6.29 1:43,1.4,36.32,128.23
2019.6.29 2:49,1.5,38.68,127.16
2019.6.29 7:39,1.9,37.93,124.38
2019.6.29 18:03,0.8,35.75,129.19
2019.6.30 3:18,1.4,38.76,125.72
2019.6.30 5:30,1.7,34.97,127.93
2019.6.30 16:52,1.7,36.54,129.66
2019.6.30 19:14,1.7,38.71,127.18
2019.7.2 0:16,1.4,35.76,129.19
2019.7.2 20:51,2.7,35.88,129.69
2019.7.2 22:06,1.1,34.5,126.97
2019.7.2 22:52,1.1,34.49,126.97
2019.7.3 3:41,0.6,36.39,128.76
2019.7.3 5:59,1.9,39.34,124.74
2019.7.4 0:55,0.7,35.75,126.64
2019.7.4 1:17,1.2,35.79,129.36
2019.7.4 3:41,0.9,37.19,126.29
2019.7.4 11:04,1.1,36.2,126.19
2019.7.4 19:28,1,37.21,127.8
2019.7.5 4:24,1.4,36.27,127.18
2019.7.5 14:50,1.9,36.48,127.15
2019.7.5 20:07,0.9,35.76,129.2
2019.7.5 23:47,1.5,33.78,127.29
2019.7.6 1:04,1.4,37.46,124.55
2019.7.6 14:40,1.4,36.63,127.12
2019.7.6 14:50,1.7,35.76,129.18
2019.7.6 15:29,1.9,36.51,125.51
2019.7.7 18:21,1.7,36.01,127.07
2019.7.8 14:04,2.3,37.91,129.57
2019.7.8 17:57,1.8,35.9,129.72
2019.7.8 22:36,1.6,37.86,129.51
2019.7.9 3:27,1.7,35.75,129.17
2019.7.9 22:18,1.6,35.08,128.38
2019.7.9 23:26,1.3,35.76,129.19
2019.7.9 23:53,1.4,37.48,129.14
2019.7.10 1:55,2.1,38.7,125.73
2019.7.10 21:19,1.9,38.79,125.72
2019.7.11 3:33,1.7,38.65,127.16
2019.7.11 4:37,1.9,38.74,125.72
2019.7.11 19:59,1.9,37.97,124.64
2019.7.11 20:59,1.6,38.68,127.18
2019.7.12 18:07,1.4,38.81,127.38
2019.7.12 20:07,1.5,35.76,129.18
2019.7.13 20:33,1.3,37.18,129.08
2019.7.13 20:55,1.1,36.89,126.43
2019.7.14 11:21,1.5,35.76,129.19
2019.7.14 15:51,1.5,35.79,129.21
2019.7.14 19:29,1.6,38.69,127.15
2019.7.14 22:49,0.8,37.48,127.32
2019.7.15 4:17,1.6,36.54,129.65
2019.7.16 2:48,1.1,37.19,129.07
2019.7.16 18:18,1.1,37.97,124.64
2019.7.17 3:21,0.9,37.48,127.33
2019.7.17 5:08,0.8,36.39,127.1
2019.7.17 7:08,1.3,35.26,128.66
2019.7.17 19:02,1.2,37.14,126.9
2019.7.17 22:54,0.7,38.38,128.56
2019.7.17 23:02,0.8,35.74,129.4
2019.7.18 13:08,1.3,36.24,128.65
2019.7.18 18:31,1,36.96,126.02
2019.7.19 0:00,1.5,36.79,127.15
2019.7.19 21:04,1.7,37.87,129.54
2019.7.20 0:38,2,36.33,128.08
2019.7.20 2:06,1.7,36.6,129.07
2019.7.20 13:15,1.9,37.14,126.9
2019.7.20 17:22,1.9,37.43,124.42
2019.7.21 7:21,1.7,37.97,124.64
2019.7.21 11:04,3.9,36.5,128.1
2019.7.21 11:10,1.5,36.5,128.1
2019.7.22 1:15,2,35.82,125.56
2019.7.22 11:01,1.9,36.5,128.1
2019.7.22 22:42,1.4,36.19,129.69
2019.7.24 8:28,0.7,37.97,124.64
2019.7.24 19:39,1.1,36.5,128.1
2019.7.25 1:21,1.3,36.16,128.84
2019.7.25 1:46,2.7,37.37,129.85
2019.7.25 2:06,1.6,38.76,125.72
2019.7.26 4:56,0.9,35.94,128.89
2019.7.27 7:52,0.9,37.97,124.64
2019.7.27 22:31,1.4,35.91,128.66
2019.7.27 22:32,1.3,35.91,128.67
2019.7.28 0:19,1.1,35.91,128.66
2019.7.29 1:31,1.8,38.26,129.61
2019.7.29 12:46,0.9,37.95,124.63
2019.7.30 3:38,1.3,36.4,127.71
2019.7.30 5:45,2.1,35,128.3
2019.7.30 12:52,1.2,36.8,128.17
2019.7.30 23:42,1.6,36.38,127.27
2019.8.1 5:09,1,36.26,127.78
2019.8.1 8:53,1.2,35.94,128.4
2019.8.1 9:17,1.1,35.94,128.39
2019.8.2 1:11,0.8,37.61,129.56
2019.8.2 1:38,1.1,36.02,127.49
2019.8.2 3:11,1.4,38.76,125.72
2019.8.2 13:47,1.3,37.17,129.57
2019.8.2 13:49,1.2,37.17,129.56
2019.8.3 1:00,1,36.96,127.61
2019.8.4 1:22,1,35.61,126.66
2019.8.4 2:07,1.2,35.71,129.34
2019.8.4 16:26,0.9,36.11,126.39
2019.8.4 17:16,1.3,35.72,129.35
2019.8.4 17:16,0.8,37.97,124.64
2019.8.5 0:58,1.6,39.44,126.34
2019.8.5 13:15,0.9,38.12,128.71
2019.8.5 16:47,1.2,36.79,127.15
2019.8.5 22:38,1.1,36.47,128.26
2019.8.5 23:45,1.3,35.89,127.33
2019.8.7 2:07,1.1,38.31,127.5
2019.8.7 2:34,1.2,37.19,129.06
2019.8.7 13:09,0.9,36.13,129.37
2019.8.7 18:37,1.3,36.23,127.67
2019.8.7 21:39,1.8,38.76,125.71
2019.8.8 4:42,1.4,36.97,124.98
2019.8.8 7:32,1.9,37.86,129.52
2019.8.8 14:20,1.1,36.23,127.35
2019.8.9 17:00,1.5,35.52,126.27
2019.8.9 19:30,2.2,39.32,124.65
2019.8.10 1:57,1.6,35.41,127.18
2019.8.10 21:31,1.7,35.8,128.36
2019.8.10 22:45,2.3,33.78,126.92
2019.8.11 18:19,2.1,37.97,124.63
2019.8.12 19:09,1.3,36.63,127.65
2019.8.14 0:45,1,37.19,129.08
2019.8.14 4:14,1.4,38.05,125.43
2019.8.15 16:25,1.4,36.23,127.34
2019.8.16 7:57,1.3,37.96,124.64
2019.8.16 16:50,1.8,38.69,127.17
2019.8.16 16:56,1.7,38.68,127.17
2019.8.16 17:05,1.8,38.66,127.16
2019.8.16 17:14,1.5,38.65,127.18
2019.8.17 1:22,1.4,35.92,126.66
2019.8.17 2:16,1.9,33.71,128.2
2019.8.17 4:07,1.6,35.74,129.41
2019.8.17 16:52,1.1,37.96,124.63
2019.8.17 17:14,0.9,37.97,124.64
2019.8.18 1:24,1.3,36.41,126.6
2019.8.18 3:24,1.5,35.34,128.69
2019.8.18 15:38,1.4,36.54,129.63
2019.8.18 15:48,1.5,36.54,129.63
2019.8.18 18:06,1.3,36.53,129.65
2019.8.19 0:22,1.2,36.53,129.63
2019.8.19 0:44,0.9,36.46,126.73